Using pre-set license
Built from '2022.3/staging' branch; Version is '2022.3.24f1 (334eb2a0b267) revision 3362482'; Using compiler version '192829333'; Build Type 'Release'
OS: 'Windows 11  (10.0.26100) 64bit CoreSingleLanguage' Language: 'en' Physical Memory: 16104 MB
BatchMode: 1, IsHumanControllingUs: 0, StartBugReporterOnCrash: 0, Is64bit: 1, IsPro: 1

COMMAND LINE ARGUMENTS:
C:\Program Files\Unity\Hub\Editor\2022.3.24f1\Editor\Unity.exe
-adb2
-batchMode
-noUpm
-name
AssetImportWorker0
-projectPath
C:/NYP/Work File/SpecProj/SpecProj
-logFile
Logs/AssetImportWorker0.log
-srvPort
53874
Successfully changed project path to: C:/NYP/Work File/SpecProj/SpecProj
C:/NYP/Work File/SpecProj/SpecProj
[UnityMemory] Configuration Parameters - Can be set up in boot.config
    "memorysetup-bucket-allocator-granularity=16"
    "memorysetup-bucket-allocator-bucket-count=8"
    "memorysetup-bucket-allocator-block-size=33554432"
    "memorysetup-bucket-allocator-block-count=8"
    "memorysetup-main-allocator-block-size=16777216"
    "memorysetup-thread-allocator-block-size=16777216"
    "memorysetup-gfx-main-allocator-block-size=16777216"
    "memorysetup-gfx-thread-allocator-block-size=16777216"
    "memorysetup-cache-allocator-block-size=4194304"
    "memorysetup-typetree-allocator-block-size=2097152"
    "memorysetup-profiler-bucket-allocator-granularity=16"
    "memorysetup-profiler-bucket-allocator-bucket-count=8"
    "memorysetup-profiler-bucket-allocator-block-size=33554432"
    "memorysetup-profiler-bucket-allocator-block-count=8"
    "memorysetup-profiler-allocator-block-size=16777216"
    "memorysetup-profiler-editor-allocator-block-size=1048576"
    "memorysetup-temp-allocator-size-main=16777216"
    "memorysetup-job-temp-allocator-block-size=2097152"
    "memorysetup-job-temp-allocator-block-size-background=1048576"
    "memorysetup-job-temp-allocator-reduction-small-platforms=262144"
    "memorysetup-allocator-temp-initial-block-size-main=262144"
    "memorysetup-allocator-temp-initial-block-size-worker=262144"
    "memorysetup-temp-allocator-size-background-worker=32768"
    "memorysetup-temp-allocator-size-job-worker=262144"
    "memorysetup-temp-allocator-size-preload-manager=33554432"
    "memorysetup-temp-allocator-size-nav-mesh-worker=65536"
    "memorysetup-temp-allocator-size-audio-worker=65536"
    "memorysetup-temp-allocator-size-cloud-worker=32768"
    "memorysetup-temp-allocator-size-gi-baking-worker=262144"
    "memorysetup-temp-allocator-size-gfx=262144"
Player connection [30708] Host "[IP] 192.168.0.22 [Port] 0 [Flags] 2 [Guid] 1493355570 [EditorId] 1493355570 [Version] 1048832 [Id] WindowsEditor(7,DESKTOP-ABQUSBQ) [Debug] 1 [PackageName] WindowsEditor [ProjectName] Editor" joined multi-casting on [225.0.0.222:54997]...

Player connection [30708] Host "[IP] 192.168.0.22 [Port] 0 [Flags] 2 [Guid] 1493355570 [EditorId] 1493355570 [Version] 1048832 [Id] WindowsEditor(7,DESKTOP-ABQUSBQ) [Debug] 1 [PackageName] WindowsEditor [ProjectName] Editor" joined alternative multi-casting on [225.0.0.222:34997]...

[Physics::Module] Initialized MultithreadedJobDispatcher with 15 workers.
Refreshing native plugins compatible for Editor in 18.63 ms, found 3 plugins.
Preloading 0 native plugins for Editor in 0.00 ms.
Initialize engine version: 2022.3.24f1 (334eb2a0b267)
[Subsystems] Discovering subsystems at path C:/Program Files/Unity/Hub/Editor/2022.3.24f1/Editor/Data/Resources/UnitySubsystems
[Subsystems] Discovering subsystems at path C:/NYP/Work File/SpecProj/SpecProj/Assets
GfxDevice: creating device client; threaded=0; jobified=0
Direct3D:
    Version:  Direct3D 11.0 [level 11.1]
    Renderer: NVIDIA GeForce RTX 4060 Laptop GPU (ID=0x28a0)
    Vendor:   NVIDIA
    VRAM:     7957 MB
    Driver:   32.0.15.7602
Initialize mono
Mono path[0] = 'C:/Program Files/Unity/Hub/Editor/2022.3.24f1/Editor/Data/Managed'
Mono path[1] = 'C:/Program Files/Unity/Hub/Editor/2022.3.24f1/Editor/Data/MonoBleedingEdge/lib/mono/unityjit-win32'
Mono config path = 'C:/Program Files/Unity/Hub/Editor/2022.3.24f1/Editor/Data/MonoBleedingEdge/etc'
Using monoOptions --debugger-agent=transport=dt_socket,embedding=1,server=y,suspend=n,address=127.0.0.1:56312
Begin MonoManager ReloadAssembly
Registering precompiled unity dll's ...
Register platform support module: C:/Program Files/Unity/Hub/Editor/2022.3.24f1/Editor/Data/PlaybackEngines/WebGLSupport/UnityEditor.WebGL.Extensions.dll
Register platform support module: C:/Program Files/Unity/Hub/Editor/2022.3.24f1/Editor/Data/PlaybackEngines/AndroidPlayer/UnityEditor.Android.Extensions.dll
Register platform support module: C:/Program Files/Unity/Hub/Editor/2022.3.24f1/Editor/Data/PlaybackEngines/WindowsStandaloneSupport/UnityEditor.WindowsStandalone.Extensions.dll
Registered in 0.009850 seconds.
- Loaded All Assemblies, in  0.577 seconds
Native extension for WindowsStandalone target not found
Native extension for Android target not found
Android Extension - Scanning For ADB Devices 364 ms
Native extension for WebGL target not found
Mono: successfully reloaded assembly
- Finished resetting the current domain, in  0.815 seconds
Domain Reload Profiling: 1392ms
	BeginReloadAssembly (182ms)
		ExecutionOrderSort (0ms)
		DisableScriptedObjects (0ms)
		BackupInstance (0ms)
		ReleaseScriptingObjects (0ms)
		CreateAndSetChildDomain (1ms)
	RebuildCommonClasses (54ms)
	RebuildNativeTypeToScriptingClass (13ms)
	initialDomainReloadingComplete (79ms)
	LoadAllAssembliesAndSetupDomain (249ms)
		LoadAssemblies (178ms)
		RebuildTransferFunctionScriptingTraits (0ms)
		AnalyzeDomain (246ms)
			TypeCache.Refresh (243ms)
				TypeCache.ScanAssembly (226ms)
			ScanForSourceGeneratedMonoScriptInfo (0ms)
			ResolveRequiredComponents (1ms)
	FinalizeReload (816ms)
		ReleaseScriptCaches (0ms)
		RebuildScriptCaches (0ms)
		SetupLoadedEditorAssemblies (736ms)
			LogAssemblyErrors (0ms)
			InitializePlatformSupportModulesInManaged (520ms)
			SetLoadedEditorAssemblies (5ms)
			RefreshPlugins (0ms)
			BeforeProcessingInitializeOnLoad (3ms)
			ProcessInitializeOnLoadAttributes (149ms)
			ProcessInitializeOnLoadMethodAttributes (59ms)
			AfterProcessingInitializeOnLoad (0ms)
			EditorAssembliesLoaded (0ms)
		ExecutionOrderSort2 (0ms)
		AwakeInstancesAfterBackupRestoration (0ms)
========================================================================
Worker process is ready to serve import requests
Begin MonoManager ReloadAssembly
- Loaded All Assemblies, in  1.087 seconds
Refreshing native plugins compatible for Editor in 8.97 ms, found 3 plugins.
Native extension for WindowsStandalone target not found
Native extension for Android target not found
Native extension for WebGL target not found
Mono: successfully reloaded assembly
- Finished resetting the current domain, in  2.771 seconds
Domain Reload Profiling: 3857ms
	BeginReloadAssembly (186ms)
		ExecutionOrderSort (0ms)
		DisableScriptedObjects (7ms)
		BackupInstance (0ms)
		ReleaseScriptingObjects (0ms)
		CreateAndSetChildDomain (26ms)
	RebuildCommonClasses (39ms)
	RebuildNativeTypeToScriptingClass (12ms)
	initialDomainReloadingComplete (61ms)
	LoadAllAssembliesAndSetupDomain (786ms)
		LoadAssemblies (468ms)
		RebuildTransferFunctionScriptingTraits (0ms)
		AnalyzeDomain (426ms)
			TypeCache.Refresh (339ms)
				TypeCache.ScanAssembly (316ms)
			ScanForSourceGeneratedMonoScriptInfo (52ms)
			ResolveRequiredComponents (31ms)
	FinalizeReload (2773ms)
		ReleaseScriptCaches (0ms)
		RebuildScriptCaches (0ms)
		SetupLoadedEditorAssemblies (2095ms)
			LogAssemblyErrors (2ms)
			InitializePlatformSupportModulesInManaged (57ms)
			SetLoadedEditorAssemblies (10ms)
			RefreshPlugins (0ms)
			BeforeProcessingInitializeOnLoad (184ms)
			ProcessInitializeOnLoadAttributes (1523ms)
			ProcessInitializeOnLoadMethodAttributes (217ms)
			AfterProcessingInitializeOnLoad (102ms)
			EditorAssembliesLoaded (0ms)
		ExecutionOrderSort2 (0ms)
		AwakeInstancesAfterBackupRestoration (47ms)
Launched and connected shader compiler UnityShaderCompiler.exe after 0.23 seconds
Refreshing native plugins compatible for Editor in 13.06 ms, found 3 plugins.
Preloading 0 native plugins for Editor in 0.00 ms.
Unloading 6093 Unused Serialized files (Serialized files now loaded: 0)
Unloading 92 unused Assets / (485.2 KB). Loaded Objects now: 6554.
Memory consumption went from 242.0 MB to 241.5 MB.
Total: 8.348500 ms (FindLiveObjects: 0.840400 ms CreateObjectMapping: 1.052900 ms MarkObjects: 5.970500 ms  DeleteObjects: 0.482300 ms)

AssetImportParameters requested are different than current active one (requested -> active):
  custom:container-demuxer-ogg: 62fdf1f143b41e24485cea50d1cbac27 -> 
  custom:video-codec-MediaFoundation-h265: 746d11721c4dcdbdad8f713fa42b33f4 -> 
  custom:video-decoder-ogg-theora: a1e56fd34408186e4bbccfd4996cb3dc -> 
  custom:framework-win-MediaFoundation: 216162199b28c13a410421893ffa2e32 -> 
  custom:CustomObjectIndexerAttribute: 72b91833f83ae208fae7752999fa3104 -> 
  custom:container-demuxer-webm: 4f35f7cbe854078d1ac9338744f61a02 -> 
  custom:container-muxer-webm: aa71ff27fc2769a1b78a27578f13a17b -> 
  custom:video-decoder-webm-vp8: 9c59270c3fd7afecdb556c50c9e8de78 -> 
  custom:SearchIndexIgnoredProperties: e643bd26f0fe6173181afceb89e7c659 -> 
  custom:AudioImporter_EditorPlatform: d09bf68614088b80899f8185d706f6e7 -> 
  custom:video-encoder-webm-vp8: eb34c28f22e8b96e1ab97ce403110664 -> 
  custom:audio-decoder-ogg-vorbis: bf7c407c2cedff20999df2af8eb42d56 -> 
  custom:audio-encoder-webm-vorbis: bf7c407c2cedff20999df2af8eb42d56 -> 
========================================================================
Received Prepare
Begin MonoManager ReloadAssembly
- Loaded All Assemblies, in  1.596 seconds
Refreshing native plugins compatible for Editor in 10.24 ms, found 3 plugins.
Native extension for WindowsStandalone target not found
Native extension for Android target not found
Native extension for WebGL target not found
Mono: successfully reloaded assembly
- Finished resetting the current domain, in  4.109 seconds
Domain Reload Profiling: 5684ms
	BeginReloadAssembly (359ms)
		ExecutionOrderSort (0ms)
		DisableScriptedObjects (9ms)
		BackupInstance (0ms)
		ReleaseScriptingObjects (0ms)
		CreateAndSetChildDomain (75ms)
	RebuildCommonClasses (79ms)
	RebuildNativeTypeToScriptingClass (67ms)
	initialDomainReloadingComplete (158ms)
	LoadAllAssembliesAndSetupDomain (911ms)
		LoadAssemblies (983ms)
		RebuildTransferFunctionScriptingTraits (0ms)
		AnalyzeDomain (131ms)
			TypeCache.Refresh (23ms)
				TypeCache.ScanAssembly (1ms)
			ScanForSourceGeneratedMonoScriptInfo (71ms)
			ResolveRequiredComponents (33ms)
	FinalizeReload (4110ms)
		ReleaseScriptCaches (0ms)
		RebuildScriptCaches (0ms)
		SetupLoadedEditorAssemblies (1501ms)
			LogAssemblyErrors (0ms)
			InitializePlatformSupportModulesInManaged (52ms)
			SetLoadedEditorAssemblies (10ms)
			RefreshPlugins (0ms)
			BeforeProcessingInitializeOnLoad (174ms)
			ProcessInitializeOnLoadAttributes (1065ms)
			ProcessInitializeOnLoadMethodAttributes (174ms)
			AfterProcessingInitializeOnLoad (24ms)
			EditorAssembliesLoaded (1ms)
		ExecutionOrderSort2 (0ms)
		AwakeInstancesAfterBackupRestoration (32ms)
Refreshing native plugins compatible for Editor in 10.29 ms, found 3 plugins.
Preloading 0 native plugins for Editor in 0.00 ms.
Unloading 5913 Unused Serialized files (Serialized files now loaded: 0)
Unloading 46 unused Assets / (457.0 KB). Loaded Objects now: 6570.
Memory consumption went from 210.4 MB to 210.0 MB.
Total: 8.608900 ms (FindLiveObjects: 0.991000 ms CreateObjectMapping: 0.626200 ms MarkObjects: 6.646800 ms  DeleteObjects: 0.343000 ms)

Prepare: number of updated asset objects reloaded= 0
AssetImportParameters requested are different than current active one (requested -> active):
  custom:container-demuxer-ogg: 62fdf1f143b41e24485cea50d1cbac27 -> 
  custom:video-codec-MediaFoundation-h265: 746d11721c4dcdbdad8f713fa42b33f4 -> 
  custom:video-decoder-ogg-theora: a1e56fd34408186e4bbccfd4996cb3dc -> 
  custom:framework-win-MediaFoundation: 216162199b28c13a410421893ffa2e32 -> 
  custom:CustomObjectIndexerAttribute: 72b91833f83ae208fae7752999fa3104 -> 
  custom:container-demuxer-webm: 4f35f7cbe854078d1ac9338744f61a02 -> 
  custom:container-muxer-webm: aa71ff27fc2769a1b78a27578f13a17b -> 
  custom:video-decoder-webm-vp8: 9c59270c3fd7afecdb556c50c9e8de78 -> 
  custom:SearchIndexIgnoredProperties: e643bd26f0fe6173181afceb89e7c659 -> 
  custom:AudioImporter_EditorPlatform: d09bf68614088b80899f8185d706f6e7 -> 
  custom:video-encoder-webm-vp8: eb34c28f22e8b96e1ab97ce403110664 -> 
  custom:audio-decoder-ogg-vorbis: bf7c407c2cedff20999df2af8eb42d56 -> 
  custom:audio-encoder-webm-vorbis: bf7c407c2cedff20999df2af8eb42d56 -> 
========================================================================
Received Prepare
Begin MonoManager ReloadAssembly
- Loaded All Assemblies, in  0.656 seconds
Refreshing native plugins compatible for Editor in 4.73 ms, found 3 plugins.
Native extension for WindowsStandalone target not found
Native extension for Android target not found
Native extension for WebGL target not found
Mono: successfully reloaded assembly
- Finished resetting the current domain, in  1.581 seconds
Domain Reload Profiling: 2234ms
	BeginReloadAssembly (208ms)
		ExecutionOrderSort (0ms)
		DisableScriptedObjects (6ms)
		BackupInstance (0ms)
		ReleaseScriptingObjects (0ms)
		CreateAndSetChildDomain (55ms)
	RebuildCommonClasses (39ms)
	RebuildNativeTypeToScriptingClass (13ms)
	initialDomainReloadingComplete (35ms)
	LoadAllAssembliesAndSetupDomain (356ms)
		LoadAssemblies (394ms)
		RebuildTransferFunctionScriptingTraits (0ms)
		AnalyzeDomain (66ms)
			TypeCache.Refresh (14ms)
				TypeCache.ScanAssembly (0ms)
			ScanForSourceGeneratedMonoScriptInfo (33ms)
			ResolveRequiredComponents (15ms)
	FinalizeReload (1582ms)
		ReleaseScriptCaches (0ms)
		RebuildScriptCaches (0ms)
		SetupLoadedEditorAssemblies (711ms)
			LogAssemblyErrors (0ms)
			InitializePlatformSupportModulesInManaged (31ms)
			SetLoadedEditorAssemblies (7ms)
			RefreshPlugins (0ms)
			BeforeProcessingInitializeOnLoad (106ms)
			ProcessInitializeOnLoadAttributes (477ms)
			ProcessInitializeOnLoadMethodAttributes (83ms)
			AfterProcessingInitializeOnLoad (7ms)
			EditorAssembliesLoaded (0ms)
		ExecutionOrderSort2 (0ms)
		AwakeInstancesAfterBackupRestoration (14ms)
Refreshing native plugins compatible for Editor in 7.46 ms, found 3 plugins.
Preloading 0 native plugins for Editor in 0.00 ms.
Unloading 5913 Unused Serialized files (Serialized files now loaded: 0)
Unloading 46 unused Assets / (433.0 KB). Loaded Objects now: 6586.
Memory consumption went from 212.3 MB to 211.9 MB.
Total: 6.653500 ms (FindLiveObjects: 0.593900 ms CreateObjectMapping: 0.485600 ms MarkObjects: 5.143100 ms  DeleteObjects: 0.428400 ms)

Prepare: number of updated asset objects reloaded= 0
AssetImportParameters requested are different than current active one (requested -> active):
  custom:container-demuxer-ogg: 62fdf1f143b41e24485cea50d1cbac27 -> 
  custom:video-codec-MediaFoundation-h265: 746d11721c4dcdbdad8f713fa42b33f4 -> 
  custom:video-decoder-ogg-theora: a1e56fd34408186e4bbccfd4996cb3dc -> 
  custom:framework-win-MediaFoundation: 216162199b28c13a410421893ffa2e32 -> 
  custom:CustomObjectIndexerAttribute: 72b91833f83ae208fae7752999fa3104 -> 
  custom:container-demuxer-webm: 4f35f7cbe854078d1ac9338744f61a02 -> 
  custom:container-muxer-webm: aa71ff27fc2769a1b78a27578f13a17b -> 
  custom:video-decoder-webm-vp8: 9c59270c3fd7afecdb556c50c9e8de78 -> 
  custom:SearchIndexIgnoredProperties: e643bd26f0fe6173181afceb89e7c659 -> 
  custom:AudioImporter_EditorPlatform: d09bf68614088b80899f8185d706f6e7 -> 
  custom:video-encoder-webm-vp8: eb34c28f22e8b96e1ab97ce403110664 -> 
  custom:audio-decoder-ogg-vorbis: bf7c407c2cedff20999df2af8eb42d56 -> 
  custom:audio-encoder-webm-vorbis: bf7c407c2cedff20999df2af8eb42d56 -> 
========================================================================
Received Prepare
Begin MonoManager ReloadAssembly
- Loaded All Assemblies, in  1.071 seconds
Refreshing native plugins compatible for Editor in 9.09 ms, found 3 plugins.
Native extension for WindowsStandalone target not found
Native extension for Android target not found
Native extension for WebGL target not found
Mono: successfully reloaded assembly
- Finished resetting the current domain, in  3.731 seconds
Domain Reload Profiling: 4796ms
	BeginReloadAssembly (310ms)
		ExecutionOrderSort (0ms)
		DisableScriptedObjects (10ms)
		BackupInstance (0ms)
		ReleaseScriptingObjects (0ms)
		CreateAndSetChildDomain (71ms)
	RebuildCommonClasses (65ms)
	RebuildNativeTypeToScriptingClass (26ms)
	initialDomainReloadingComplete (74ms)
	LoadAllAssembliesAndSetupDomain (590ms)
		LoadAssemblies (650ms)
		RebuildTransferFunctionScriptingTraits (0ms)
		AnalyzeDomain (96ms)
			TypeCache.Refresh (19ms)
				TypeCache.ScanAssembly (1ms)
			ScanForSourceGeneratedMonoScriptInfo (48ms)
			ResolveRequiredComponents (24ms)
	FinalizeReload (3732ms)
		ReleaseScriptCaches (0ms)
		RebuildScriptCaches (0ms)
		SetupLoadedEditorAssemblies (1390ms)
			LogAssemblyErrors (0ms)
			InitializePlatformSupportModulesInManaged (76ms)
			SetLoadedEditorAssemblies (11ms)
			RefreshPlugins (0ms)
			BeforeProcessingInitializeOnLoad (188ms)
			ProcessInitializeOnLoadAttributes (949ms)
			ProcessInitializeOnLoadMethodAttributes (140ms)
			AfterProcessingInitializeOnLoad (25ms)
			EditorAssembliesLoaded (1ms)
		ExecutionOrderSort2 (0ms)
		AwakeInstancesAfterBackupRestoration (25ms)
Refreshing native plugins compatible for Editor in 13.97 ms, found 3 plugins.
Preloading 0 native plugins for Editor in 0.00 ms.
Unloading 5913 Unused Serialized files (Serialized files now loaded: 0)
Unloading 46 unused Assets / (457.0 KB). Loaded Objects now: 6602.
Memory consumption went from 214.3 MB to 213.9 MB.
Total: 7.143800 ms (FindLiveObjects: 0.762000 ms CreateObjectMapping: 0.580200 ms MarkObjects: 5.452000 ms  DeleteObjects: 0.347600 ms)

Prepare: number of updated asset objects reloaded= 0
AssetImportParameters requested are different than current active one (requested -> active):
  custom:container-demuxer-ogg: 62fdf1f143b41e24485cea50d1cbac27 -> 
  custom:video-codec-MediaFoundation-h265: 746d11721c4dcdbdad8f713fa42b33f4 -> 
  custom:video-decoder-ogg-theora: a1e56fd34408186e4bbccfd4996cb3dc -> 
  custom:framework-win-MediaFoundation: 216162199b28c13a410421893ffa2e32 -> 
  custom:CustomObjectIndexerAttribute: 72b91833f83ae208fae7752999fa3104 -> 
  custom:container-demuxer-webm: 4f35f7cbe854078d1ac9338744f61a02 -> 
  custom:container-muxer-webm: aa71ff27fc2769a1b78a27578f13a17b -> 
  custom:video-decoder-webm-vp8: 9c59270c3fd7afecdb556c50c9e8de78 -> 
  custom:SearchIndexIgnoredProperties: e643bd26f0fe6173181afceb89e7c659 -> 
  custom:AudioImporter_EditorPlatform: d09bf68614088b80899f8185d706f6e7 -> 
  custom:video-encoder-webm-vp8: eb34c28f22e8b96e1ab97ce403110664 -> 
  custom:audio-decoder-ogg-vorbis: bf7c407c2cedff20999df2af8eb42d56 -> 
  custom:audio-encoder-webm-vorbis: bf7c407c2cedff20999df2af8eb42d56 -> 
========================================================================
Received Prepare
Begin MonoManager ReloadAssembly
- Loaded All Assemblies, in  1.150 seconds
Refreshing native plugins compatible for Editor in 16.38 ms, found 3 plugins.
Native extension for WindowsStandalone target not found
Native extension for Android target not found
Native extension for WebGL target not found
Mono: successfully reloaded assembly
- Finished resetting the current domain, in  3.322 seconds
Domain Reload Profiling: 4461ms
	BeginReloadAssembly (341ms)
		ExecutionOrderSort (0ms)
		DisableScriptedObjects (8ms)
		BackupInstance (0ms)
		ReleaseScriptingObjects (0ms)
		CreateAndSetChildDomain (75ms)
	RebuildCommonClasses (61ms)
	RebuildNativeTypeToScriptingClass (29ms)
	initialDomainReloadingComplete (71ms)
	LoadAllAssembliesAndSetupDomain (637ms)
		LoadAssemblies (719ms)
		RebuildTransferFunctionScriptingTraits (0ms)
		AnalyzeDomain (103ms)
			TypeCache.Refresh (20ms)
				TypeCache.ScanAssembly (1ms)
			ScanForSourceGeneratedMonoScriptInfo (50ms)
			ResolveRequiredComponents (25ms)
	FinalizeReload (3324ms)
		ReleaseScriptCaches (0ms)
		RebuildScriptCaches (0ms)
		SetupLoadedEditorAssemblies (1413ms)
			LogAssemblyErrors (0ms)
			InitializePlatformSupportModulesInManaged (60ms)
			SetLoadedEditorAssemblies (13ms)
			RefreshPlugins (0ms)
			BeforeProcessingInitializeOnLoad (200ms)
			ProcessInitializeOnLoadAttributes (981ms)
			ProcessInitializeOnLoadMethodAttributes (143ms)
			AfterProcessingInitializeOnLoad (15ms)
			EditorAssembliesLoaded (1ms)
		ExecutionOrderSort2 (0ms)
		AwakeInstancesAfterBackupRestoration (26ms)
Refreshing native plugins compatible for Editor in 10.05 ms, found 3 plugins.
Preloading 0 native plugins for Editor in 0.00 ms.
Unloading 5913 Unused Serialized files (Serialized files now loaded: 0)
Unloading 46 unused Assets / (457.2 KB). Loaded Objects now: 6618.
Memory consumption went from 216.3 MB to 215.8 MB.
Total: 8.249100 ms (FindLiveObjects: 0.806600 ms CreateObjectMapping: 0.605700 ms MarkObjects: 6.427000 ms  DeleteObjects: 0.408300 ms)

Prepare: number of updated asset objects reloaded= 0
AssetImportParameters requested are different than current active one (requested -> active):
  custom:container-demuxer-ogg: 62fdf1f143b41e24485cea50d1cbac27 -> 
  custom:video-codec-MediaFoundation-h265: 746d11721c4dcdbdad8f713fa42b33f4 -> 
  custom:video-decoder-ogg-theora: a1e56fd34408186e4bbccfd4996cb3dc -> 
  custom:framework-win-MediaFoundation: 216162199b28c13a410421893ffa2e32 -> 
  custom:CustomObjectIndexerAttribute: 72b91833f83ae208fae7752999fa3104 -> 
  custom:container-demuxer-webm: 4f35f7cbe854078d1ac9338744f61a02 -> 
  custom:container-muxer-webm: aa71ff27fc2769a1b78a27578f13a17b -> 
  custom:video-decoder-webm-vp8: 9c59270c3fd7afecdb556c50c9e8de78 -> 
  custom:SearchIndexIgnoredProperties: e643bd26f0fe6173181afceb89e7c659 -> 
  custom:AudioImporter_EditorPlatform: d09bf68614088b80899f8185d706f6e7 -> 
  custom:video-encoder-webm-vp8: eb34c28f22e8b96e1ab97ce403110664 -> 
  custom:audio-decoder-ogg-vorbis: bf7c407c2cedff20999df2af8eb42d56 -> 
  custom:audio-encoder-webm-vorbis: bf7c407c2cedff20999df2af8eb42d56 -> 
========================================================================
Received Prepare
Begin MonoManager ReloadAssembly
- Loaded All Assemblies, in  1.263 seconds
Refreshing native plugins compatible for Editor in 9.08 ms, found 3 plugins.
Native extension for WindowsStandalone target not found
Native extension for Android target not found
Native extension for WebGL target not found
Mono: successfully reloaded assembly
- Finished resetting the current domain, in  2.969 seconds
Domain Reload Profiling: 4223ms
	BeginReloadAssembly (361ms)
		ExecutionOrderSort (0ms)
		DisableScriptedObjects (12ms)
		BackupInstance (0ms)
		ReleaseScriptingObjects (0ms)
		CreateAndSetChildDomain (68ms)
	RebuildCommonClasses (81ms)
	RebuildNativeTypeToScriptingClass (24ms)
	initialDomainReloadingComplete (68ms)
	LoadAllAssembliesAndSetupDomain (719ms)
		LoadAssemblies (835ms)
		RebuildTransferFunctionScriptingTraits (0ms)
		AnalyzeDomain (100ms)
			TypeCache.Refresh (19ms)
				TypeCache.ScanAssembly (1ms)
			ScanForSourceGeneratedMonoScriptInfo (52ms)
			ResolveRequiredComponents (25ms)
	FinalizeReload (2969ms)
		ReleaseScriptCaches (0ms)
		RebuildScriptCaches (0ms)
		SetupLoadedEditorAssemblies (1278ms)
			LogAssemblyErrors (0ms)
			InitializePlatformSupportModulesInManaged (71ms)
			SetLoadedEditorAssemblies (17ms)
			RefreshPlugins (0ms)
			BeforeProcessingInitializeOnLoad (168ms)
			ProcessInitializeOnLoadAttributes (857ms)
			ProcessInitializeOnLoadMethodAttributes (145ms)
			AfterProcessingInitializeOnLoad (20ms)
			EditorAssembliesLoaded (0ms)
		ExecutionOrderSort2 (0ms)
		AwakeInstancesAfterBackupRestoration (28ms)
Refreshing native plugins compatible for Editor in 10.39 ms, found 3 plugins.
Preloading 0 native plugins for Editor in 0.00 ms.
Unloading 5913 Unused Serialized files (Serialized files now loaded: 0)
Unloading 46 unused Assets / (457.3 KB). Loaded Objects now: 6634.
Memory consumption went from 218.1 MB to 217.7 MB.
Total: 7.125500 ms (FindLiveObjects: 0.740600 ms CreateObjectMapping: 0.510100 ms MarkObjects: 5.530900 ms  DeleteObjects: 0.342200 ms)

Prepare: number of updated asset objects reloaded= 0
AssetImportParameters requested are different than current active one (requested -> active):
  custom:container-demuxer-ogg: 62fdf1f143b41e24485cea50d1cbac27 -> 
  custom:video-codec-MediaFoundation-h265: 746d11721c4dcdbdad8f713fa42b33f4 -> 
  custom:video-decoder-ogg-theora: a1e56fd34408186e4bbccfd4996cb3dc -> 
  custom:framework-win-MediaFoundation: 216162199b28c13a410421893ffa2e32 -> 
  custom:CustomObjectIndexerAttribute: 72b91833f83ae208fae7752999fa3104 -> 
  custom:container-demuxer-webm: 4f35f7cbe854078d1ac9338744f61a02 -> 
  custom:container-muxer-webm: aa71ff27fc2769a1b78a27578f13a17b -> 
  custom:video-decoder-webm-vp8: 9c59270c3fd7afecdb556c50c9e8de78 -> 
  custom:SearchIndexIgnoredProperties: e643bd26f0fe6173181afceb89e7c659 -> 
  custom:AudioImporter_EditorPlatform: d09bf68614088b80899f8185d706f6e7 -> 
  custom:video-encoder-webm-vp8: eb34c28f22e8b96e1ab97ce403110664 -> 
  custom:audio-decoder-ogg-vorbis: bf7c407c2cedff20999df2af8eb42d56 -> 
  custom:audio-encoder-webm-vorbis: bf7c407c2cedff20999df2af8eb42d56 -> 
========================================================================
Received Prepare
Begin MonoManager ReloadAssembly
- Loaded All Assemblies, in  1.189 seconds
Refreshing native plugins compatible for Editor in 12.25 ms, found 3 plugins.
Native extension for WindowsStandalone target not found
Native extension for Android target not found
Native extension for WebGL target not found
Mono: successfully reloaded assembly
- Finished resetting the current domain, in  3.280 seconds
Domain Reload Profiling: 4458ms
	BeginReloadAssembly (383ms)
		ExecutionOrderSort (0ms)
		DisableScriptedObjects (13ms)
		BackupInstance (0ms)
		ReleaseScriptingObjects (0ms)
		CreateAndSetChildDomain (83ms)
	RebuildCommonClasses (67ms)
	RebuildNativeTypeToScriptingClass (28ms)
	initialDomainReloadingComplete (75ms)
	LoadAllAssembliesAndSetupDomain (625ms)
		LoadAssemblies (721ms)
		RebuildTransferFunctionScriptingTraits (0ms)
		AnalyzeDomain (112ms)
			TypeCache.Refresh (20ms)
				TypeCache.ScanAssembly (1ms)
			ScanForSourceGeneratedMonoScriptInfo (54ms)
			ResolveRequiredComponents (32ms)
	FinalizeReload (3281ms)
		ReleaseScriptCaches (0ms)
		RebuildScriptCaches (0ms)
		SetupLoadedEditorAssemblies (1264ms)
			LogAssemblyErrors (0ms)
			InitializePlatformSupportModulesInManaged (58ms)
			SetLoadedEditorAssemblies (12ms)
			RefreshPlugins (0ms)
			BeforeProcessingInitializeOnLoad (169ms)
			ProcessInitializeOnLoadAttributes (870ms)
			ProcessInitializeOnLoadMethodAttributes (139ms)
			AfterProcessingInitializeOnLoad (15ms)
			EditorAssembliesLoaded (1ms)
		ExecutionOrderSort2 (0ms)
		AwakeInstancesAfterBackupRestoration (24ms)
Refreshing native plugins compatible for Editor in 10.47 ms, found 3 plugins.
Preloading 0 native plugins for Editor in 0.00 ms.
Unloading 5913 Unused Serialized files (Serialized files now loaded: 0)
Unloading 46 unused Assets / (457.2 KB). Loaded Objects now: 6650.
Memory consumption went from 220.1 MB to 219.7 MB.
Total: 6.849800 ms (FindLiveObjects: 0.738700 ms CreateObjectMapping: 0.480000 ms MarkObjects: 5.325900 ms  DeleteObjects: 0.303400 ms)

Prepare: number of updated asset objects reloaded= 0
AssetImportParameters requested are different than current active one (requested -> active):
  custom:container-demuxer-ogg: 62fdf1f143b41e24485cea50d1cbac27 -> 
  custom:video-codec-MediaFoundation-h265: 746d11721c4dcdbdad8f713fa42b33f4 -> 
  custom:video-decoder-ogg-theora: a1e56fd34408186e4bbccfd4996cb3dc -> 
  custom:framework-win-MediaFoundation: 216162199b28c13a410421893ffa2e32 -> 
  custom:CustomObjectIndexerAttribute: 72b91833f83ae208fae7752999fa3104 -> 
  custom:container-demuxer-webm: 4f35f7cbe854078d1ac9338744f61a02 -> 
  custom:container-muxer-webm: aa71ff27fc2769a1b78a27578f13a17b -> 
  custom:video-decoder-webm-vp8: 9c59270c3fd7afecdb556c50c9e8de78 -> 
  custom:SearchIndexIgnoredProperties: e643bd26f0fe6173181afceb89e7c659 -> 
  custom:AudioImporter_EditorPlatform: d09bf68614088b80899f8185d706f6e7 -> 
  custom:video-encoder-webm-vp8: eb34c28f22e8b96e1ab97ce403110664 -> 
  custom:audio-decoder-ogg-vorbis: bf7c407c2cedff20999df2af8eb42d56 -> 
  custom:audio-encoder-webm-vorbis: bf7c407c2cedff20999df2af8eb42d56 -> 
========================================================================
Received Prepare
Begin MonoManager ReloadAssembly
- Loaded All Assemblies, in  1.282 seconds
Refreshing native plugins compatible for Editor in 12.52 ms, found 3 plugins.
Native extension for WindowsStandalone target not found
Native extension for Android target not found
Native extension for WebGL target not found
Mono: successfully reloaded assembly
- Finished resetting the current domain, in  3.613 seconds
Domain Reload Profiling: 4884ms
	BeginReloadAssembly (358ms)
		ExecutionOrderSort (0ms)
		DisableScriptedObjects (13ms)
		BackupInstance (0ms)
		ReleaseScriptingObjects (0ms)
		CreateAndSetChildDomain (84ms)
	RebuildCommonClasses (88ms)
	RebuildNativeTypeToScriptingClass (28ms)
	initialDomainReloadingComplete (77ms)
	LoadAllAssembliesAndSetupDomain (719ms)
		LoadAssemblies (793ms)
		RebuildTransferFunctionScriptingTraits (0ms)
		AnalyzeDomain (113ms)
			TypeCache.Refresh (23ms)
				TypeCache.ScanAssembly (1ms)
			ScanForSourceGeneratedMonoScriptInfo (61ms)
			ResolveRequiredComponents (23ms)
	FinalizeReload (3613ms)
		ReleaseScriptCaches (0ms)
		RebuildScriptCaches (0ms)
		SetupLoadedEditorAssemblies (1405ms)
			LogAssemblyErrors (0ms)
			InitializePlatformSupportModulesInManaged (72ms)
			SetLoadedEditorAssemblies (17ms)
			RefreshPlugins (0ms)
			BeforeProcessingInitializeOnLoad (240ms)
			ProcessInitializeOnLoadAttributes (908ms)
			ProcessInitializeOnLoadMethodAttributes (150ms)
			AfterProcessingInitializeOnLoad (17ms)
			EditorAssembliesLoaded (0ms)
		ExecutionOrderSort2 (0ms)
		AwakeInstancesAfterBackupRestoration (31ms)
Refreshing native plugins compatible for Editor in 10.79 ms, found 3 plugins.
Preloading 0 native plugins for Editor in 0.00 ms.
Unloading 5913 Unused Serialized files (Serialized files now loaded: 0)
Unloading 46 unused Assets / (457.2 KB). Loaded Objects now: 6666.
Memory consumption went from 222.1 MB to 221.6 MB.
Total: 6.576600 ms (FindLiveObjects: 0.736700 ms CreateObjectMapping: 0.518500 ms MarkObjects: 4.953600 ms  DeleteObjects: 0.366100 ms)

Prepare: number of updated asset objects reloaded= 0
AssetImportParameters requested are different than current active one (requested -> active):
  custom:container-demuxer-ogg: 62fdf1f143b41e24485cea50d1cbac27 -> 
  custom:video-codec-MediaFoundation-h265: 746d11721c4dcdbdad8f713fa42b33f4 -> 
  custom:video-decoder-ogg-theora: a1e56fd34408186e4bbccfd4996cb3dc -> 
  custom:framework-win-MediaFoundation: 216162199b28c13a410421893ffa2e32 -> 
  custom:CustomObjectIndexerAttribute: 72b91833f83ae208fae7752999fa3104 -> 
  custom:container-demuxer-webm: 4f35f7cbe854078d1ac9338744f61a02 -> 
  custom:container-muxer-webm: aa71ff27fc2769a1b78a27578f13a17b -> 
  custom:video-decoder-webm-vp8: 9c59270c3fd7afecdb556c50c9e8de78 -> 
  custom:SearchIndexIgnoredProperties: e643bd26f0fe6173181afceb89e7c659 -> 
  custom:AudioImporter_EditorPlatform: d09bf68614088b80899f8185d706f6e7 -> 
  custom:video-encoder-webm-vp8: eb34c28f22e8b96e1ab97ce403110664 -> 
  custom:audio-decoder-ogg-vorbis: bf7c407c2cedff20999df2af8eb42d56 -> 
  custom:audio-encoder-webm-vorbis: bf7c407c2cedff20999df2af8eb42d56 -> 
========================================================================
Received Prepare
Begin MonoManager ReloadAssembly
- Loaded All Assemblies, in  1.204 seconds
Refreshing native plugins compatible for Editor in 9.51 ms, found 3 plugins.
Native extension for WindowsStandalone target not found
Native extension for Android target not found
Native extension for WebGL target not found
Mono: successfully reloaded assembly
- Finished resetting the current domain, in  3.084 seconds
Domain Reload Profiling: 4280ms
	BeginReloadAssembly (342ms)
		ExecutionOrderSort (0ms)
		DisableScriptedObjects (9ms)
		BackupInstance (0ms)
		ReleaseScriptingObjects (0ms)
		CreateAndSetChildDomain (78ms)
	RebuildCommonClasses (82ms)
	RebuildNativeTypeToScriptingClass (32ms)
	initialDomainReloadingComplete (64ms)
	LoadAllAssembliesAndSetupDomain (674ms)
		LoadAssemblies (758ms)
		RebuildTransferFunctionScriptingTraits (0ms)
		AnalyzeDomain (105ms)
			TypeCache.Refresh (21ms)
				TypeCache.ScanAssembly (1ms)
			ScanForSourceGeneratedMonoScriptInfo (54ms)
			ResolveRequiredComponents (26ms)
	FinalizeReload (3085ms)
		ReleaseScriptCaches (0ms)
		RebuildScriptCaches (0ms)
		SetupLoadedEditorAssemblies (1267ms)
			LogAssemblyErrors (0ms)
			InitializePlatformSupportModulesInManaged (54ms)
			SetLoadedEditorAssemblies (10ms)
			RefreshPlugins (0ms)
			BeforeProcessingInitializeOnLoad (211ms)
			ProcessInitializeOnLoadAttributes (832ms)
			ProcessInitializeOnLoadMethodAttributes (141ms)
			AfterProcessingInitializeOnLoad (18ms)
			EditorAssembliesLoaded (1ms)
		ExecutionOrderSort2 (0ms)
		AwakeInstancesAfterBackupRestoration (21ms)
Refreshing native plugins compatible for Editor in 14.24 ms, found 3 plugins.
Preloading 0 native plugins for Editor in 0.00 ms.
Unloading 5913 Unused Serialized files (Serialized files now loaded: 0)
Unloading 46 unused Assets / (457.3 KB). Loaded Objects now: 6682.
Memory consumption went from 224.0 MB to 223.6 MB.
Total: 6.632300 ms (FindLiveObjects: 0.707700 ms CreateObjectMapping: 0.451600 ms MarkObjects: 5.116300 ms  DeleteObjects: 0.354900 ms)

Prepare: number of updated asset objects reloaded= 0
AssetImportParameters requested are different than current active one (requested -> active):
  custom:container-demuxer-ogg: 62fdf1f143b41e24485cea50d1cbac27 -> 
  custom:video-codec-MediaFoundation-h265: 746d11721c4dcdbdad8f713fa42b33f4 -> 
  custom:video-decoder-ogg-theora: a1e56fd34408186e4bbccfd4996cb3dc -> 
  custom:framework-win-MediaFoundation: 216162199b28c13a410421893ffa2e32 -> 
  custom:CustomObjectIndexerAttribute: 72b91833f83ae208fae7752999fa3104 -> 
  custom:container-demuxer-webm: 4f35f7cbe854078d1ac9338744f61a02 -> 
  custom:container-muxer-webm: aa71ff27fc2769a1b78a27578f13a17b -> 
  custom:video-decoder-webm-vp8: 9c59270c3fd7afecdb556c50c9e8de78 -> 
  custom:SearchIndexIgnoredProperties: e643bd26f0fe6173181afceb89e7c659 -> 
  custom:AudioImporter_EditorPlatform: d09bf68614088b80899f8185d706f6e7 -> 
  custom:video-encoder-webm-vp8: eb34c28f22e8b96e1ab97ce403110664 -> 
  custom:audio-decoder-ogg-vorbis: bf7c407c2cedff20999df2af8eb42d56 -> 
  custom:audio-encoder-webm-vorbis: bf7c407c2cedff20999df2af8eb42d56 -> 
========================================================================
Received Prepare
Begin MonoManager ReloadAssembly
- Loaded All Assemblies, in  1.123 seconds
Refreshing native plugins compatible for Editor in 12.14 ms, found 3 plugins.
Native extension for WindowsStandalone target not found
Native extension for Android target not found
Native extension for WebGL target not found
Mono: successfully reloaded assembly
- Finished resetting the current domain, in  3.215 seconds
Domain Reload Profiling: 4331ms
	BeginReloadAssembly (321ms)
		ExecutionOrderSort (0ms)
		DisableScriptedObjects (8ms)
		BackupInstance (0ms)
		ReleaseScriptingObjects (0ms)
		CreateAndSetChildDomain (69ms)
	RebuildCommonClasses (80ms)
	RebuildNativeTypeToScriptingClass (22ms)
	initialDomainReloadingComplete (55ms)
	LoadAllAssembliesAndSetupDomain (639ms)
		LoadAssemblies (669ms)
		RebuildTransferFunctionScriptingTraits (0ms)
		AnalyzeDomain (131ms)
			TypeCache.Refresh (28ms)
				TypeCache.ScanAssembly (1ms)
			ScanForSourceGeneratedMonoScriptInfo (63ms)
			ResolveRequiredComponents (30ms)
	FinalizeReload (3216ms)
		ReleaseScriptCaches (0ms)
		RebuildScriptCaches (0ms)
		SetupLoadedEditorAssemblies (1227ms)
			LogAssemblyErrors (0ms)
			InitializePlatformSupportModulesInManaged (51ms)
			SetLoadedEditorAssemblies (10ms)
			RefreshPlugins (0ms)
			BeforeProcessingInitializeOnLoad (171ms)
			ProcessInitializeOnLoadAttributes (816ms)
			ProcessInitializeOnLoadMethodAttributes (164ms)
			AfterProcessingInitializeOnLoad (15ms)
			EditorAssembliesLoaded (0ms)
		ExecutionOrderSort2 (0ms)
		AwakeInstancesAfterBackupRestoration (22ms)
Refreshing native plugins compatible for Editor in 10.97 ms, found 3 plugins.
Preloading 0 native plugins for Editor in 0.00 ms.
Unloading 5913 Unused Serialized files (Serialized files now loaded: 0)
Unloading 46 unused Assets / (458.3 KB). Loaded Objects now: 6698.
Memory consumption went from 225.9 MB to 225.5 MB.
Total: 6.881200 ms (FindLiveObjects: 0.865000 ms CreateObjectMapping: 0.485000 ms MarkObjects: 5.194900 ms  DeleteObjects: 0.334300 ms)

Prepare: number of updated asset objects reloaded= 0
AssetImportParameters requested are different than current active one (requested -> active):
  custom:container-demuxer-ogg: 62fdf1f143b41e24485cea50d1cbac27 -> 
  custom:video-codec-MediaFoundation-h265: 746d11721c4dcdbdad8f713fa42b33f4 -> 
  custom:video-decoder-ogg-theora: a1e56fd34408186e4bbccfd4996cb3dc -> 
  custom:framework-win-MediaFoundation: 216162199b28c13a410421893ffa2e32 -> 
  custom:CustomObjectIndexerAttribute: 72b91833f83ae208fae7752999fa3104 -> 
  custom:container-demuxer-webm: 4f35f7cbe854078d1ac9338744f61a02 -> 
  custom:container-muxer-webm: aa71ff27fc2769a1b78a27578f13a17b -> 
  custom:video-decoder-webm-vp8: 9c59270c3fd7afecdb556c50c9e8de78 -> 
  custom:SearchIndexIgnoredProperties: e643bd26f0fe6173181afceb89e7c659 -> 
  custom:AudioImporter_EditorPlatform: d09bf68614088b80899f8185d706f6e7 -> 
  custom:video-encoder-webm-vp8: eb34c28f22e8b96e1ab97ce403110664 -> 
  custom:audio-decoder-ogg-vorbis: bf7c407c2cedff20999df2af8eb42d56 -> 
  custom:audio-encoder-webm-vorbis: bf7c407c2cedff20999df2af8eb42d56 -> 
========================================================================
Received Prepare
Begin MonoManager ReloadAssembly
- Loaded All Assemblies, in  1.034 seconds
Refreshing native plugins compatible for Editor in 11.45 ms, found 3 plugins.
Native extension for WindowsStandalone target not found
Native extension for Android target not found
Native extension for WebGL target not found
Mono: successfully reloaded assembly
- Finished resetting the current domain, in  3.006 seconds
Domain Reload Profiling: 4033ms
	BeginReloadAssembly (287ms)
		ExecutionOrderSort (0ms)
		DisableScriptedObjects (10ms)
		BackupInstance (0ms)
		ReleaseScriptingObjects (0ms)
		CreateAndSetChildDomain (64ms)
	RebuildCommonClasses (96ms)
	RebuildNativeTypeToScriptingClass (32ms)
	initialDomainReloadingComplete (66ms)
	LoadAllAssembliesAndSetupDomain (546ms)
		LoadAssemblies (654ms)
		RebuildTransferFunctionScriptingTraits (0ms)
		AnalyzeDomain (45ms)
			TypeCache.Refresh (14ms)
				TypeCache.ScanAssembly (0ms)
			ScanForSourceGeneratedMonoScriptInfo (0ms)
			ResolveRequiredComponents (26ms)
	FinalizeReload (3007ms)
		ReleaseScriptCaches (0ms)
		RebuildScriptCaches (0ms)
		SetupLoadedEditorAssemblies (1182ms)
			LogAssemblyErrors (0ms)
			InitializePlatformSupportModulesInManaged (50ms)
			SetLoadedEditorAssemblies (11ms)
			RefreshPlugins (0ms)
			BeforeProcessingInitializeOnLoad (168ms)
			ProcessInitializeOnLoadAttributes (812ms)
			ProcessInitializeOnLoadMethodAttributes (126ms)
			AfterProcessingInitializeOnLoad (14ms)
			EditorAssembliesLoaded (1ms)
		ExecutionOrderSort2 (0ms)
		AwakeInstancesAfterBackupRestoration (23ms)
Refreshing native plugins compatible for Editor in 10.33 ms, found 3 plugins.
Preloading 0 native plugins for Editor in 0.00 ms.
Unloading 5913 Unused Serialized files (Serialized files now loaded: 0)
Unloading 46 unused Assets / (433.0 KB). Loaded Objects now: 6714.
Memory consumption went from 227.8 MB to 227.4 MB.
Total: 7.263600 ms (FindLiveObjects: 0.711200 ms CreateObjectMapping: 0.497800 ms MarkObjects: 5.732500 ms  DeleteObjects: 0.320200 ms)

Prepare: number of updated asset objects reloaded= 0
AssetImportParameters requested are different than current active one (requested -> active):
  custom:container-demuxer-ogg: 62fdf1f143b41e24485cea50d1cbac27 -> 
  custom:video-codec-MediaFoundation-h265: 746d11721c4dcdbdad8f713fa42b33f4 -> 
  custom:video-decoder-ogg-theora: a1e56fd34408186e4bbccfd4996cb3dc -> 
  custom:framework-win-MediaFoundation: 216162199b28c13a410421893ffa2e32 -> 
  custom:CustomObjectIndexerAttribute: 72b91833f83ae208fae7752999fa3104 -> 
  custom:container-demuxer-webm: 4f35f7cbe854078d1ac9338744f61a02 -> 
  custom:container-muxer-webm: aa71ff27fc2769a1b78a27578f13a17b -> 
  custom:video-decoder-webm-vp8: 9c59270c3fd7afecdb556c50c9e8de78 -> 
  custom:SearchIndexIgnoredProperties: e643bd26f0fe6173181afceb89e7c659 -> 
  custom:AudioImporter_EditorPlatform: d09bf68614088b80899f8185d706f6e7 -> 
  custom:video-encoder-webm-vp8: eb34c28f22e8b96e1ab97ce403110664 -> 
  custom:audio-decoder-ogg-vorbis: bf7c407c2cedff20999df2af8eb42d56 -> 
  custom:audio-encoder-webm-vorbis: bf7c407c2cedff20999df2af8eb42d56 -> 
========================================================================
Received Prepare
Begin MonoManager ReloadAssembly
- Loaded All Assemblies, in  1.739 seconds
Refreshing native plugins compatible for Editor in 57.92 ms, found 3 plugins.
Native extension for WindowsStandalone target not found
Native extension for Android target not found
Native extension for WebGL target not found
Mono: successfully reloaded assembly
- Finished resetting the current domain, in  3.565 seconds
Domain Reload Profiling: 5295ms
	BeginReloadAssembly (368ms)
		ExecutionOrderSort (0ms)
		DisableScriptedObjects (10ms)
		BackupInstance (0ms)
		ReleaseScriptingObjects (0ms)
		CreateAndSetChildDomain (70ms)
	RebuildCommonClasses (120ms)
	RebuildNativeTypeToScriptingClass (43ms)
	initialDomainReloadingComplete (77ms)
	LoadAllAssembliesAndSetupDomain (1121ms)
		LoadAssemblies (1044ms)
		RebuildTransferFunctionScriptingTraits (0ms)
		AnalyzeDomain (303ms)
			TypeCache.Refresh (20ms)
				TypeCache.ScanAssembly (1ms)
			ScanForSourceGeneratedMonoScriptInfo (204ms)
			ResolveRequiredComponents (72ms)
	FinalizeReload (3565ms)
		ReleaseScriptCaches (0ms)
		RebuildScriptCaches (0ms)
		SetupLoadedEditorAssemblies (1266ms)
			LogAssemblyErrors (0ms)
			InitializePlatformSupportModulesInManaged (53ms)
			SetLoadedEditorAssemblies (10ms)
			RefreshPlugins (0ms)
			BeforeProcessingInitializeOnLoad (210ms)
			ProcessInitializeOnLoadAttributes (838ms)
			ProcessInitializeOnLoadMethodAttributes (134ms)
			AfterProcessingInitializeOnLoad (20ms)
			EditorAssembliesLoaded (1ms)
		ExecutionOrderSort2 (0ms)
		AwakeInstancesAfterBackupRestoration (30ms)
Script is not up to date after domain reload: guid(071980355a146f1428244ef07a9be196) path("Assets/Player/Scripts/PlayerController.cs") state(2)
Refreshing native plugins compatible for Editor in 8.80 ms, found 3 plugins.
Preloading 0 native plugins for Editor in 0.00 ms.
Unloading 5912 Unused Serialized files (Serialized files now loaded: 0)
Unloading 46 unused Assets / (456.8 KB). Loaded Objects now: 6729.
Memory consumption went from 229.8 MB to 229.3 MB.
Total: 6.557400 ms (FindLiveObjects: 0.720600 ms CreateObjectMapping: 0.398600 ms MarkObjects: 5.098400 ms  DeleteObjects: 0.337900 ms)

Prepare: number of updated asset objects reloaded= 0
AssetImportParameters requested are different than current active one (requested -> active):
  custom:container-demuxer-ogg: 62fdf1f143b41e24485cea50d1cbac27 -> 
  custom:video-codec-MediaFoundation-h265: 746d11721c4dcdbdad8f713fa42b33f4 -> 
  custom:video-decoder-ogg-theora: a1e56fd34408186e4bbccfd4996cb3dc -> 
  custom:framework-win-MediaFoundation: 216162199b28c13a410421893ffa2e32 -> 
  custom:CustomObjectIndexerAttribute: 72b91833f83ae208fae7752999fa3104 -> 
  custom:container-demuxer-webm: 4f35f7cbe854078d1ac9338744f61a02 -> 
  custom:container-muxer-webm: aa71ff27fc2769a1b78a27578f13a17b -> 
  custom:video-decoder-webm-vp8: 9c59270c3fd7afecdb556c50c9e8de78 -> 
  custom:SearchIndexIgnoredProperties: e643bd26f0fe6173181afceb89e7c659 -> 
  custom:AudioImporter_EditorPlatform: d09bf68614088b80899f8185d706f6e7 -> 
  custom:video-encoder-webm-vp8: eb34c28f22e8b96e1ab97ce403110664 -> 
  custom:audio-decoder-ogg-vorbis: bf7c407c2cedff20999df2af8eb42d56 -> 
  custom:audio-encoder-webm-vorbis: bf7c407c2cedff20999df2af8eb42d56 -> 
========================================================================
Received Prepare
Begin MonoManager ReloadAssembly
- Loaded All Assemblies, in  1.174 seconds
Refreshing native plugins compatible for Editor in 12.09 ms, found 3 plugins.
Native extension for WindowsStandalone target not found
Native extension for Android target not found
Native extension for WebGL target not found
Mono: successfully reloaded assembly
- Finished resetting the current domain, in  3.406 seconds
Domain Reload Profiling: 4574ms
	BeginReloadAssembly (298ms)
		ExecutionOrderSort (0ms)
		DisableScriptedObjects (9ms)
		BackupInstance (0ms)
		ReleaseScriptingObjects (0ms)
		CreateAndSetChildDomain (63ms)
	RebuildCommonClasses (99ms)
	RebuildNativeTypeToScriptingClass (27ms)
	initialDomainReloadingComplete (71ms)
	LoadAllAssembliesAndSetupDomain (672ms)
		LoadAssemblies (717ms)
		RebuildTransferFunctionScriptingTraits (0ms)
		AnalyzeDomain (114ms)
			TypeCache.Refresh (21ms)
				TypeCache.ScanAssembly (1ms)
			ScanForSourceGeneratedMonoScriptInfo (57ms)
			ResolveRequiredComponents (30ms)
	FinalizeReload (3407ms)
		ReleaseScriptCaches (0ms)
		RebuildScriptCaches (0ms)
		SetupLoadedEditorAssemblies (1414ms)
			LogAssemblyErrors (0ms)
			InitializePlatformSupportModulesInManaged (67ms)
			SetLoadedEditorAssemblies (13ms)
			RefreshPlugins (0ms)
			BeforeProcessingInitializeOnLoad (197ms)
			ProcessInitializeOnLoadAttributes (937ms)
			ProcessInitializeOnLoadMethodAttributes (180ms)
			AfterProcessingInitializeOnLoad (20ms)
			EditorAssembliesLoaded (1ms)
		ExecutionOrderSort2 (0ms)
		AwakeInstancesAfterBackupRestoration (43ms)
Script is not up to date after domain reload: guid(071980355a146f1428244ef07a9be196) path("Assets/Player/Scripts/PlayerController.cs") state(2)
Refreshing native plugins compatible for Editor in 10.11 ms, found 3 plugins.
Preloading 0 native plugins for Editor in 0.00 ms.
Unloading 5912 Unused Serialized files (Serialized files now loaded: 0)
Unloading 46 unused Assets / (457.4 KB). Loaded Objects now: 6745.
Memory consumption went from 231.7 MB to 231.3 MB.
Total: 6.881800 ms (FindLiveObjects: 0.763900 ms CreateObjectMapping: 0.513700 ms MarkObjects: 5.265700 ms  DeleteObjects: 0.336800 ms)

Prepare: number of updated asset objects reloaded= 0
AssetImportParameters requested are different than current active one (requested -> active):
  custom:container-demuxer-ogg: 62fdf1f143b41e24485cea50d1cbac27 -> 
  custom:video-codec-MediaFoundation-h265: 746d11721c4dcdbdad8f713fa42b33f4 -> 
  custom:video-decoder-ogg-theora: a1e56fd34408186e4bbccfd4996cb3dc -> 
  custom:framework-win-MediaFoundation: 216162199b28c13a410421893ffa2e32 -> 
  custom:CustomObjectIndexerAttribute: 72b91833f83ae208fae7752999fa3104 -> 
  custom:container-demuxer-webm: 4f35f7cbe854078d1ac9338744f61a02 -> 
  custom:container-muxer-webm: aa71ff27fc2769a1b78a27578f13a17b -> 
  custom:video-decoder-webm-vp8: 9c59270c3fd7afecdb556c50c9e8de78 -> 
  custom:SearchIndexIgnoredProperties: e643bd26f0fe6173181afceb89e7c659 -> 
  custom:AudioImporter_EditorPlatform: d09bf68614088b80899f8185d706f6e7 -> 
  custom:video-encoder-webm-vp8: eb34c28f22e8b96e1ab97ce403110664 -> 
  custom:audio-decoder-ogg-vorbis: bf7c407c2cedff20999df2af8eb42d56 -> 
  custom:audio-encoder-webm-vorbis: bf7c407c2cedff20999df2af8eb42d56 -> 
========================================================================
Received Prepare
Begin MonoManager ReloadAssembly
- Loaded All Assemblies, in  1.272 seconds
Refreshing native plugins compatible for Editor in 9.88 ms, found 3 plugins.
Native extension for WindowsStandalone target not found
Native extension for Android target not found
Native extension for WebGL target not found
Mono: successfully reloaded assembly
- Finished resetting the current domain, in  3.697 seconds
Domain Reload Profiling: 4959ms
	BeginReloadAssembly (346ms)
		ExecutionOrderSort (0ms)
		DisableScriptedObjects (11ms)
		BackupInstance (0ms)
		ReleaseScriptingObjects (0ms)
		CreateAndSetChildDomain (70ms)
	RebuildCommonClasses (78ms)
	RebuildNativeTypeToScriptingClass (40ms)
	initialDomainReloadingComplete (95ms)
	LoadAllAssembliesAndSetupDomain (703ms)
		LoadAssemblies (795ms)
		RebuildTransferFunctionScriptingTraits (0ms)
		AnalyzeDomain (106ms)
			TypeCache.Refresh (19ms)
				TypeCache.ScanAssembly (1ms)
			ScanForSourceGeneratedMonoScriptInfo (54ms)
			ResolveRequiredComponents (26ms)
	FinalizeReload (3698ms)
		ReleaseScriptCaches (0ms)
		RebuildScriptCaches (0ms)
		SetupLoadedEditorAssemblies (1402ms)
			LogAssemblyErrors (0ms)
			InitializePlatformSupportModulesInManaged (128ms)
			SetLoadedEditorAssemblies (10ms)
			RefreshPlugins (0ms)
			BeforeProcessingInitializeOnLoad (179ms)
			ProcessInitializeOnLoadAttributes (920ms)
			ProcessInitializeOnLoadMethodAttributes (151ms)
			AfterProcessingInitializeOnLoad (14ms)
			EditorAssembliesLoaded (0ms)
		ExecutionOrderSort2 (0ms)
		AwakeInstancesAfterBackupRestoration (22ms)
Refreshing native plugins compatible for Editor in 10.55 ms, found 3 plugins.
Preloading 0 native plugins for Editor in 0.00 ms.
Unloading 5913 Unused Serialized files (Serialized files now loaded: 0)
Unloading 46 unused Assets / (457.3 KB). Loaded Objects now: 6762.
Memory consumption went from 233.7 MB to 233.2 MB.
Total: 7.413900 ms (FindLiveObjects: 0.794400 ms CreateObjectMapping: 0.602100 ms MarkObjects: 5.702500 ms  DeleteObjects: 0.312900 ms)

Prepare: number of updated asset objects reloaded= 0
AssetImportParameters requested are different than current active one (requested -> active):
  custom:container-demuxer-ogg: 62fdf1f143b41e24485cea50d1cbac27 -> 
  custom:video-codec-MediaFoundation-h265: 746d11721c4dcdbdad8f713fa42b33f4 -> 
  custom:video-decoder-ogg-theora: a1e56fd34408186e4bbccfd4996cb3dc -> 
  custom:framework-win-MediaFoundation: 216162199b28c13a410421893ffa2e32 -> 
  custom:CustomObjectIndexerAttribute: 72b91833f83ae208fae7752999fa3104 -> 
  custom:container-demuxer-webm: 4f35f7cbe854078d1ac9338744f61a02 -> 
  custom:container-muxer-webm: aa71ff27fc2769a1b78a27578f13a17b -> 
  custom:video-decoder-webm-vp8: 9c59270c3fd7afecdb556c50c9e8de78 -> 
  custom:SearchIndexIgnoredProperties: e643bd26f0fe6173181afceb89e7c659 -> 
  custom:AudioImporter_EditorPlatform: d09bf68614088b80899f8185d706f6e7 -> 
  custom:video-encoder-webm-vp8: eb34c28f22e8b96e1ab97ce403110664 -> 
  custom:audio-decoder-ogg-vorbis: bf7c407c2cedff20999df2af8eb42d56 -> 
  custom:audio-encoder-webm-vorbis: bf7c407c2cedff20999df2af8eb42d56 -> 
========================================================================
Received Prepare
Begin MonoManager ReloadAssembly
- Loaded All Assemblies, in  1.205 seconds
Refreshing native plugins compatible for Editor in 11.87 ms, found 3 plugins.
Native extension for WindowsStandalone target not found
Native extension for Android target not found
Native extension for WebGL target not found
Mono: successfully reloaded assembly
- Finished resetting the current domain, in  3.558 seconds
Domain Reload Profiling: 4754ms
	BeginReloadAssembly (375ms)
		ExecutionOrderSort (0ms)
		DisableScriptedObjects (10ms)
		BackupInstance (0ms)
		ReleaseScriptingObjects (0ms)
		CreateAndSetChildDomain (115ms)
	RebuildCommonClasses (74ms)
	RebuildNativeTypeToScriptingClass (33ms)
	initialDomainReloadingComplete (80ms)
	LoadAllAssembliesAndSetupDomain (632ms)
		LoadAssemblies (684ms)
		RebuildTransferFunctionScriptingTraits (0ms)
		AnalyzeDomain (102ms)
			TypeCache.Refresh (19ms)
				TypeCache.ScanAssembly (1ms)
			ScanForSourceGeneratedMonoScriptInfo (51ms)
			ResolveRequiredComponents (26ms)
	FinalizeReload (3560ms)
		ReleaseScriptCaches (0ms)
		RebuildScriptCaches (0ms)
		SetupLoadedEditorAssemblies (1507ms)
			LogAssemblyErrors (0ms)
			InitializePlatformSupportModulesInManaged (95ms)
			SetLoadedEditorAssemblies (11ms)
			RefreshPlugins (0ms)
			BeforeProcessingInitializeOnLoad (216ms)
			ProcessInitializeOnLoadAttributes (1015ms)
			ProcessInitializeOnLoadMethodAttributes (157ms)
			AfterProcessingInitializeOnLoad (13ms)
			EditorAssembliesLoaded (0ms)
		ExecutionOrderSort2 (0ms)
		AwakeInstancesAfterBackupRestoration (27ms)
Refreshing native plugins compatible for Editor in 9.93 ms, found 3 plugins.
Preloading 0 native plugins for Editor in 0.00 ms.
Unloading 5913 Unused Serialized files (Serialized files now loaded: 0)
Unloading 46 unused Assets / (457.3 KB). Loaded Objects now: 6778.
Memory consumption went from 235.6 MB to 235.1 MB.
Total: 7.187600 ms (FindLiveObjects: 0.820700 ms CreateObjectMapping: 0.533700 ms MarkObjects: 5.523700 ms  DeleteObjects: 0.307400 ms)

Prepare: number of updated asset objects reloaded= 0
AssetImportParameters requested are different than current active one (requested -> active):
  custom:container-demuxer-ogg: 62fdf1f143b41e24485cea50d1cbac27 -> 
  custom:video-codec-MediaFoundation-h265: 746d11721c4dcdbdad8f713fa42b33f4 -> 
  custom:video-decoder-ogg-theora: a1e56fd34408186e4bbccfd4996cb3dc -> 
  custom:framework-win-MediaFoundation: 216162199b28c13a410421893ffa2e32 -> 
  custom:CustomObjectIndexerAttribute: 72b91833f83ae208fae7752999fa3104 -> 
  custom:container-demuxer-webm: 4f35f7cbe854078d1ac9338744f61a02 -> 
  custom:container-muxer-webm: aa71ff27fc2769a1b78a27578f13a17b -> 
  custom:video-decoder-webm-vp8: 9c59270c3fd7afecdb556c50c9e8de78 -> 
  custom:SearchIndexIgnoredProperties: e643bd26f0fe6173181afceb89e7c659 -> 
  custom:AudioImporter_EditorPlatform: d09bf68614088b80899f8185d706f6e7 -> 
  custom:video-encoder-webm-vp8: eb34c28f22e8b96e1ab97ce403110664 -> 
  custom:audio-decoder-ogg-vorbis: bf7c407c2cedff20999df2af8eb42d56 -> 
  custom:audio-encoder-webm-vorbis: bf7c407c2cedff20999df2af8eb42d56 -> 
========================================================================
Received Prepare
Begin MonoManager ReloadAssembly
- Loaded All Assemblies, in  1.273 seconds
Refreshing native plugins compatible for Editor in 22.36 ms, found 3 plugins.
Native extension for WindowsStandalone target not found
Native extension for Android target not found
Native extension for WebGL target not found
Mono: successfully reloaded assembly
- Finished resetting the current domain, in  3.421 seconds
Domain Reload Profiling: 4684ms
	BeginReloadAssembly (333ms)
		ExecutionOrderSort (0ms)
		DisableScriptedObjects (10ms)
		BackupInstance (0ms)
		ReleaseScriptingObjects (0ms)
		CreateAndSetChildDomain (62ms)
	RebuildCommonClasses (79ms)
	RebuildNativeTypeToScriptingClass (33ms)
	initialDomainReloadingComplete (79ms)
	LoadAllAssembliesAndSetupDomain (737ms)
		LoadAssemblies (775ms)
		RebuildTransferFunctionScriptingTraits (0ms)
		AnalyzeDomain (152ms)
			TypeCache.Refresh (26ms)
				TypeCache.ScanAssembly (1ms)
			ScanForSourceGeneratedMonoScriptInfo (72ms)
			ResolveRequiredComponents (40ms)
	FinalizeReload (3422ms)
		ReleaseScriptCaches (0ms)
		RebuildScriptCaches (0ms)
		SetupLoadedEditorAssemblies (1207ms)
			LogAssemblyErrors (0ms)
			InitializePlatformSupportModulesInManaged (56ms)
			SetLoadedEditorAssemblies (11ms)
			RefreshPlugins (0ms)
			BeforeProcessingInitializeOnLoad (188ms)
			ProcessInitializeOnLoadAttributes (807ms)
			ProcessInitializeOnLoadMethodAttributes (130ms)
			AfterProcessingInitializeOnLoad (14ms)
			EditorAssembliesLoaded (0ms)
		ExecutionOrderSort2 (0ms)
		AwakeInstancesAfterBackupRestoration (22ms)
Script is not up to date after domain reload: guid(071980355a146f1428244ef07a9be196) path("Assets/Player/Scripts/PlayerController.cs") state(2)
Refreshing native plugins compatible for Editor in 10.10 ms, found 3 plugins.
Preloading 0 native plugins for Editor in 0.00 ms.
Unloading 5912 Unused Serialized files (Serialized files now loaded: 0)
Unloading 46 unused Assets / (456.9 KB). Loaded Objects now: 6793.
Memory consumption went from 237.4 MB to 237.0 MB.
Total: 6.678000 ms (FindLiveObjects: 0.714500 ms CreateObjectMapping: 0.506800 ms MarkObjects: 5.105600 ms  DeleteObjects: 0.349000 ms)

Prepare: number of updated asset objects reloaded= 0
AssetImportParameters requested are different than current active one (requested -> active):
  custom:container-demuxer-ogg: 62fdf1f143b41e24485cea50d1cbac27 -> 
  custom:video-codec-MediaFoundation-h265: 746d11721c4dcdbdad8f713fa42b33f4 -> 
  custom:video-decoder-ogg-theora: a1e56fd34408186e4bbccfd4996cb3dc -> 
  custom:framework-win-MediaFoundation: 216162199b28c13a410421893ffa2e32 -> 
  custom:CustomObjectIndexerAttribute: 72b91833f83ae208fae7752999fa3104 -> 
  custom:container-demuxer-webm: 4f35f7cbe854078d1ac9338744f61a02 -> 
  custom:container-muxer-webm: aa71ff27fc2769a1b78a27578f13a17b -> 
  custom:video-decoder-webm-vp8: 9c59270c3fd7afecdb556c50c9e8de78 -> 
  custom:SearchIndexIgnoredProperties: e643bd26f0fe6173181afceb89e7c659 -> 
  custom:AudioImporter_EditorPlatform: d09bf68614088b80899f8185d706f6e7 -> 
  custom:video-encoder-webm-vp8: eb34c28f22e8b96e1ab97ce403110664 -> 
  custom:audio-decoder-ogg-vorbis: bf7c407c2cedff20999df2af8eb42d56 -> 
  custom:audio-encoder-webm-vorbis: bf7c407c2cedff20999df2af8eb42d56 -> 
========================================================================
Received Prepare
Begin MonoManager ReloadAssembly
- Loaded All Assemblies, in  1.188 seconds
Refreshing native plugins compatible for Editor in 11.12 ms, found 3 plugins.
Native extension for WindowsStandalone target not found
Native extension for Android target not found
Native extension for WebGL target not found
Mono: successfully reloaded assembly
- Finished resetting the current domain, in  3.152 seconds
Domain Reload Profiling: 4333ms
	BeginReloadAssembly (357ms)
		ExecutionOrderSort (0ms)
		DisableScriptedObjects (10ms)
		BackupInstance (0ms)
		ReleaseScriptingObjects (0ms)
		CreateAndSetChildDomain (67ms)
	RebuildCommonClasses (73ms)
	RebuildNativeTypeToScriptingClass (33ms)
	initialDomainReloadingComplete (87ms)
	LoadAllAssembliesAndSetupDomain (630ms)
		LoadAssemblies (729ms)
		RebuildTransferFunctionScriptingTraits (0ms)
		AnalyzeDomain (107ms)
			TypeCache.Refresh (20ms)
				TypeCache.ScanAssembly (1ms)
			ScanForSourceGeneratedMonoScriptInfo (56ms)
			ResolveRequiredComponents (24ms)
	FinalizeReload (3153ms)
		ReleaseScriptCaches (0ms)
		RebuildScriptCaches (0ms)
		SetupLoadedEditorAssemblies (1211ms)
			LogAssemblyErrors (0ms)
			InitializePlatformSupportModulesInManaged (59ms)
			SetLoadedEditorAssemblies (11ms)
			RefreshPlugins (0ms)
			BeforeProcessingInitializeOnLoad (207ms)
			ProcessInitializeOnLoadAttributes (796ms)
			ProcessInitializeOnLoadMethodAttributes (126ms)
			AfterProcessingInitializeOnLoad (12ms)
			EditorAssembliesLoaded (0ms)
		ExecutionOrderSort2 (0ms)
		AwakeInstancesAfterBackupRestoration (21ms)
Refreshing native plugins compatible for Editor in 9.58 ms, found 3 plugins.
Preloading 0 native plugins for Editor in 0.00 ms.
Unloading 5913 Unused Serialized files (Serialized files now loaded: 0)
Unloading 46 unused Assets / (456.8 KB). Loaded Objects now: 6810.
Memory consumption went from 239.4 MB to 239.0 MB.
Total: 6.757900 ms (FindLiveObjects: 0.764200 ms CreateObjectMapping: 0.510300 ms MarkObjects: 5.136800 ms  DeleteObjects: 0.345000 ms)

Prepare: number of updated asset objects reloaded= 0
AssetImportParameters requested are different than current active one (requested -> active):
  custom:container-demuxer-ogg: 62fdf1f143b41e24485cea50d1cbac27 -> 
  custom:video-codec-MediaFoundation-h265: 746d11721c4dcdbdad8f713fa42b33f4 -> 
  custom:video-decoder-ogg-theora: a1e56fd34408186e4bbccfd4996cb3dc -> 
  custom:framework-win-MediaFoundation: 216162199b28c13a410421893ffa2e32 -> 
  custom:CustomObjectIndexerAttribute: 72b91833f83ae208fae7752999fa3104 -> 
  custom:container-demuxer-webm: 4f35f7cbe854078d1ac9338744f61a02 -> 
  custom:container-muxer-webm: aa71ff27fc2769a1b78a27578f13a17b -> 
  custom:video-decoder-webm-vp8: 9c59270c3fd7afecdb556c50c9e8de78 -> 
  custom:SearchIndexIgnoredProperties: e643bd26f0fe6173181afceb89e7c659 -> 
  custom:AudioImporter_EditorPlatform: d09bf68614088b80899f8185d706f6e7 -> 
  custom:video-encoder-webm-vp8: eb34c28f22e8b96e1ab97ce403110664 -> 
  custom:audio-decoder-ogg-vorbis: bf7c407c2cedff20999df2af8eb42d56 -> 
  custom:audio-encoder-webm-vorbis: bf7c407c2cedff20999df2af8eb42d56 -> 
========================================================================
Received Prepare
Begin MonoManager ReloadAssembly
- Loaded All Assemblies, in  1.237 seconds
Refreshing native plugins compatible for Editor in 10.53 ms, found 3 plugins.
Native extension for WindowsStandalone target not found
Native extension for Android target not found
Native extension for WebGL target not found
Mono: successfully reloaded assembly
- Finished resetting the current domain, in  3.032 seconds
Domain Reload Profiling: 4261ms
	BeginReloadAssembly (321ms)
		ExecutionOrderSort (0ms)
		DisableScriptedObjects (8ms)
		BackupInstance (0ms)
		ReleaseScriptingObjects (0ms)
		CreateAndSetChildDomain (65ms)
	RebuildCommonClasses (71ms)
	RebuildNativeTypeToScriptingClass (24ms)
	initialDomainReloadingComplete (70ms)
	LoadAllAssembliesAndSetupDomain (741ms)
		LoadAssemblies (778ms)
		RebuildTransferFunctionScriptingTraits (0ms)
		AnalyzeDomain (146ms)
			TypeCache.Refresh (22ms)
				TypeCache.ScanAssembly (1ms)
			ScanForSourceGeneratedMonoScriptInfo (82ms)
			ResolveRequiredComponents (35ms)
	FinalizeReload (3033ms)
		ReleaseScriptCaches (0ms)
		RebuildScriptCaches (0ms)
		SetupLoadedEditorAssemblies (1348ms)
			LogAssemblyErrors (0ms)
			InitializePlatformSupportModulesInManaged (101ms)
			SetLoadedEditorAssemblies (17ms)
			RefreshPlugins (0ms)
			BeforeProcessingInitializeOnLoad (179ms)
			ProcessInitializeOnLoadAttributes (897ms)
			ProcessInitializeOnLoadMethodAttributes (141ms)
			AfterProcessingInitializeOnLoad (13ms)
			EditorAssembliesLoaded (1ms)
		ExecutionOrderSort2 (0ms)
		AwakeInstancesAfterBackupRestoration (23ms)
Refreshing native plugins compatible for Editor in 12.66 ms, found 3 plugins.
Preloading 0 native plugins for Editor in 0.00 ms.
Unloading 5913 Unused Serialized files (Serialized files now loaded: 0)
Unloading 46 unused Assets / (456.9 KB). Loaded Objects now: 6826.
Memory consumption went from 241.4 MB to 240.9 MB.
Total: 6.898600 ms (FindLiveObjects: 0.676100 ms CreateObjectMapping: 0.506000 ms MarkObjects: 5.366300 ms  DeleteObjects: 0.348300 ms)

Prepare: number of updated asset objects reloaded= 0
AssetImportParameters requested are different than current active one (requested -> active):
  custom:container-demuxer-ogg: 62fdf1f143b41e24485cea50d1cbac27 -> 
  custom:video-codec-MediaFoundation-h265: 746d11721c4dcdbdad8f713fa42b33f4 -> 
  custom:video-decoder-ogg-theora: a1e56fd34408186e4bbccfd4996cb3dc -> 
  custom:framework-win-MediaFoundation: 216162199b28c13a410421893ffa2e32 -> 
  custom:CustomObjectIndexerAttribute: 72b91833f83ae208fae7752999fa3104 -> 
  custom:container-demuxer-webm: 4f35f7cbe854078d1ac9338744f61a02 -> 
  custom:container-muxer-webm: aa71ff27fc2769a1b78a27578f13a17b -> 
  custom:video-decoder-webm-vp8: 9c59270c3fd7afecdb556c50c9e8de78 -> 
  custom:SearchIndexIgnoredProperties: e643bd26f0fe6173181afceb89e7c659 -> 
  custom:AudioImporter_EditorPlatform: d09bf68614088b80899f8185d706f6e7 -> 
  custom:video-encoder-webm-vp8: eb34c28f22e8b96e1ab97ce403110664 -> 
  custom:audio-decoder-ogg-vorbis: bf7c407c2cedff20999df2af8eb42d56 -> 
  custom:audio-encoder-webm-vorbis: bf7c407c2cedff20999df2af8eb42d56 -> 
========================================================================
Received Prepare
Begin MonoManager ReloadAssembly
- Loaded All Assemblies, in  1.100 seconds
Refreshing native plugins compatible for Editor in 13.32 ms, found 3 plugins.
Native extension for WindowsStandalone target not found
Native extension for Android target not found
Native extension for WebGL target not found
Mono: successfully reloaded assembly
- Finished resetting the current domain, in  3.504 seconds
Domain Reload Profiling: 4597ms
	BeginReloadAssembly (354ms)
		ExecutionOrderSort (0ms)
		DisableScriptedObjects (10ms)
		BackupInstance (0ms)
		ReleaseScriptingObjects (0ms)
		CreateAndSetChildDomain (63ms)
	RebuildCommonClasses (75ms)
	RebuildNativeTypeToScriptingClass (29ms)
	initialDomainReloadingComplete (64ms)
	LoadAllAssembliesAndSetupDomain (569ms)
		LoadAssemblies (742ms)
		RebuildTransferFunctionScriptingTraits (0ms)
		AnalyzeDomain (45ms)
			TypeCache.Refresh (13ms)
				TypeCache.ScanAssembly (0ms)
			ScanForSourceGeneratedMonoScriptInfo (0ms)
			ResolveRequiredComponents (25ms)
	FinalizeReload (3504ms)
		ReleaseScriptCaches (0ms)
		RebuildScriptCaches (0ms)
		SetupLoadedEditorAssemblies (1166ms)
			LogAssemblyErrors (0ms)
			InitializePlatformSupportModulesInManaged (49ms)
			SetLoadedEditorAssemblies (11ms)
			RefreshPlugins (0ms)
			BeforeProcessingInitializeOnLoad (168ms)
			ProcessInitializeOnLoadAttributes (779ms)
			ProcessInitializeOnLoadMethodAttributes (137ms)
			AfterProcessingInitializeOnLoad (20ms)
			EditorAssembliesLoaded (1ms)
		ExecutionOrderSort2 (0ms)
		AwakeInstancesAfterBackupRestoration (26ms)
Refreshing native plugins compatible for Editor in 9.40 ms, found 3 plugins.
Preloading 0 native plugins for Editor in 0.00 ms.
Unloading 5913 Unused Serialized files (Serialized files now loaded: 0)
Unloading 46 unused Assets / (440.8 KB). Loaded Objects now: 6842.
Memory consumption went from 243.3 MB to 242.9 MB.
Total: 6.632900 ms (FindLiveObjects: 0.743800 ms CreateObjectMapping: 0.446600 ms MarkObjects: 5.084400 ms  DeleteObjects: 0.355900 ms)

Prepare: number of updated asset objects reloaded= 0
AssetImportParameters requested are different than current active one (requested -> active):
  custom:container-demuxer-ogg: 62fdf1f143b41e24485cea50d1cbac27 -> 
  custom:video-codec-MediaFoundation-h265: 746d11721c4dcdbdad8f713fa42b33f4 -> 
  custom:video-decoder-ogg-theora: a1e56fd34408186e4bbccfd4996cb3dc -> 
  custom:framework-win-MediaFoundation: 216162199b28c13a410421893ffa2e32 -> 
  custom:CustomObjectIndexerAttribute: 72b91833f83ae208fae7752999fa3104 -> 
  custom:container-demuxer-webm: 4f35f7cbe854078d1ac9338744f61a02 -> 
  custom:container-muxer-webm: aa71ff27fc2769a1b78a27578f13a17b -> 
  custom:video-decoder-webm-vp8: 9c59270c3fd7afecdb556c50c9e8de78 -> 
  custom:SearchIndexIgnoredProperties: e643bd26f0fe6173181afceb89e7c659 -> 
  custom:AudioImporter_EditorPlatform: d09bf68614088b80899f8185d706f6e7 -> 
  custom:video-encoder-webm-vp8: eb34c28f22e8b96e1ab97ce403110664 -> 
  custom:audio-decoder-ogg-vorbis: bf7c407c2cedff20999df2af8eb42d56 -> 
  custom:audio-encoder-webm-vorbis: bf7c407c2cedff20999df2af8eb42d56 -> 
========================================================================
Received Prepare
Begin MonoManager ReloadAssembly
- Loaded All Assemblies, in  1.327 seconds
Refreshing native plugins compatible for Editor in 9.43 ms, found 3 plugins.
Native extension for WindowsStandalone target not found
Native extension for Android target not found
Native extension for WebGL target not found
Mono: successfully reloaded assembly
- Finished resetting the current domain, in  3.710 seconds
Domain Reload Profiling: 5030ms
	BeginReloadAssembly (322ms)
		ExecutionOrderSort (0ms)
		DisableScriptedObjects (10ms)
		BackupInstance (0ms)
		ReleaseScriptingObjects (0ms)
		CreateAndSetChildDomain (82ms)
	RebuildCommonClasses (85ms)
	RebuildNativeTypeToScriptingClass (31ms)
	initialDomainReloadingComplete (79ms)
	LoadAllAssembliesAndSetupDomain (802ms)
		LoadAssemblies (865ms)
		RebuildTransferFunctionScriptingTraits (0ms)
		AnalyzeDomain (109ms)
			TypeCache.Refresh (25ms)
				TypeCache.ScanAssembly (1ms)
			ScanForSourceGeneratedMonoScriptInfo (53ms)
			ResolveRequiredComponents (25ms)
	FinalizeReload (3711ms)
		ReleaseScriptCaches (0ms)
		RebuildScriptCaches (0ms)
		SetupLoadedEditorAssemblies (1608ms)
			LogAssemblyErrors (0ms)
			InitializePlatformSupportModulesInManaged (78ms)
			SetLoadedEditorAssemblies (18ms)
			RefreshPlugins (0ms)
			BeforeProcessingInitializeOnLoad (238ms)
			ProcessInitializeOnLoadAttributes (1080ms)
			ProcessInitializeOnLoadMethodAttributes (141ms)
			AfterProcessingInitializeOnLoad (54ms)
			EditorAssembliesLoaded (1ms)
		ExecutionOrderSort2 (1ms)
		AwakeInstancesAfterBackupRestoration (46ms)
Script is not up to date after domain reload: guid(071980355a146f1428244ef07a9be196) path("Assets/Player/Scripts/PlayerController.cs") state(2)
Refreshing native plugins compatible for Editor in 10.31 ms, found 3 plugins.
Preloading 0 native plugins for Editor in 0.00 ms.
Unloading 5912 Unused Serialized files (Serialized files now loaded: 0)
Unloading 46 unused Assets / (457.2 KB). Loaded Objects now: 6857.
Memory consumption went from 245.2 MB to 244.8 MB.
Total: 7.062500 ms (FindLiveObjects: 0.792700 ms CreateObjectMapping: 0.546400 ms MarkObjects: 5.350000 ms  DeleteObjects: 0.371500 ms)

Prepare: number of updated asset objects reloaded= 0
AssetImportParameters requested are different than current active one (requested -> active):
  custom:container-demuxer-ogg: 62fdf1f143b41e24485cea50d1cbac27 -> 
  custom:video-codec-MediaFoundation-h265: 746d11721c4dcdbdad8f713fa42b33f4 -> 
  custom:video-decoder-ogg-theora: a1e56fd34408186e4bbccfd4996cb3dc -> 
  custom:framework-win-MediaFoundation: 216162199b28c13a410421893ffa2e32 -> 
  custom:CustomObjectIndexerAttribute: 72b91833f83ae208fae7752999fa3104 -> 
  custom:container-demuxer-webm: 4f35f7cbe854078d1ac9338744f61a02 -> 
  custom:container-muxer-webm: aa71ff27fc2769a1b78a27578f13a17b -> 
  custom:video-decoder-webm-vp8: 9c59270c3fd7afecdb556c50c9e8de78 -> 
  custom:SearchIndexIgnoredProperties: e643bd26f0fe6173181afceb89e7c659 -> 
  custom:AudioImporter_EditorPlatform: d09bf68614088b80899f8185d706f6e7 -> 
  custom:video-encoder-webm-vp8: eb34c28f22e8b96e1ab97ce403110664 -> 
  custom:audio-decoder-ogg-vorbis: bf7c407c2cedff20999df2af8eb42d56 -> 
  custom:audio-encoder-webm-vorbis: bf7c407c2cedff20999df2af8eb42d56 -> 
========================================================================
Received Prepare
Begin MonoManager ReloadAssembly
- Loaded All Assemblies, in  1.250 seconds
Refreshing native plugins compatible for Editor in 9.29 ms, found 3 plugins.
Native extension for WindowsStandalone target not found
Native extension for Android target not found
Native extension for WebGL target not found
Mono: successfully reloaded assembly
- Finished resetting the current domain, in  3.572 seconds
Domain Reload Profiling: 4814ms
	BeginReloadAssembly (331ms)
		ExecutionOrderSort (0ms)
		DisableScriptedObjects (10ms)
		BackupInstance (0ms)
		ReleaseScriptingObjects (0ms)
		CreateAndSetChildDomain (87ms)
	RebuildCommonClasses (76ms)
	RebuildNativeTypeToScriptingClass (37ms)
	initialDomainReloadingComplete (69ms)
	LoadAllAssembliesAndSetupDomain (728ms)
		LoadAssemblies (746ms)
		RebuildTransferFunctionScriptingTraits (0ms)
		AnalyzeDomain (150ms)
			TypeCache.Refresh (36ms)
				TypeCache.ScanAssembly (2ms)
			ScanForSourceGeneratedMonoScriptInfo (74ms)
			ResolveRequiredComponents (32ms)
	FinalizeReload (3573ms)
		ReleaseScriptCaches (0ms)
		RebuildScriptCaches (0ms)
		SetupLoadedEditorAssemblies (1683ms)
			LogAssemblyErrors (0ms)
			InitializePlatformSupportModulesInManaged (62ms)
			SetLoadedEditorAssemblies (10ms)
			RefreshPlugins (0ms)
			BeforeProcessingInitializeOnLoad (188ms)
			ProcessInitializeOnLoadAttributes (1267ms)
			ProcessInitializeOnLoadMethodAttributes (142ms)
			AfterProcessingInitializeOnLoad (14ms)
			EditorAssembliesLoaded (1ms)
		ExecutionOrderSort2 (0ms)
		AwakeInstancesAfterBackupRestoration (24ms)
Script is not up to date after domain reload: guid(071980355a146f1428244ef07a9be196) path("Assets/Player/Scripts/PlayerController.cs") state(2)
Refreshing native plugins compatible for Editor in 9.35 ms, found 3 plugins.
Preloading 0 native plugins for Editor in 0.00 ms.
Unloading 5912 Unused Serialized files (Serialized files now loaded: 0)
Unloading 46 unused Assets / (433.2 KB). Loaded Objects now: 6873.
Memory consumption went from 247.1 MB to 246.6 MB.
Total: 6.880700 ms (FindLiveObjects: 0.793400 ms CreateObjectMapping: 0.516500 ms MarkObjects: 5.227900 ms  DeleteObjects: 0.341300 ms)

Prepare: number of updated asset objects reloaded= 0
AssetImportParameters requested are different than current active one (requested -> active):
  custom:container-demuxer-ogg: 62fdf1f143b41e24485cea50d1cbac27 -> 
  custom:video-codec-MediaFoundation-h265: 746d11721c4dcdbdad8f713fa42b33f4 -> 
  custom:video-decoder-ogg-theora: a1e56fd34408186e4bbccfd4996cb3dc -> 
  custom:framework-win-MediaFoundation: 216162199b28c13a410421893ffa2e32 -> 
  custom:CustomObjectIndexerAttribute: 72b91833f83ae208fae7752999fa3104 -> 
  custom:container-demuxer-webm: 4f35f7cbe854078d1ac9338744f61a02 -> 
  custom:container-muxer-webm: aa71ff27fc2769a1b78a27578f13a17b -> 
  custom:video-decoder-webm-vp8: 9c59270c3fd7afecdb556c50c9e8de78 -> 
  custom:SearchIndexIgnoredProperties: e643bd26f0fe6173181afceb89e7c659 -> 
  custom:AudioImporter_EditorPlatform: d09bf68614088b80899f8185d706f6e7 -> 
  custom:video-encoder-webm-vp8: eb34c28f22e8b96e1ab97ce403110664 -> 
  custom:audio-decoder-ogg-vorbis: bf7c407c2cedff20999df2af8eb42d56 -> 
  custom:audio-encoder-webm-vorbis: bf7c407c2cedff20999df2af8eb42d56 -> 
========================================================================
Received Prepare
Begin MonoManager ReloadAssembly
- Loaded All Assemblies, in  1.208 seconds
Refreshing native plugins compatible for Editor in 18.69 ms, found 3 plugins.
Native extension for WindowsStandalone target not found
Native extension for Android target not found
Native extension for WebGL target not found
Mono: successfully reloaded assembly
- Finished resetting the current domain, in  3.443 seconds
Domain Reload Profiling: 4643ms
	BeginReloadAssembly (320ms)
		ExecutionOrderSort (0ms)
		DisableScriptedObjects (9ms)
		BackupInstance (0ms)
		ReleaseScriptingObjects (0ms)
		CreateAndSetChildDomain (84ms)
	RebuildCommonClasses (88ms)
	RebuildNativeTypeToScriptingClass (24ms)
	initialDomainReloadingComplete (75ms)
	LoadAllAssembliesAndSetupDomain (692ms)
		LoadAssemblies (738ms)
		RebuildTransferFunctionScriptingTraits (0ms)
		AnalyzeDomain (111ms)
			TypeCache.Refresh (20ms)
				TypeCache.ScanAssembly (1ms)
			ScanForSourceGeneratedMonoScriptInfo (54ms)
			ResolveRequiredComponents (26ms)
	FinalizeReload (3444ms)
		ReleaseScriptCaches (0ms)
		RebuildScriptCaches (0ms)
		SetupLoadedEditorAssemblies (1446ms)
			LogAssemblyErrors (0ms)
			InitializePlatformSupportModulesInManaged (70ms)
			SetLoadedEditorAssemblies (10ms)
			RefreshPlugins (0ms)
			BeforeProcessingInitializeOnLoad (199ms)
			ProcessInitializeOnLoadAttributes (972ms)
			ProcessInitializeOnLoadMethodAttributes (161ms)
			AfterProcessingInitializeOnLoad (32ms)
			EditorAssembliesLoaded (1ms)
		ExecutionOrderSort2 (0ms)
		AwakeInstancesAfterBackupRestoration (27ms)
Refreshing native plugins compatible for Editor in 9.44 ms, found 3 plugins.
Preloading 0 native plugins for Editor in 0.00 ms.
Unloading 5913 Unused Serialized files (Serialized files now loaded: 0)
Unloading 46 unused Assets / (433.4 KB). Loaded Objects now: 6890.
Memory consumption went from 249.1 MB to 248.6 MB.
Total: 7.224700 ms (FindLiveObjects: 1.068700 ms CreateObjectMapping: 0.605700 ms MarkObjects: 5.100300 ms  DeleteObjects: 0.447000 ms)

Prepare: number of updated asset objects reloaded= 0
AssetImportParameters requested are different than current active one (requested -> active):
  custom:container-demuxer-ogg: 62fdf1f143b41e24485cea50d1cbac27 -> 
  custom:video-codec-MediaFoundation-h265: 746d11721c4dcdbdad8f713fa42b33f4 -> 
  custom:video-decoder-ogg-theora: a1e56fd34408186e4bbccfd4996cb3dc -> 
  custom:framework-win-MediaFoundation: 216162199b28c13a410421893ffa2e32 -> 
  custom:CustomObjectIndexerAttribute: 72b91833f83ae208fae7752999fa3104 -> 
  custom:container-demuxer-webm: 4f35f7cbe854078d1ac9338744f61a02 -> 
  custom:container-muxer-webm: aa71ff27fc2769a1b78a27578f13a17b -> 
  custom:video-decoder-webm-vp8: 9c59270c3fd7afecdb556c50c9e8de78 -> 
  custom:SearchIndexIgnoredProperties: e643bd26f0fe6173181afceb89e7c659 -> 
  custom:AudioImporter_EditorPlatform: d09bf68614088b80899f8185d706f6e7 -> 
  custom:video-encoder-webm-vp8: eb34c28f22e8b96e1ab97ce403110664 -> 
  custom:audio-decoder-ogg-vorbis: bf7c407c2cedff20999df2af8eb42d56 -> 
  custom:audio-encoder-webm-vorbis: bf7c407c2cedff20999df2af8eb42d56 -> 
========================================================================
Received Prepare
Begin MonoManager ReloadAssembly
- Loaded All Assemblies, in  1.134 seconds
Refreshing native plugins compatible for Editor in 8.89 ms, found 3 plugins.
Native extension for WindowsStandalone target not found
Native extension for Android target not found
Native extension for WebGL target not found
Mono: successfully reloaded assembly
- Finished resetting the current domain, in  3.296 seconds
Domain Reload Profiling: 4421ms
	BeginReloadAssembly (347ms)
		ExecutionOrderSort (0ms)
		DisableScriptedObjects (10ms)
		BackupInstance (0ms)
		ReleaseScriptingObjects (0ms)
		CreateAndSetChildDomain (95ms)
	RebuildCommonClasses (69ms)
	RebuildNativeTypeToScriptingClass (22ms)
	initialDomainReloadingComplete (73ms)
	LoadAllAssembliesAndSetupDomain (613ms)
		LoadAssemblies (683ms)
		RebuildTransferFunctionScriptingTraits (0ms)
		AnalyzeDomain (106ms)
			TypeCache.Refresh (22ms)
				TypeCache.ScanAssembly (1ms)
			ScanForSourceGeneratedMonoScriptInfo (52ms)
			ResolveRequiredComponents (26ms)
	FinalizeReload (3297ms)
		ReleaseScriptCaches (0ms)
		RebuildScriptCaches (0ms)
		SetupLoadedEditorAssemblies (1280ms)
			LogAssemblyErrors (0ms)
			InitializePlatformSupportModulesInManaged (53ms)
			SetLoadedEditorAssemblies (11ms)
			RefreshPlugins (0ms)
			BeforeProcessingInitializeOnLoad (180ms)
			ProcessInitializeOnLoadAttributes (869ms)
			ProcessInitializeOnLoadMethodAttributes (148ms)
			AfterProcessingInitializeOnLoad (19ms)
			EditorAssembliesLoaded (0ms)
		ExecutionOrderSort2 (0ms)
		AwakeInstancesAfterBackupRestoration (21ms)
Refreshing native plugins compatible for Editor in 11.29 ms, found 3 plugins.
Preloading 0 native plugins for Editor in 0.00 ms.
Unloading 5913 Unused Serialized files (Serialized files now loaded: 0)
Unloading 46 unused Assets / (457.5 KB). Loaded Objects now: 6906.
Memory consumption went from 251.0 MB to 250.6 MB.
Total: 7.268100 ms (FindLiveObjects: 0.866300 ms CreateObjectMapping: 0.514800 ms MarkObjects: 5.521700 ms  DeleteObjects: 0.363800 ms)

Prepare: number of updated asset objects reloaded= 0
AssetImportParameters requested are different than current active one (requested -> active):
  custom:container-demuxer-ogg: 62fdf1f143b41e24485cea50d1cbac27 -> 
  custom:video-codec-MediaFoundation-h265: 746d11721c4dcdbdad8f713fa42b33f4 -> 
  custom:video-decoder-ogg-theora: a1e56fd34408186e4bbccfd4996cb3dc -> 
  custom:framework-win-MediaFoundation: 216162199b28c13a410421893ffa2e32 -> 
  custom:CustomObjectIndexerAttribute: 72b91833f83ae208fae7752999fa3104 -> 
  custom:container-demuxer-webm: 4f35f7cbe854078d1ac9338744f61a02 -> 
  custom:container-muxer-webm: aa71ff27fc2769a1b78a27578f13a17b -> 
  custom:video-decoder-webm-vp8: 9c59270c3fd7afecdb556c50c9e8de78 -> 
  custom:SearchIndexIgnoredProperties: e643bd26f0fe6173181afceb89e7c659 -> 
  custom:AudioImporter_EditorPlatform: d09bf68614088b80899f8185d706f6e7 -> 
  custom:video-encoder-webm-vp8: eb34c28f22e8b96e1ab97ce403110664 -> 
  custom:audio-decoder-ogg-vorbis: bf7c407c2cedff20999df2af8eb42d56 -> 
  custom:audio-encoder-webm-vorbis: bf7c407c2cedff20999df2af8eb42d56 -> 
========================================================================
Received Prepare
Begin MonoManager ReloadAssembly
- Loaded All Assemblies, in  1.174 seconds
Refreshing native plugins compatible for Editor in 10.72 ms, found 3 plugins.
Native extension for WindowsStandalone target not found
Native extension for Android target not found
Native extension for WebGL target not found
Mono: successfully reloaded assembly
- Finished resetting the current domain, in  3.529 seconds
Domain Reload Profiling: 4693ms
	BeginReloadAssembly (318ms)
		ExecutionOrderSort (0ms)
		DisableScriptedObjects (9ms)
		BackupInstance (0ms)
		ReleaseScriptingObjects (0ms)
		CreateAndSetChildDomain (72ms)
	RebuildCommonClasses (73ms)
	RebuildNativeTypeToScriptingClass (30ms)
	initialDomainReloadingComplete (82ms)
	LoadAllAssembliesAndSetupDomain (660ms)
		LoadAssemblies (716ms)
		RebuildTransferFunctionScriptingTraits (0ms)
		AnalyzeDomain (112ms)
			TypeCache.Refresh (26ms)
				TypeCache.ScanAssembly (1ms)
			ScanForSourceGeneratedMonoScriptInfo (52ms)
			ResolveRequiredComponents (28ms)
	FinalizeReload (3531ms)
		ReleaseScriptCaches (0ms)
		RebuildScriptCaches (0ms)
		SetupLoadedEditorAssemblies (1496ms)
			LogAssemblyErrors (0ms)
			InitializePlatformSupportModulesInManaged (109ms)
			SetLoadedEditorAssemblies (22ms)
			RefreshPlugins (0ms)
			BeforeProcessingInitializeOnLoad (231ms)
			ProcessInitializeOnLoadAttributes (992ms)
			ProcessInitializeOnLoadMethodAttributes (127ms)
			AfterProcessingInitializeOnLoad (14ms)
			EditorAssembliesLoaded (0ms)
		ExecutionOrderSort2 (0ms)
		AwakeInstancesAfterBackupRestoration (23ms)
Script is not up to date after domain reload: guid(d2d27be93f54b5440aa2e80c8a88f8b2) path("Assets/Player/Scripts/PlayerLoadout.cs") state(2)
Refreshing native plugins compatible for Editor in 10.08 ms, found 3 plugins.
Preloading 0 native plugins for Editor in 0.00 ms.
Unloading 5912 Unused Serialized files (Serialized files now loaded: 0)
Unloading 46 unused Assets / (433.3 KB). Loaded Objects now: 6921.
Memory consumption went from 252.9 MB to 252.5 MB.
Total: 7.056100 ms (FindLiveObjects: 0.785600 ms CreateObjectMapping: 0.548300 ms MarkObjects: 5.419500 ms  DeleteObjects: 0.300800 ms)

Prepare: number of updated asset objects reloaded= 0
AssetImportParameters requested are different than current active one (requested -> active):
  custom:container-demuxer-ogg: 62fdf1f143b41e24485cea50d1cbac27 -> 
  custom:video-codec-MediaFoundation-h265: 746d11721c4dcdbdad8f713fa42b33f4 -> 
  custom:video-decoder-ogg-theora: a1e56fd34408186e4bbccfd4996cb3dc -> 
  custom:framework-win-MediaFoundation: 216162199b28c13a410421893ffa2e32 -> 
  custom:CustomObjectIndexerAttribute: 72b91833f83ae208fae7752999fa3104 -> 
  custom:container-demuxer-webm: 4f35f7cbe854078d1ac9338744f61a02 -> 
  custom:container-muxer-webm: aa71ff27fc2769a1b78a27578f13a17b -> 
  custom:video-decoder-webm-vp8: 9c59270c3fd7afecdb556c50c9e8de78 -> 
  custom:SearchIndexIgnoredProperties: e643bd26f0fe6173181afceb89e7c659 -> 
  custom:AudioImporter_EditorPlatform: d09bf68614088b80899f8185d706f6e7 -> 
  custom:video-encoder-webm-vp8: eb34c28f22e8b96e1ab97ce403110664 -> 
  custom:audio-decoder-ogg-vorbis: bf7c407c2cedff20999df2af8eb42d56 -> 
  custom:audio-encoder-webm-vorbis: bf7c407c2cedff20999df2af8eb42d56 -> 
========================================================================
Received Prepare
Begin MonoManager ReloadAssembly
- Loaded All Assemblies, in  1.347 seconds
Refreshing native plugins compatible for Editor in 9.31 ms, found 3 plugins.
Native extension for WindowsStandalone target not found
Native extension for Android target not found
Native extension for WebGL target not found
Mono: successfully reloaded assembly
- Finished resetting the current domain, in  3.387 seconds
Domain Reload Profiling: 4716ms
	BeginReloadAssembly (347ms)
		ExecutionOrderSort (0ms)
		DisableScriptedObjects (10ms)
		BackupInstance (0ms)
		ReleaseScriptingObjects (0ms)
		CreateAndSetChildDomain (70ms)
	RebuildCommonClasses (86ms)
	RebuildNativeTypeToScriptingClass (34ms)
	initialDomainReloadingComplete (106ms)
	LoadAllAssembliesAndSetupDomain (755ms)
		LoadAssemblies (837ms)
		RebuildTransferFunctionScriptingTraits (0ms)
		AnalyzeDomain (116ms)
			TypeCache.Refresh (22ms)
				TypeCache.ScanAssembly (1ms)
			ScanForSourceGeneratedMonoScriptInfo (61ms)
			ResolveRequiredComponents (27ms)
	FinalizeReload (3388ms)
		ReleaseScriptCaches (0ms)
		RebuildScriptCaches (0ms)
		SetupLoadedEditorAssemblies (1239ms)
			LogAssemblyErrors (0ms)
			InitializePlatformSupportModulesInManaged (55ms)
			SetLoadedEditorAssemblies (9ms)
			RefreshPlugins (0ms)
			BeforeProcessingInitializeOnLoad (178ms)
			ProcessInitializeOnLoadAttributes (853ms)
			ProcessInitializeOnLoadMethodAttributes (129ms)
			AfterProcessingInitializeOnLoad (14ms)
			EditorAssembliesLoaded (0ms)
		ExecutionOrderSort2 (0ms)
		AwakeInstancesAfterBackupRestoration (34ms)
Script is not up to date after domain reload: guid(d2d27be93f54b5440aa2e80c8a88f8b2) path("Assets/Player/Scripts/PlayerLoadout.cs") state(2)
Refreshing native plugins compatible for Editor in 10.28 ms, found 3 plugins.
Preloading 0 native plugins for Editor in 0.00 ms.
Unloading 5912 Unused Serialized files (Serialized files now loaded: 0)
Unloading 46 unused Assets / (433.4 KB). Loaded Objects now: 6937.
Memory consumption went from 254.8 MB to 254.4 MB.
Total: 6.902500 ms (FindLiveObjects: 0.708600 ms CreateObjectMapping: 0.443000 ms MarkObjects: 5.445300 ms  DeleteObjects: 0.303800 ms)

Prepare: number of updated asset objects reloaded= 0
AssetImportParameters requested are different than current active one (requested -> active):
  custom:container-demuxer-ogg: 62fdf1f143b41e24485cea50d1cbac27 -> 
  custom:video-codec-MediaFoundation-h265: 746d11721c4dcdbdad8f713fa42b33f4 -> 
  custom:video-decoder-ogg-theora: a1e56fd34408186e4bbccfd4996cb3dc -> 
  custom:framework-win-MediaFoundation: 216162199b28c13a410421893ffa2e32 -> 
  custom:CustomObjectIndexerAttribute: 72b91833f83ae208fae7752999fa3104 -> 
  custom:container-demuxer-webm: 4f35f7cbe854078d1ac9338744f61a02 -> 
  custom:container-muxer-webm: aa71ff27fc2769a1b78a27578f13a17b -> 
  custom:video-decoder-webm-vp8: 9c59270c3fd7afecdb556c50c9e8de78 -> 
  custom:SearchIndexIgnoredProperties: e643bd26f0fe6173181afceb89e7c659 -> 
  custom:AudioImporter_EditorPlatform: d09bf68614088b80899f8185d706f6e7 -> 
  custom:video-encoder-webm-vp8: eb34c28f22e8b96e1ab97ce403110664 -> 
  custom:audio-decoder-ogg-vorbis: bf7c407c2cedff20999df2af8eb42d56 -> 
  custom:audio-encoder-webm-vorbis: bf7c407c2cedff20999df2af8eb42d56 -> 
========================================================================
Received Prepare
Begin MonoManager ReloadAssembly
- Loaded All Assemblies, in  1.098 seconds
Refreshing native plugins compatible for Editor in 12.20 ms, found 3 plugins.
Native extension for WindowsStandalone target not found
Native extension for Android target not found
Native extension for WebGL target not found
Mono: successfully reloaded assembly
- Finished resetting the current domain, in  3.142 seconds
Domain Reload Profiling: 4229ms
	BeginReloadAssembly (319ms)
		ExecutionOrderSort (0ms)
		DisableScriptedObjects (9ms)
		BackupInstance (0ms)
		ReleaseScriptingObjects (0ms)
		CreateAndSetChildDomain (60ms)
	RebuildCommonClasses (75ms)
	RebuildNativeTypeToScriptingClass (34ms)
	initialDomainReloadingComplete (79ms)
	LoadAllAssembliesAndSetupDomain (580ms)
		LoadAssemblies (666ms)
		RebuildTransferFunctionScriptingTraits (0ms)
		AnalyzeDomain (99ms)
			TypeCache.Refresh (18ms)
				TypeCache.ScanAssembly (1ms)
			ScanForSourceGeneratedMonoScriptInfo (51ms)
			ResolveRequiredComponents (23ms)
	FinalizeReload (3143ms)
		ReleaseScriptCaches (0ms)
		RebuildScriptCaches (0ms)
		SetupLoadedEditorAssemblies (1294ms)
			LogAssemblyErrors (0ms)
			InitializePlatformSupportModulesInManaged (53ms)
			SetLoadedEditorAssemblies (10ms)
			RefreshPlugins (0ms)
			BeforeProcessingInitializeOnLoad (177ms)
			ProcessInitializeOnLoadAttributes (858ms)
			ProcessInitializeOnLoadMethodAttributes (176ms)
			AfterProcessingInitializeOnLoad (20ms)
			EditorAssembliesLoaded (1ms)
		ExecutionOrderSort2 (0ms)
		AwakeInstancesAfterBackupRestoration (31ms)
Refreshing native plugins compatible for Editor in 11.12 ms, found 3 plugins.
Preloading 0 native plugins for Editor in 0.00 ms.
Unloading 5913 Unused Serialized files (Serialized files now loaded: 0)
Unloading 46 unused Assets / (457.2 KB). Loaded Objects now: 6954.
Memory consumption went from 256.7 MB to 256.3 MB.
Total: 6.989000 ms (FindLiveObjects: 0.771000 ms CreateObjectMapping: 0.625000 ms MarkObjects: 5.249300 ms  DeleteObjects: 0.341400 ms)

Prepare: number of updated asset objects reloaded= 0
AssetImportParameters requested are different than current active one (requested -> active):
  custom:container-demuxer-ogg: 62fdf1f143b41e24485cea50d1cbac27 -> 
  custom:video-codec-MediaFoundation-h265: 746d11721c4dcdbdad8f713fa42b33f4 -> 
  custom:video-decoder-ogg-theora: a1e56fd34408186e4bbccfd4996cb3dc -> 
  custom:framework-win-MediaFoundation: 216162199b28c13a410421893ffa2e32 -> 
  custom:CustomObjectIndexerAttribute: 72b91833f83ae208fae7752999fa3104 -> 
  custom:container-demuxer-webm: 4f35f7cbe854078d1ac9338744f61a02 -> 
  custom:container-muxer-webm: aa71ff27fc2769a1b78a27578f13a17b -> 
  custom:video-decoder-webm-vp8: 9c59270c3fd7afecdb556c50c9e8de78 -> 
  custom:SearchIndexIgnoredProperties: e643bd26f0fe6173181afceb89e7c659 -> 
  custom:AudioImporter_EditorPlatform: d09bf68614088b80899f8185d706f6e7 -> 
  custom:video-encoder-webm-vp8: eb34c28f22e8b96e1ab97ce403110664 -> 
  custom:audio-decoder-ogg-vorbis: bf7c407c2cedff20999df2af8eb42d56 -> 
  custom:audio-encoder-webm-vorbis: bf7c407c2cedff20999df2af8eb42d56 -> 
========================================================================
Received Prepare
Begin MonoManager ReloadAssembly
- Loaded All Assemblies, in  1.060 seconds
Refreshing native plugins compatible for Editor in 9.83 ms, found 3 plugins.
Native extension for WindowsStandalone target not found
Native extension for Android target not found
Native extension for WebGL target not found
Mono: successfully reloaded assembly
- Finished resetting the current domain, in  3.100 seconds
Domain Reload Profiling: 4152ms
	BeginReloadAssembly (315ms)
		ExecutionOrderSort (0ms)
		DisableScriptedObjects (8ms)
		BackupInstance (0ms)
		ReleaseScriptingObjects (0ms)
		CreateAndSetChildDomain (66ms)
	RebuildCommonClasses (60ms)
	RebuildNativeTypeToScriptingClass (24ms)
	initialDomainReloadingComplete (66ms)
	LoadAllAssembliesAndSetupDomain (586ms)
		LoadAssemblies (664ms)
		RebuildTransferFunctionScriptingTraits (0ms)
		AnalyzeDomain (99ms)
			TypeCache.Refresh (19ms)
				TypeCache.ScanAssembly (1ms)
			ScanForSourceGeneratedMonoScriptInfo (49ms)
			ResolveRequiredComponents (24ms)
	FinalizeReload (3101ms)
		ReleaseScriptCaches (0ms)
		RebuildScriptCaches (0ms)
		SetupLoadedEditorAssemblies (1269ms)
			LogAssemblyErrors (0ms)
			InitializePlatformSupportModulesInManaged (66ms)
			SetLoadedEditorAssemblies (15ms)
			RefreshPlugins (0ms)
			BeforeProcessingInitializeOnLoad (257ms)
			ProcessInitializeOnLoadAttributes (788ms)
			ProcessInitializeOnLoadMethodAttributes (126ms)
			AfterProcessingInitializeOnLoad (16ms)
			EditorAssembliesLoaded (0ms)
		ExecutionOrderSort2 (0ms)
		AwakeInstancesAfterBackupRestoration (24ms)
Refreshing native plugins compatible for Editor in 10.49 ms, found 3 plugins.
Preloading 0 native plugins for Editor in 0.00 ms.
Unloading 5913 Unused Serialized files (Serialized files now loaded: 0)
Unloading 46 unused Assets / (457.3 KB). Loaded Objects now: 6970.
Memory consumption went from 258.7 MB to 258.3 MB.
Total: 7.230900 ms (FindLiveObjects: 0.852600 ms CreateObjectMapping: 0.647200 ms MarkObjects: 5.394200 ms  DeleteObjects: 0.334200 ms)

Prepare: number of updated asset objects reloaded= 0
AssetImportParameters requested are different than current active one (requested -> active):
  custom:container-demuxer-ogg: 62fdf1f143b41e24485cea50d1cbac27 -> 
  custom:video-codec-MediaFoundation-h265: 746d11721c4dcdbdad8f713fa42b33f4 -> 
  custom:video-decoder-ogg-theora: a1e56fd34408186e4bbccfd4996cb3dc -> 
  custom:framework-win-MediaFoundation: 216162199b28c13a410421893ffa2e32 -> 
  custom:CustomObjectIndexerAttribute: 72b91833f83ae208fae7752999fa3104 -> 
  custom:container-demuxer-webm: 4f35f7cbe854078d1ac9338744f61a02 -> 
  custom:container-muxer-webm: aa71ff27fc2769a1b78a27578f13a17b -> 
  custom:video-decoder-webm-vp8: 9c59270c3fd7afecdb556c50c9e8de78 -> 
  custom:SearchIndexIgnoredProperties: e643bd26f0fe6173181afceb89e7c659 -> 
  custom:AudioImporter_EditorPlatform: d09bf68614088b80899f8185d706f6e7 -> 
  custom:video-encoder-webm-vp8: eb34c28f22e8b96e1ab97ce403110664 -> 
  custom:audio-decoder-ogg-vorbis: bf7c407c2cedff20999df2af8eb42d56 -> 
  custom:audio-encoder-webm-vorbis: bf7c407c2cedff20999df2af8eb42d56 -> 
========================================================================
Received Prepare
Begin MonoManager ReloadAssembly
- Loaded All Assemblies, in  1.067 seconds
Refreshing native plugins compatible for Editor in 9.94 ms, found 3 plugins.
Native extension for WindowsStandalone target not found
Native extension for Android target not found
Native extension for WebGL target not found
Mono: successfully reloaded assembly
- Finished resetting the current domain, in  3.216 seconds
Domain Reload Profiling: 4277ms
	BeginReloadAssembly (342ms)
		ExecutionOrderSort (0ms)
		DisableScriptedObjects (13ms)
		BackupInstance (0ms)
		ReleaseScriptingObjects (0ms)
		CreateAndSetChildDomain (82ms)
	RebuildCommonClasses (60ms)
	RebuildNativeTypeToScriptingClass (23ms)
	initialDomainReloadingComplete (68ms)
	LoadAllAssembliesAndSetupDomain (567ms)
		LoadAssemblies (633ms)
		RebuildTransferFunctionScriptingTraits (0ms)
		AnalyzeDomain (102ms)
			TypeCache.Refresh (20ms)
				TypeCache.ScanAssembly (1ms)
			ScanForSourceGeneratedMonoScriptInfo (50ms)
			ResolveRequiredComponents (27ms)
	FinalizeReload (3217ms)
		ReleaseScriptCaches (0ms)
		RebuildScriptCaches (0ms)
		SetupLoadedEditorAssemblies (1304ms)
			LogAssemblyErrors (0ms)
			InitializePlatformSupportModulesInManaged (54ms)
			SetLoadedEditorAssemblies (10ms)
			RefreshPlugins (0ms)
			BeforeProcessingInitializeOnLoad (197ms)
			ProcessInitializeOnLoadAttributes (894ms)
			ProcessInitializeOnLoadMethodAttributes (133ms)
			AfterProcessingInitializeOnLoad (15ms)
			EditorAssembliesLoaded (0ms)
		ExecutionOrderSort2 (0ms)
		AwakeInstancesAfterBackupRestoration (22ms)
Refreshing native plugins compatible for Editor in 10.15 ms, found 3 plugins.
Preloading 0 native plugins for Editor in 0.00 ms.
Unloading 5913 Unused Serialized files (Serialized files now loaded: 0)
Unloading 46 unused Assets / (433.2 KB). Loaded Objects now: 6986.
Memory consumption went from 260.6 MB to 260.2 MB.
Total: 7.611100 ms (FindLiveObjects: 0.750500 ms CreateObjectMapping: 0.452900 ms MarkObjects: 5.982000 ms  DeleteObjects: 0.423800 ms)

Prepare: number of updated asset objects reloaded= 0
AssetImportParameters requested are different than current active one (requested -> active):
  custom:container-demuxer-ogg: 62fdf1f143b41e24485cea50d1cbac27 -> 
  custom:video-codec-MediaFoundation-h265: 746d11721c4dcdbdad8f713fa42b33f4 -> 
  custom:video-decoder-ogg-theora: a1e56fd34408186e4bbccfd4996cb3dc -> 
  custom:framework-win-MediaFoundation: 216162199b28c13a410421893ffa2e32 -> 
  custom:CustomObjectIndexerAttribute: 72b91833f83ae208fae7752999fa3104 -> 
  custom:container-demuxer-webm: 4f35f7cbe854078d1ac9338744f61a02 -> 
  custom:container-muxer-webm: aa71ff27fc2769a1b78a27578f13a17b -> 
  custom:video-decoder-webm-vp8: 9c59270c3fd7afecdb556c50c9e8de78 -> 
  custom:SearchIndexIgnoredProperties: e643bd26f0fe6173181afceb89e7c659 -> 
  custom:AudioImporter_EditorPlatform: d09bf68614088b80899f8185d706f6e7 -> 
  custom:video-encoder-webm-vp8: eb34c28f22e8b96e1ab97ce403110664 -> 
  custom:audio-decoder-ogg-vorbis: bf7c407c2cedff20999df2af8eb42d56 -> 
  custom:audio-encoder-webm-vorbis: bf7c407c2cedff20999df2af8eb42d56 -> 
========================================================================
Received Prepare
Begin MonoManager ReloadAssembly
- Loaded All Assemblies, in  0.593 seconds
Refreshing native plugins compatible for Editor in 4.72 ms, found 3 plugins.
Native extension for WindowsStandalone target not found
Native extension for Android target not found
Native extension for WebGL target not found
Mono: successfully reloaded assembly
- Finished resetting the current domain, in  1.646 seconds
Domain Reload Profiling: 2236ms
	BeginReloadAssembly (184ms)
		ExecutionOrderSort (0ms)
		DisableScriptedObjects (5ms)
		BackupInstance (0ms)
		ReleaseScriptingObjects (0ms)
		CreateAndSetChildDomain (40ms)
	RebuildCommonClasses (40ms)
	RebuildNativeTypeToScriptingClass (14ms)
	initialDomainReloadingComplete (36ms)
	LoadAllAssembliesAndSetupDomain (315ms)
		LoadAssemblies (381ms)
		RebuildTransferFunctionScriptingTraits (0ms)
		AnalyzeDomain (31ms)
			TypeCache.Refresh (9ms)
				TypeCache.ScanAssembly (0ms)
			ScanForSourceGeneratedMonoScriptInfo (0ms)
			ResolveRequiredComponents (16ms)
	FinalizeReload (1647ms)
		ReleaseScriptCaches (0ms)
		RebuildScriptCaches (0ms)
		SetupLoadedEditorAssemblies (799ms)
			LogAssemblyErrors (0ms)
			InitializePlatformSupportModulesInManaged (30ms)
			SetLoadedEditorAssemblies (7ms)
			RefreshPlugins (0ms)
			BeforeProcessingInitializeOnLoad (109ms)
			ProcessInitializeOnLoadAttributes (545ms)
			ProcessInitializeOnLoadMethodAttributes (99ms)
			AfterProcessingInitializeOnLoad (8ms)
			EditorAssembliesLoaded (0ms)
		ExecutionOrderSort2 (0ms)
		AwakeInstancesAfterBackupRestoration (14ms)
Refreshing native plugins compatible for Editor in 10.50 ms, found 3 plugins.
Preloading 0 native plugins for Editor in 0.00 ms.
Unloading 5913 Unused Serialized files (Serialized files now loaded: 0)
Unloading 46 unused Assets / (457.4 KB). Loaded Objects now: 7002.
Memory consumption went from 262.6 MB to 262.2 MB.
Total: 7.177100 ms (FindLiveObjects: 0.723000 ms CreateObjectMapping: 0.596800 ms MarkObjects: 5.455800 ms  DeleteObjects: 0.399400 ms)

Prepare: number of updated asset objects reloaded= 0
AssetImportParameters requested are different than current active one (requested -> active):
  custom:container-demuxer-ogg: 62fdf1f143b41e24485cea50d1cbac27 -> 
  custom:video-codec-MediaFoundation-h265: 746d11721c4dcdbdad8f713fa42b33f4 -> 
  custom:video-decoder-ogg-theora: a1e56fd34408186e4bbccfd4996cb3dc -> 
  custom:framework-win-MediaFoundation: 216162199b28c13a410421893ffa2e32 -> 
  custom:CustomObjectIndexerAttribute: 72b91833f83ae208fae7752999fa3104 -> 
  custom:container-demuxer-webm: 4f35f7cbe854078d1ac9338744f61a02 -> 
  custom:container-muxer-webm: aa71ff27fc2769a1b78a27578f13a17b -> 
  custom:video-decoder-webm-vp8: 9c59270c3fd7afecdb556c50c9e8de78 -> 
  custom:SearchIndexIgnoredProperties: e643bd26f0fe6173181afceb89e7c659 -> 
  custom:AudioImporter_EditorPlatform: d09bf68614088b80899f8185d706f6e7 -> 
  custom:video-encoder-webm-vp8: eb34c28f22e8b96e1ab97ce403110664 -> 
  custom:audio-decoder-ogg-vorbis: bf7c407c2cedff20999df2af8eb42d56 -> 
  custom:audio-encoder-webm-vorbis: bf7c407c2cedff20999df2af8eb42d56 -> 
========================================================================
Received Import Request.
  Time since last request: 83519.962439 seconds.
  path: Assets/Prefab/MachineGunSentry.prefab
  artifactKey: Guid(cbbb0fbff609e9141b3b5fa8dc63e666) Importer(815301076,1909f56bfc062723c751e8b465ee728b)
Start importing Assets/Prefab/MachineGunSentry.prefab using Guid(cbbb0fbff609e9141b3b5fa8dc63e666) Importer(815301076,1909f56bfc062723c751e8b465ee728b)  -> (artifact id: 'c7c8d59e7b167ad296c642099cc06be3') in 0.099572 seconds
Number of updated asset objects reloaded before import = 0
Number of asset objects unloaded after import = 26
========================================================================
Received Import Request.
  Time since last request: 1.871801 seconds.
  path: Assets/Prefab/Player.prefab
  artifactKey: Guid(e93980672e8e2e24e9f0631a8fc5a9d3) Importer(815301076,1909f56bfc062723c751e8b465ee728b)
Start importing Assets/Prefab/Player.prefab using Guid(e93980672e8e2e24e9f0631a8fc5a9d3) Importer(815301076,1909f56bfc062723c751e8b465ee728b)  -> (artifact id: '2a3384308e5ec6728144533a62a42b45') in 0.393464 seconds
Number of updated asset objects reloaded before import = 0
Number of asset objects unloaded after import = 48
========================================================================
Received Import Request.
  Time since last request: 24.953968 seconds.
  path: Assets/Prefab/Player.prefab
  artifactKey: Guid(e93980672e8e2e24e9f0631a8fc5a9d3) Importer(815301076,1909f56bfc062723c751e8b465ee728b)
Start importing Assets/Prefab/Player.prefab using Guid(e93980672e8e2e24e9f0631a8fc5a9d3) Importer(815301076,1909f56bfc062723c751e8b465ee728b)  -> (artifact id: '3ffa2ae83c213fe38c9756adcf3dd371') in 0.023545 seconds
Number of updated asset objects reloaded before import = 0
Number of asset objects unloaded after import = 30
========================================================================
Received Import Request.
  Time since last request: 7.677748 seconds.
  path: Assets/Prefab/Player.prefab
  artifactKey: Guid(e93980672e8e2e24e9f0631a8fc5a9d3) Importer(815301076,1909f56bfc062723c751e8b465ee728b)
Start importing Assets/Prefab/Player.prefab using Guid(e93980672e8e2e24e9f0631a8fc5a9d3) Importer(815301076,1909f56bfc062723c751e8b465ee728b)  -> (artifact id: '47b3c0a7cfd53f9d06e581b61e3f6ce0') in 0.024953 seconds
Number of updated asset objects reloaded before import = 0
Number of asset objects unloaded after import = 30
========================================================================
Received Prepare
Begin MonoManager ReloadAssembly
- Loaded All Assemblies, in  0.763 seconds
Refreshing native plugins compatible for Editor in 5.44 ms, found 3 plugins.
Native extension for WindowsStandalone target not found
Native extension for Android target not found
Native extension for WebGL target not found
Mono: successfully reloaded assembly
- Finished resetting the current domain, in  1.558 seconds
Domain Reload Profiling: 2318ms
	BeginReloadAssembly (306ms)
		ExecutionOrderSort (0ms)
		DisableScriptedObjects (19ms)
		BackupInstance (0ms)
		ReleaseScriptingObjects (0ms)
		CreateAndSetChildDomain (68ms)
	RebuildCommonClasses (49ms)
	RebuildNativeTypeToScriptingClass (13ms)
	initialDomainReloadingComplete (36ms)
	LoadAllAssembliesAndSetupDomain (356ms)
		LoadAssemblies (446ms)
		RebuildTransferFunctionScriptingTraits (0ms)
		AnalyzeDomain (67ms)
			TypeCache.Refresh (13ms)
				TypeCache.ScanAssembly (0ms)
			ScanForSourceGeneratedMonoScriptInfo (32ms)
			ResolveRequiredComponents (14ms)
	FinalizeReload (1559ms)
		ReleaseScriptCaches (0ms)
		RebuildScriptCaches (0ms)
		SetupLoadedEditorAssemblies (717ms)
			LogAssemblyErrors (0ms)
			InitializePlatformSupportModulesInManaged (34ms)
			SetLoadedEditorAssemblies (6ms)
			RefreshPlugins (0ms)
			BeforeProcessingInitializeOnLoad (110ms)
			ProcessInitializeOnLoadAttributes (481ms)
			ProcessInitializeOnLoadMethodAttributes (79ms)
			AfterProcessingInitializeOnLoad (6ms)
			EditorAssembliesLoaded (0ms)
		ExecutionOrderSort2 (0ms)
		AwakeInstancesAfterBackupRestoration (17ms)
Refreshing native plugins compatible for Editor in 7.81 ms, found 3 plugins.
Preloading 0 native plugins for Editor in 0.00 ms.
Unloading 5913 Unused Serialized files (Serialized files now loaded: 0)
Unloading 46 unused Assets / (457.9 KB). Loaded Objects now: 7065.
Memory consumption went from 265.1 MB to 264.7 MB.
Total: 6.580000 ms (FindLiveObjects: 0.656800 ms CreateObjectMapping: 0.484600 ms MarkObjects: 5.028500 ms  DeleteObjects: 0.408300 ms)

Prepare: number of updated asset objects reloaded= 0
AssetImportParameters requested are different than current active one (requested -> active):
  custom:container-demuxer-ogg: 62fdf1f143b41e24485cea50d1cbac27 -> 
  custom:video-codec-MediaFoundation-h265: 746d11721c4dcdbdad8f713fa42b33f4 -> 
  custom:video-decoder-ogg-theora: a1e56fd34408186e4bbccfd4996cb3dc -> 
  custom:framework-win-MediaFoundation: 216162199b28c13a410421893ffa2e32 -> 
  custom:CustomObjectIndexerAttribute: 72b91833f83ae208fae7752999fa3104 -> 
  custom:container-demuxer-webm: 4f35f7cbe854078d1ac9338744f61a02 -> 
  custom:container-muxer-webm: aa71ff27fc2769a1b78a27578f13a17b -> 
  custom:video-decoder-webm-vp8: 9c59270c3fd7afecdb556c50c9e8de78 -> 
  custom:SearchIndexIgnoredProperties: e643bd26f0fe6173181afceb89e7c659 -> 
  custom:AudioImporter_EditorPlatform: d09bf68614088b80899f8185d706f6e7 -> 
  custom:video-encoder-webm-vp8: eb34c28f22e8b96e1ab97ce403110664 -> 
  custom:audio-decoder-ogg-vorbis: bf7c407c2cedff20999df2af8eb42d56 -> 
  custom:audio-encoder-webm-vorbis: bf7c407c2cedff20999df2af8eb42d56 -> 
========================================================================
Received Prepare
Begin MonoManager ReloadAssembly
- Loaded All Assemblies, in  0.616 seconds
Refreshing native plugins compatible for Editor in 5.25 ms, found 3 plugins.
Native extension for WindowsStandalone target not found
Native extension for Android target not found
Native extension for WebGL target not found
Mono: successfully reloaded assembly
- Finished resetting the current domain, in  1.706 seconds
Domain Reload Profiling: 2320ms
	BeginReloadAssembly (210ms)
		ExecutionOrderSort (0ms)
		DisableScriptedObjects (5ms)
		BackupInstance (0ms)
		ReleaseScriptingObjects (0ms)
		CreateAndSetChildDomain (42ms)
	RebuildCommonClasses (40ms)
	RebuildNativeTypeToScriptingClass (14ms)
	initialDomainReloadingComplete (38ms)
	LoadAllAssembliesAndSetupDomain (312ms)
		LoadAssemblies (400ms)
		RebuildTransferFunctionScriptingTraits (0ms)
		AnalyzeDomain (30ms)
			TypeCache.Refresh (9ms)
				TypeCache.ScanAssembly (0ms)
			ScanForSourceGeneratedMonoScriptInfo (0ms)
			ResolveRequiredComponents (15ms)
	FinalizeReload (1707ms)
		ReleaseScriptCaches (0ms)
		RebuildScriptCaches (0ms)
		SetupLoadedEditorAssemblies (837ms)
			LogAssemblyErrors (0ms)
			InitializePlatformSupportModulesInManaged (33ms)
			SetLoadedEditorAssemblies (7ms)
			RefreshPlugins (0ms)
			BeforeProcessingInitializeOnLoad (119ms)
			ProcessInitializeOnLoadAttributes (579ms)
			ProcessInitializeOnLoadMethodAttributes (91ms)
			AfterProcessingInitializeOnLoad (8ms)
			EditorAssembliesLoaded (0ms)
		ExecutionOrderSort2 (0ms)
		AwakeInstancesAfterBackupRestoration (20ms)
Refreshing native plugins compatible for Editor in 8.43 ms, found 3 plugins.
Preloading 0 native plugins for Editor in 0.00 ms.
Unloading 5913 Unused Serialized files (Serialized files now loaded: 0)
Unloading 46 unused Assets / (434.1 KB). Loaded Objects now: 7081.
Memory consumption went from 266.9 MB to 266.4 MB.
Total: 8.548200 ms (FindLiveObjects: 0.757500 ms CreateObjectMapping: 0.515400 ms MarkObjects: 6.949400 ms  DeleteObjects: 0.324600 ms)

Prepare: number of updated asset objects reloaded= 0
AssetImportParameters requested are different than current active one (requested -> active):
  custom:container-demuxer-ogg: 62fdf1f143b41e24485cea50d1cbac27 -> 
  custom:video-codec-MediaFoundation-h265: 746d11721c4dcdbdad8f713fa42b33f4 -> 
  custom:video-decoder-ogg-theora: a1e56fd34408186e4bbccfd4996cb3dc -> 
  custom:framework-win-MediaFoundation: 216162199b28c13a410421893ffa2e32 -> 
  custom:CustomObjectIndexerAttribute: 72b91833f83ae208fae7752999fa3104 -> 
  custom:container-demuxer-webm: 4f35f7cbe854078d1ac9338744f61a02 -> 
  custom:container-muxer-webm: aa71ff27fc2769a1b78a27578f13a17b -> 
  custom:video-decoder-webm-vp8: 9c59270c3fd7afecdb556c50c9e8de78 -> 
  custom:SearchIndexIgnoredProperties: e643bd26f0fe6173181afceb89e7c659 -> 
  custom:AudioImporter_EditorPlatform: d09bf68614088b80899f8185d706f6e7 -> 
  custom:video-encoder-webm-vp8: eb34c28f22e8b96e1ab97ce403110664 -> 
  custom:audio-decoder-ogg-vorbis: bf7c407c2cedff20999df2af8eb42d56 -> 
  custom:audio-encoder-webm-vorbis: bf7c407c2cedff20999df2af8eb42d56 -> 
========================================================================
Received Prepare
Begin MonoManager ReloadAssembly
- Loaded All Assemblies, in  0.591 seconds
Refreshing native plugins compatible for Editor in 5.47 ms, found 3 plugins.
Native extension for WindowsStandalone target not found
Native extension for Android target not found
Native extension for WebGL target not found
Mono: successfully reloaded assembly
- Finished resetting the current domain, in  1.762 seconds
Domain Reload Profiling: 2350ms
	BeginReloadAssembly (189ms)
		ExecutionOrderSort (0ms)
		DisableScriptedObjects (5ms)
		BackupInstance (0ms)
		ReleaseScriptingObjects (0ms)
		CreateAndSetChildDomain (43ms)
	RebuildCommonClasses (39ms)
	RebuildNativeTypeToScriptingClass (14ms)
	initialDomainReloadingComplete (36ms)
	LoadAllAssembliesAndSetupDomain (310ms)
		LoadAssemblies (378ms)
		RebuildTransferFunctionScriptingTraits (0ms)
		AnalyzeDomain (31ms)
			TypeCache.Refresh (9ms)
				TypeCache.ScanAssembly (0ms)
			ScanForSourceGeneratedMonoScriptInfo (0ms)
			ResolveRequiredComponents (15ms)
	FinalizeReload (1763ms)
		ReleaseScriptCaches (0ms)
		RebuildScriptCaches (0ms)
		SetupLoadedEditorAssemblies (891ms)
			LogAssemblyErrors (0ms)
			InitializePlatformSupportModulesInManaged (42ms)
			SetLoadedEditorAssemblies (8ms)
			RefreshPlugins (0ms)
			BeforeProcessingInitializeOnLoad (146ms)
			ProcessInitializeOnLoadAttributes (591ms)
			ProcessInitializeOnLoadMethodAttributes (96ms)
			AfterProcessingInitializeOnLoad (8ms)
			EditorAssembliesLoaded (0ms)
		ExecutionOrderSort2 (0ms)
		AwakeInstancesAfterBackupRestoration (21ms)
Refreshing native plugins compatible for Editor in 9.35 ms, found 3 plugins.
Preloading 0 native plugins for Editor in 0.00 ms.
Unloading 5913 Unused Serialized files (Serialized files now loaded: 0)
Unloading 46 unused Assets / (458.4 KB). Loaded Objects now: 7097.
Memory consumption went from 268.9 MB to 268.4 MB.
Total: 7.317400 ms (FindLiveObjects: 0.723000 ms CreateObjectMapping: 0.537900 ms MarkObjects: 5.598900 ms  DeleteObjects: 0.455600 ms)

Prepare: number of updated asset objects reloaded= 0
AssetImportParameters requested are different than current active one (requested -> active):
  custom:container-demuxer-ogg: 62fdf1f143b41e24485cea50d1cbac27 -> 
  custom:video-codec-MediaFoundation-h265: 746d11721c4dcdbdad8f713fa42b33f4 -> 
  custom:video-decoder-ogg-theora: a1e56fd34408186e4bbccfd4996cb3dc -> 
  custom:framework-win-MediaFoundation: 216162199b28c13a410421893ffa2e32 -> 
  custom:CustomObjectIndexerAttribute: 72b91833f83ae208fae7752999fa3104 -> 
  custom:container-demuxer-webm: 4f35f7cbe854078d1ac9338744f61a02 -> 
  custom:container-muxer-webm: aa71ff27fc2769a1b78a27578f13a17b -> 
  custom:video-decoder-webm-vp8: 9c59270c3fd7afecdb556c50c9e8de78 -> 
  custom:SearchIndexIgnoredProperties: e643bd26f0fe6173181afceb89e7c659 -> 
  custom:AudioImporter_EditorPlatform: d09bf68614088b80899f8185d706f6e7 -> 
  custom:video-encoder-webm-vp8: eb34c28f22e8b96e1ab97ce403110664 -> 
  custom:audio-decoder-ogg-vorbis: bf7c407c2cedff20999df2af8eb42d56 -> 
  custom:audio-encoder-webm-vorbis: bf7c407c2cedff20999df2af8eb42d56 -> 
========================================================================
Received Prepare
Begin MonoManager ReloadAssembly
- Loaded All Assemblies, in  0.594 seconds
Refreshing native plugins compatible for Editor in 4.83 ms, found 3 plugins.
Native extension for WindowsStandalone target not found
Native extension for Android target not found
Native extension for WebGL target not found
Mono: successfully reloaded assembly
- Finished resetting the current domain, in  1.635 seconds
Domain Reload Profiling: 2226ms
	BeginReloadAssembly (187ms)
		ExecutionOrderSort (0ms)
		DisableScriptedObjects (5ms)
		BackupInstance (0ms)
		ReleaseScriptingObjects (0ms)
		CreateAndSetChildDomain (43ms)
	RebuildCommonClasses (40ms)
	RebuildNativeTypeToScriptingClass (14ms)
	initialDomainReloadingComplete (37ms)
	LoadAllAssembliesAndSetupDomain (312ms)
		LoadAssemblies (379ms)
		RebuildTransferFunctionScriptingTraits (0ms)
		AnalyzeDomain (31ms)
			TypeCache.Refresh (9ms)
				TypeCache.ScanAssembly (0ms)
			ScanForSourceGeneratedMonoScriptInfo (0ms)
			ResolveRequiredComponents (17ms)
	FinalizeReload (1635ms)
		ReleaseScriptCaches (0ms)
		RebuildScriptCaches (0ms)
		SetupLoadedEditorAssemblies (788ms)
			LogAssemblyErrors (0ms)
			InitializePlatformSupportModulesInManaged (34ms)
			SetLoadedEditorAssemblies (6ms)
			RefreshPlugins (0ms)
			BeforeProcessingInitializeOnLoad (117ms)
			ProcessInitializeOnLoadAttributes (531ms)
			ProcessInitializeOnLoadMethodAttributes (92ms)
			AfterProcessingInitializeOnLoad (8ms)
			EditorAssembliesLoaded (0ms)
		ExecutionOrderSort2 (0ms)
		AwakeInstancesAfterBackupRestoration (20ms)
Refreshing native plugins compatible for Editor in 7.43 ms, found 3 plugins.
Preloading 0 native plugins for Editor in 0.00 ms.
Unloading 5913 Unused Serialized files (Serialized files now loaded: 0)
Unloading 46 unused Assets / (458.3 KB). Loaded Objects now: 7113.
Memory consumption went from 270.8 MB to 270.4 MB.
Total: 6.980200 ms (FindLiveObjects: 0.670800 ms CreateObjectMapping: 0.516100 ms MarkObjects: 5.329900 ms  DeleteObjects: 0.460800 ms)

Prepare: number of updated asset objects reloaded= 0
AssetImportParameters requested are different than current active one (requested -> active):
  custom:container-demuxer-ogg: 62fdf1f143b41e24485cea50d1cbac27 -> 
  custom:video-codec-MediaFoundation-h265: 746d11721c4dcdbdad8f713fa42b33f4 -> 
  custom:video-decoder-ogg-theora: a1e56fd34408186e4bbccfd4996cb3dc -> 
  custom:framework-win-MediaFoundation: 216162199b28c13a410421893ffa2e32 -> 
  custom:CustomObjectIndexerAttribute: 72b91833f83ae208fae7752999fa3104 -> 
  custom:container-demuxer-webm: 4f35f7cbe854078d1ac9338744f61a02 -> 
  custom:container-muxer-webm: aa71ff27fc2769a1b78a27578f13a17b -> 
  custom:video-decoder-webm-vp8: 9c59270c3fd7afecdb556c50c9e8de78 -> 
  custom:SearchIndexIgnoredProperties: e643bd26f0fe6173181afceb89e7c659 -> 
  custom:AudioImporter_EditorPlatform: d09bf68614088b80899f8185d706f6e7 -> 
  custom:video-encoder-webm-vp8: eb34c28f22e8b96e1ab97ce403110664 -> 
  custom:audio-decoder-ogg-vorbis: bf7c407c2cedff20999df2af8eb42d56 -> 
  custom:audio-encoder-webm-vorbis: bf7c407c2cedff20999df2af8eb42d56 -> 
========================================================================
Received Prepare
Begin MonoManager ReloadAssembly
- Loaded All Assemblies, in  0.600 seconds
Refreshing native plugins compatible for Editor in 6.17 ms, found 3 plugins.
Native extension for WindowsStandalone target not found
Native extension for Android target not found
Native extension for WebGL target not found
Mono: successfully reloaded assembly
- Finished resetting the current domain, in  1.644 seconds
Domain Reload Profiling: 2240ms
	BeginReloadAssembly (193ms)
		ExecutionOrderSort (0ms)
		DisableScriptedObjects (5ms)
		BackupInstance (0ms)
		ReleaseScriptingObjects (0ms)
		CreateAndSetChildDomain (44ms)
	RebuildCommonClasses (40ms)
	RebuildNativeTypeToScriptingClass (14ms)
	initialDomainReloadingComplete (36ms)
	LoadAllAssembliesAndSetupDomain (312ms)
		LoadAssemblies (380ms)
		RebuildTransferFunctionScriptingTraits (0ms)
		AnalyzeDomain (31ms)
			TypeCache.Refresh (9ms)
				TypeCache.ScanAssembly (0ms)
			ScanForSourceGeneratedMonoScriptInfo (0ms)
			ResolveRequiredComponents (16ms)
	FinalizeReload (1644ms)
		ReleaseScriptCaches (0ms)
		RebuildScriptCaches (0ms)
		SetupLoadedEditorAssemblies (796ms)
			LogAssemblyErrors (0ms)
			InitializePlatformSupportModulesInManaged (33ms)
			SetLoadedEditorAssemblies (6ms)
			RefreshPlugins (0ms)
			BeforeProcessingInitializeOnLoad (111ms)
			ProcessInitializeOnLoadAttributes (542ms)
			ProcessInitializeOnLoadMethodAttributes (95ms)
			AfterProcessingInitializeOnLoad (8ms)
			EditorAssembliesLoaded (0ms)
		ExecutionOrderSort2 (0ms)
		AwakeInstancesAfterBackupRestoration (19ms)
Refreshing native plugins compatible for Editor in 7.77 ms, found 3 plugins.
Preloading 0 native plugins for Editor in 0.00 ms.
Unloading 5913 Unused Serialized files (Serialized files now loaded: 0)
Unloading 46 unused Assets / (458.3 KB). Loaded Objects now: 7129.
Memory consumption went from 272.7 MB to 272.3 MB.
Total: 7.510600 ms (FindLiveObjects: 0.752900 ms CreateObjectMapping: 0.607300 ms MarkObjects: 5.785600 ms  DeleteObjects: 0.362900 ms)

Prepare: number of updated asset objects reloaded= 0
AssetImportParameters requested are different than current active one (requested -> active):
  custom:container-demuxer-ogg: 62fdf1f143b41e24485cea50d1cbac27 -> 
  custom:video-codec-MediaFoundation-h265: 746d11721c4dcdbdad8f713fa42b33f4 -> 
  custom:video-decoder-ogg-theora: a1e56fd34408186e4bbccfd4996cb3dc -> 
  custom:framework-win-MediaFoundation: 216162199b28c13a410421893ffa2e32 -> 
  custom:CustomObjectIndexerAttribute: 72b91833f83ae208fae7752999fa3104 -> 
  custom:container-demuxer-webm: 4f35f7cbe854078d1ac9338744f61a02 -> 
  custom:container-muxer-webm: aa71ff27fc2769a1b78a27578f13a17b -> 
  custom:video-decoder-webm-vp8: 9c59270c3fd7afecdb556c50c9e8de78 -> 
  custom:SearchIndexIgnoredProperties: e643bd26f0fe6173181afceb89e7c659 -> 
  custom:AudioImporter_EditorPlatform: d09bf68614088b80899f8185d706f6e7 -> 
  custom:video-encoder-webm-vp8: eb34c28f22e8b96e1ab97ce403110664 -> 
  custom:audio-decoder-ogg-vorbis: bf7c407c2cedff20999df2af8eb42d56 -> 
  custom:audio-encoder-webm-vorbis: bf7c407c2cedff20999df2af8eb42d56 -> 
========================================================================
Received Import Request.
  Time since last request: 439.867677 seconds.
  path: Assets/Prefab/Player.prefab
  artifactKey: Guid(e93980672e8e2e24e9f0631a8fc5a9d3) Importer(815301076,1909f56bfc062723c751e8b465ee728b)
Start importing Assets/Prefab/Player.prefab using Guid(e93980672e8e2e24e9f0631a8fc5a9d3) Importer(815301076,1909f56bfc062723c751e8b465ee728b)  -> (artifact id: '72cf0219bd107c5635f4b8ec46117ae0') in 0.653517 seconds
Number of updated asset objects reloaded before import = 0
Number of asset objects unloaded after import = 48
========================================================================
Received Prepare
Begin MonoManager ReloadAssembly
- Loaded All Assemblies, in  1.159 seconds
Refreshing native plugins compatible for Editor in 15.37 ms, found 3 plugins.
Native extension for WindowsStandalone target not found
Native extension for Android target not found
Native extension for WebGL target not found
Mono: successfully reloaded assembly
- Finished resetting the current domain, in  3.102 seconds
Domain Reload Profiling: 4255ms
	BeginReloadAssembly (361ms)
		ExecutionOrderSort (0ms)
		DisableScriptedObjects (29ms)
		BackupInstance (0ms)
		ReleaseScriptingObjects (0ms)
		CreateAndSetChildDomain (72ms)
	RebuildCommonClasses (66ms)
	RebuildNativeTypeToScriptingClass (35ms)
	initialDomainReloadingComplete (85ms)
	LoadAllAssembliesAndSetupDomain (604ms)
		LoadAssemblies (677ms)
		RebuildTransferFunctionScriptingTraits (0ms)
		AnalyzeDomain (117ms)
			TypeCache.Refresh (21ms)
				TypeCache.ScanAssembly (1ms)
			ScanForSourceGeneratedMonoScriptInfo (61ms)
			ResolveRequiredComponents (27ms)
	FinalizeReload (3104ms)
		ReleaseScriptCaches (0ms)
		RebuildScriptCaches (0ms)
		SetupLoadedEditorAssemblies (1272ms)
			LogAssemblyErrors (0ms)
			InitializePlatformSupportModulesInManaged (58ms)
			SetLoadedEditorAssemblies (12ms)
			RefreshPlugins (0ms)
			BeforeProcessingInitializeOnLoad (229ms)
			ProcessInitializeOnLoadAttributes (808ms)
			ProcessInitializeOnLoadMethodAttributes (153ms)
			AfterProcessingInitializeOnLoad (12ms)
			EditorAssembliesLoaded (0ms)
		ExecutionOrderSort2 (0ms)
		AwakeInstancesAfterBackupRestoration (28ms)
Refreshing native plugins compatible for Editor in 10.69 ms, found 3 plugins.
Preloading 0 native plugins for Editor in 0.00 ms.
Unloading 5913 Unused Serialized files (Serialized files now loaded: 0)
Unloading 46 unused Assets / (458.3 KB). Loaded Objects now: 7182.
Memory consumption went from 274.8 MB to 274.4 MB.
Total: 6.971800 ms (FindLiveObjects: 0.816500 ms CreateObjectMapping: 0.542600 ms MarkObjects: 5.271800 ms  DeleteObjects: 0.339100 ms)

Prepare: number of updated asset objects reloaded= 0
AssetImportParameters requested are different than current active one (requested -> active):
  custom:container-demuxer-ogg: 62fdf1f143b41e24485cea50d1cbac27 -> 
  custom:video-codec-MediaFoundation-h265: 746d11721c4dcdbdad8f713fa42b33f4 -> 
  custom:video-decoder-ogg-theora: a1e56fd34408186e4bbccfd4996cb3dc -> 
  custom:framework-win-MediaFoundation: 216162199b28c13a410421893ffa2e32 -> 
  custom:CustomObjectIndexerAttribute: 72b91833f83ae208fae7752999fa3104 -> 
  custom:container-demuxer-webm: 4f35f7cbe854078d1ac9338744f61a02 -> 
  custom:container-muxer-webm: aa71ff27fc2769a1b78a27578f13a17b -> 
  custom:video-decoder-webm-vp8: 9c59270c3fd7afecdb556c50c9e8de78 -> 
  custom:SearchIndexIgnoredProperties: e643bd26f0fe6173181afceb89e7c659 -> 
  custom:AudioImporter_EditorPlatform: d09bf68614088b80899f8185d706f6e7 -> 
  custom:video-encoder-webm-vp8: eb34c28f22e8b96e1ab97ce403110664 -> 
  custom:audio-decoder-ogg-vorbis: bf7c407c2cedff20999df2af8eb42d56 -> 
  custom:audio-encoder-webm-vorbis: bf7c407c2cedff20999df2af8eb42d56 -> 
========================================================================
Received Prepare
Begin MonoManager ReloadAssembly
- Loaded All Assemblies, in  0.593 seconds
Refreshing native plugins compatible for Editor in 4.78 ms, found 3 plugins.
Native extension for WindowsStandalone target not found
Native extension for Android target not found
Native extension for WebGL target not found
Mono: successfully reloaded assembly
- Finished resetting the current domain, in  1.638 seconds
Domain Reload Profiling: 2227ms
	BeginReloadAssembly (187ms)
		ExecutionOrderSort (0ms)
		DisableScriptedObjects (5ms)
		BackupInstance (0ms)
		ReleaseScriptingObjects (0ms)
		CreateAndSetChildDomain (42ms)
	RebuildCommonClasses (40ms)
	RebuildNativeTypeToScriptingClass (15ms)
	initialDomainReloadingComplete (38ms)
	LoadAllAssembliesAndSetupDomain (309ms)
		LoadAssemblies (372ms)
		RebuildTransferFunctionScriptingTraits (0ms)
		AnalyzeDomain (32ms)
			TypeCache.Refresh (9ms)
				TypeCache.ScanAssembly (0ms)
			ScanForSourceGeneratedMonoScriptInfo (0ms)
			ResolveRequiredComponents (15ms)
	FinalizeReload (1638ms)
		ReleaseScriptCaches (0ms)
		RebuildScriptCaches (0ms)
		SetupLoadedEditorAssemblies (802ms)
			LogAssemblyErrors (0ms)
			InitializePlatformSupportModulesInManaged (34ms)
			SetLoadedEditorAssemblies (7ms)
			RefreshPlugins (0ms)
			BeforeProcessingInitializeOnLoad (111ms)
			ProcessInitializeOnLoadAttributes (547ms)
			ProcessInitializeOnLoadMethodAttributes (96ms)
			AfterProcessingInitializeOnLoad (7ms)
			EditorAssembliesLoaded (1ms)
		ExecutionOrderSort2 (0ms)
		AwakeInstancesAfterBackupRestoration (19ms)
Refreshing native plugins compatible for Editor in 9.27 ms, found 3 plugins.
Preloading 0 native plugins for Editor in 0.00 ms.
Unloading 5913 Unused Serialized files (Serialized files now loaded: 0)
Unloading 46 unused Assets / (450.3 KB). Loaded Objects now: 7198.
Memory consumption went from 276.6 MB to 276.2 MB.
Total: 6.873900 ms (FindLiveObjects: 0.783100 ms CreateObjectMapping: 0.569800 ms MarkObjects: 5.152600 ms  DeleteObjects: 0.366700 ms)

Prepare: number of updated asset objects reloaded= 0
AssetImportParameters requested are different than current active one (requested -> active):
  custom:container-demuxer-ogg: 62fdf1f143b41e24485cea50d1cbac27 -> 
  custom:video-codec-MediaFoundation-h265: 746d11721c4dcdbdad8f713fa42b33f4 -> 
  custom:video-decoder-ogg-theora: a1e56fd34408186e4bbccfd4996cb3dc -> 
  custom:framework-win-MediaFoundation: 216162199b28c13a410421893ffa2e32 -> 
  custom:CustomObjectIndexerAttribute: 72b91833f83ae208fae7752999fa3104 -> 
  custom:container-demuxer-webm: 4f35f7cbe854078d1ac9338744f61a02 -> 
  custom:container-muxer-webm: aa71ff27fc2769a1b78a27578f13a17b -> 
  custom:video-decoder-webm-vp8: 9c59270c3fd7afecdb556c50c9e8de78 -> 
  custom:SearchIndexIgnoredProperties: e643bd26f0fe6173181afceb89e7c659 -> 
  custom:AudioImporter_EditorPlatform: d09bf68614088b80899f8185d706f6e7 -> 
  custom:video-encoder-webm-vp8: eb34c28f22e8b96e1ab97ce403110664 -> 
  custom:audio-decoder-ogg-vorbis: bf7c407c2cedff20999df2af8eb42d56 -> 
  custom:audio-encoder-webm-vorbis: bf7c407c2cedff20999df2af8eb42d56 -> 
========================================================================
Received Import Request.
  Time since last request: 71.147466 seconds.
  path: Assets/Prefab/Player.prefab
  artifactKey: Guid(e93980672e8e2e24e9f0631a8fc5a9d3) Importer(815301076,1909f56bfc062723c751e8b465ee728b)
Start importing Assets/Prefab/Player.prefab using Guid(e93980672e8e2e24e9f0631a8fc5a9d3) Importer(815301076,1909f56bfc062723c751e8b465ee728b)  -> (artifact id: 'bbfd1eaa963690d34fb6c7db90d66516') in 0.612938 seconds
Number of updated asset objects reloaded before import = 0
Number of asset objects unloaded after import = 48
========================================================================
Received Prepare
Begin MonoManager ReloadAssembly
- Loaded All Assemblies, in  1.244 seconds
Refreshing native plugins compatible for Editor in 13.63 ms, found 3 plugins.
Native extension for WindowsStandalone target not found
Native extension for Android target not found
Native extension for WebGL target not found
Mono: successfully reloaded assembly
- Finished resetting the current domain, in  3.029 seconds
Domain Reload Profiling: 4265ms
	BeginReloadAssembly (349ms)
		ExecutionOrderSort (0ms)
		DisableScriptedObjects (21ms)
		BackupInstance (0ms)
		ReleaseScriptingObjects (0ms)
		CreateAndSetChildDomain (69ms)
	RebuildCommonClasses (83ms)
	RebuildNativeTypeToScriptingClass (28ms)
	initialDomainReloadingComplete (80ms)
	LoadAllAssembliesAndSetupDomain (696ms)
		LoadAssemblies (765ms)
		RebuildTransferFunctionScriptingTraits (0ms)
		AnalyzeDomain (121ms)
			TypeCache.Refresh (22ms)
				TypeCache.ScanAssembly (1ms)
			ScanForSourceGeneratedMonoScriptInfo (59ms)
			ResolveRequiredComponents (32ms)
	FinalizeReload (3030ms)
		ReleaseScriptCaches (0ms)
		RebuildScriptCaches (0ms)
		SetupLoadedEditorAssemblies (1178ms)
			LogAssemblyErrors (0ms)
			InitializePlatformSupportModulesInManaged (54ms)
			SetLoadedEditorAssemblies (10ms)
			RefreshPlugins (0ms)
			BeforeProcessingInitializeOnLoad (169ms)
			ProcessInitializeOnLoadAttributes (809ms)
			ProcessInitializeOnLoadMethodAttributes (122ms)
			AfterProcessingInitializeOnLoad (13ms)
			EditorAssembliesLoaded (0ms)
		ExecutionOrderSort2 (0ms)
		AwakeInstancesAfterBackupRestoration (33ms)
Refreshing native plugins compatible for Editor in 10.07 ms, found 3 plugins.
Preloading 0 native plugins for Editor in 0.00 ms.
Unloading 5913 Unused Serialized files (Serialized files now loaded: 0)
Unloading 46 unused Assets / (434.1 KB). Loaded Objects now: 7251.
Memory consumption went from 278.8 MB to 278.4 MB.
Total: 6.725800 ms (FindLiveObjects: 0.839000 ms CreateObjectMapping: 0.473300 ms MarkObjects: 5.020500 ms  DeleteObjects: 0.391000 ms)

Prepare: number of updated asset objects reloaded= 0
AssetImportParameters requested are different than current active one (requested -> active):
  custom:container-demuxer-ogg: 62fdf1f143b41e24485cea50d1cbac27 -> 
  custom:video-codec-MediaFoundation-h265: 746d11721c4dcdbdad8f713fa42b33f4 -> 
  custom:video-decoder-ogg-theora: a1e56fd34408186e4bbccfd4996cb3dc -> 
  custom:framework-win-MediaFoundation: 216162199b28c13a410421893ffa2e32 -> 
  custom:CustomObjectIndexerAttribute: 72b91833f83ae208fae7752999fa3104 -> 
  custom:container-demuxer-webm: 4f35f7cbe854078d1ac9338744f61a02 -> 
  custom:container-muxer-webm: aa71ff27fc2769a1b78a27578f13a17b -> 
  custom:video-decoder-webm-vp8: 9c59270c3fd7afecdb556c50c9e8de78 -> 
  custom:SearchIndexIgnoredProperties: e643bd26f0fe6173181afceb89e7c659 -> 
  custom:AudioImporter_EditorPlatform: d09bf68614088b80899f8185d706f6e7 -> 
  custom:video-encoder-webm-vp8: eb34c28f22e8b96e1ab97ce403110664 -> 
  custom:audio-decoder-ogg-vorbis: bf7c407c2cedff20999df2af8eb42d56 -> 
  custom:audio-encoder-webm-vorbis: bf7c407c2cedff20999df2af8eb42d56 -> 
========================================================================
Received Prepare
Begin MonoManager ReloadAssembly
- Loaded All Assemblies, in  0.583 seconds
Refreshing native plugins compatible for Editor in 4.32 ms, found 3 plugins.
Native extension for WindowsStandalone target not found
Native extension for Android target not found
Native extension for WebGL target not found
Mono: successfully reloaded assembly
- Finished resetting the current domain, in  1.619 seconds
Domain Reload Profiling: 2198ms
	BeginReloadAssembly (189ms)
		ExecutionOrderSort (0ms)
		DisableScriptedObjects (5ms)
		BackupInstance (0ms)
		ReleaseScriptingObjects (0ms)
		CreateAndSetChildDomain (41ms)
	RebuildCommonClasses (40ms)
	RebuildNativeTypeToScriptingClass (13ms)
	initialDomainReloadingComplete (38ms)
	LoadAllAssembliesAndSetupDomain (298ms)
		LoadAssemblies (368ms)
		RebuildTransferFunctionScriptingTraits (0ms)
		AnalyzeDomain (29ms)
			TypeCache.Refresh (8ms)
				TypeCache.ScanAssembly (0ms)
			ScanForSourceGeneratedMonoScriptInfo (0ms)
			ResolveRequiredComponents (15ms)
	FinalizeReload (1620ms)
		ReleaseScriptCaches (0ms)
		RebuildScriptCaches (0ms)
		SetupLoadedEditorAssemblies (798ms)
			LogAssemblyErrors (0ms)
			InitializePlatformSupportModulesInManaged (35ms)
			SetLoadedEditorAssemblies (6ms)
			RefreshPlugins (0ms)
			BeforeProcessingInitializeOnLoad (111ms)
			ProcessInitializeOnLoadAttributes (539ms)
			ProcessInitializeOnLoadMethodAttributes (100ms)
			AfterProcessingInitializeOnLoad (7ms)
			EditorAssembliesLoaded (0ms)
		ExecutionOrderSort2 (0ms)
		AwakeInstancesAfterBackupRestoration (19ms)
Refreshing native plugins compatible for Editor in 8.79 ms, found 3 plugins.
Preloading 0 native plugins for Editor in 0.00 ms.
Unloading 5913 Unused Serialized files (Serialized files now loaded: 0)
Unloading 46 unused Assets / (450.3 KB). Loaded Objects now: 7267.
Memory consumption went from 280.6 MB to 280.2 MB.
Total: 7.868900 ms (FindLiveObjects: 0.847500 ms CreateObjectMapping: 0.445000 ms MarkObjects: 5.883400 ms  DeleteObjects: 0.690000 ms)

Prepare: number of updated asset objects reloaded= 0
AssetImportParameters requested are different than current active one (requested -> active):
  custom:container-demuxer-ogg: 62fdf1f143b41e24485cea50d1cbac27 -> 
  custom:video-codec-MediaFoundation-h265: 746d11721c4dcdbdad8f713fa42b33f4 -> 
  custom:video-decoder-ogg-theora: a1e56fd34408186e4bbccfd4996cb3dc -> 
  custom:framework-win-MediaFoundation: 216162199b28c13a410421893ffa2e32 -> 
  custom:CustomObjectIndexerAttribute: 72b91833f83ae208fae7752999fa3104 -> 
  custom:container-demuxer-webm: 4f35f7cbe854078d1ac9338744f61a02 -> 
  custom:container-muxer-webm: aa71ff27fc2769a1b78a27578f13a17b -> 
  custom:video-decoder-webm-vp8: 9c59270c3fd7afecdb556c50c9e8de78 -> 
  custom:SearchIndexIgnoredProperties: e643bd26f0fe6173181afceb89e7c659 -> 
  custom:AudioImporter_EditorPlatform: d09bf68614088b80899f8185d706f6e7 -> 
  custom:video-encoder-webm-vp8: eb34c28f22e8b96e1ab97ce403110664 -> 
  custom:audio-decoder-ogg-vorbis: bf7c407c2cedff20999df2af8eb42d56 -> 
  custom:audio-encoder-webm-vorbis: bf7c407c2cedff20999df2af8eb42d56 -> 
========================================================================
Received Import Request.
  Time since last request: 266.168956 seconds.
  path: Assets/Scripts/PlayerBuild.cs
  artifactKey: Guid(b6f2e12b533d8904cb36303221b348ed) Importer(815301076,1909f56bfc062723c751e8b465ee728b)
Start importing Assets/Scripts/PlayerBuild.cs using Guid(b6f2e12b533d8904cb36303221b348ed) Importer(815301076,1909f56bfc062723c751e8b465ee728b)  -> (artifact id: 'c9d8faf86b57819b0f16d02c6595bfeb') in 0.003976 seconds
Number of updated asset objects reloaded before import = 0
Number of asset objects unloaded after import = 0
========================================================================
Received Prepare
Begin MonoManager ReloadAssembly
- Loaded All Assemblies, in  1.256 seconds
Refreshing native plugins compatible for Editor in 12.14 ms, found 3 plugins.
Native extension for WindowsStandalone target not found
Native extension for Android target not found
Native extension for WebGL target not found
Mono: successfully reloaded assembly
- Finished resetting the current domain, in  3.147 seconds
Domain Reload Profiling: 4397ms
	BeginReloadAssembly (408ms)
		ExecutionOrderSort (0ms)
		DisableScriptedObjects (10ms)
		BackupInstance (0ms)
		ReleaseScriptingObjects (0ms)
		CreateAndSetChildDomain (76ms)
	RebuildCommonClasses (92ms)
	RebuildNativeTypeToScriptingClass (24ms)
	initialDomainReloadingComplete (68ms)
	LoadAllAssembliesAndSetupDomain (656ms)
		LoadAssemblies (765ms)
		RebuildTransferFunctionScriptingTraits (0ms)
		AnalyzeDomain (130ms)
			TypeCache.Refresh (25ms)
				TypeCache.ScanAssembly (1ms)
			ScanForSourceGeneratedMonoScriptInfo (64ms)
			ResolveRequiredComponents (32ms)
	FinalizeReload (3148ms)
		ReleaseScriptCaches (0ms)
		RebuildScriptCaches (0ms)
		SetupLoadedEditorAssemblies (1274ms)
			LogAssemblyErrors (0ms)
			InitializePlatformSupportModulesInManaged (62ms)
			SetLoadedEditorAssemblies (11ms)
			RefreshPlugins (0ms)
			BeforeProcessingInitializeOnLoad (193ms)
			ProcessInitializeOnLoadAttributes (860ms)
			ProcessInitializeOnLoadMethodAttributes (136ms)
			AfterProcessingInitializeOnLoad (12ms)
			EditorAssembliesLoaded (1ms)
		ExecutionOrderSort2 (0ms)
		AwakeInstancesAfterBackupRestoration (28ms)
Refreshing native plugins compatible for Editor in 9.34 ms, found 3 plugins.
Preloading 0 native plugins for Editor in 0.00 ms.
Unloading 5914 Unused Serialized files (Serialized files now loaded: 0)
Unloading 46 unused Assets / (458.4 KB). Loaded Objects now: 7284.
Memory consumption went from 282.6 MB to 282.2 MB.
Total: 7.959100 ms (FindLiveObjects: 1.041000 ms CreateObjectMapping: 0.735200 ms MarkObjects: 5.747300 ms  DeleteObjects: 0.433400 ms)

Prepare: number of updated asset objects reloaded= 0
AssetImportParameters requested are different than current active one (requested -> active):
  custom:container-demuxer-ogg: 62fdf1f143b41e24485cea50d1cbac27 -> 
  custom:video-codec-MediaFoundation-h265: 746d11721c4dcdbdad8f713fa42b33f4 -> 
  custom:video-decoder-ogg-theora: a1e56fd34408186e4bbccfd4996cb3dc -> 
  custom:framework-win-MediaFoundation: 216162199b28c13a410421893ffa2e32 -> 
  custom:CustomObjectIndexerAttribute: 72b91833f83ae208fae7752999fa3104 -> 
  custom:container-demuxer-webm: 4f35f7cbe854078d1ac9338744f61a02 -> 
  custom:container-muxer-webm: aa71ff27fc2769a1b78a27578f13a17b -> 
  custom:video-decoder-webm-vp8: 9c59270c3fd7afecdb556c50c9e8de78 -> 
  custom:SearchIndexIgnoredProperties: e643bd26f0fe6173181afceb89e7c659 -> 
  custom:AudioImporter_EditorPlatform: d09bf68614088b80899f8185d706f6e7 -> 
  custom:video-encoder-webm-vp8: eb34c28f22e8b96e1ab97ce403110664 -> 
  custom:audio-decoder-ogg-vorbis: bf7c407c2cedff20999df2af8eb42d56 -> 
  custom:audio-encoder-webm-vorbis: bf7c407c2cedff20999df2af8eb42d56 -> 
========================================================================
Received Import Request.
  Time since last request: 14.873922 seconds.
  path: Assets/Scripts/PlayerBuild.cs
  artifactKey: Guid(b6f2e12b533d8904cb36303221b348ed) Importer(815301076,1909f56bfc062723c751e8b465ee728b)
Start importing Assets/Scripts/PlayerBuild.cs using Guid(b6f2e12b533d8904cb36303221b348ed) Importer(815301076,1909f56bfc062723c751e8b465ee728b)  -> (artifact id: '4293dbe67cb29df636375193dc32fd2b') in 0.003544 seconds
Number of updated asset objects reloaded before import = 0
Number of asset objects unloaded after import = 0
========================================================================
Received Import Request.
  Time since last request: 70.194690 seconds.
  path: Assets/Scripts/PlayerBuild.cs
  artifactKey: Guid(b6f2e12b533d8904cb36303221b348ed) Importer(815301076,1909f56bfc062723c751e8b465ee728b)
Start importing Assets/Scripts/PlayerBuild.cs using Guid(b6f2e12b533d8904cb36303221b348ed) Importer(815301076,1909f56bfc062723c751e8b465ee728b)  -> (artifact id: 'bcf367372f7eb6b77ea093f5dc4cf92c') in 0.000754 seconds
Number of updated asset objects reloaded before import = 0
Number of asset objects unloaded after import = 0
========================================================================
Received Import Request.
  Time since last request: 10.056273 seconds.
  path: Assets/Scripts/PlayerBuild.cs
  artifactKey: Guid(b6f2e12b533d8904cb36303221b348ed) Importer(815301076,1909f56bfc062723c751e8b465ee728b)
Start importing Assets/Scripts/PlayerBuild.cs using Guid(b6f2e12b533d8904cb36303221b348ed) Importer(815301076,1909f56bfc062723c751e8b465ee728b)  -> (artifact id: '00000000000000000000000000000000') in 0.000840 seconds
Import Error Code:(4)
Message: Build asset version error: assets/scripts/playerbuild.cs in SourceAssetDB has modification time of '2025-06-09T21:11:33.8673292Z' while content on disk has modification time of '2025-06-09T21:11:34.1866888Z'
  ERROR: Build asset version error: assets/scripts/playerbuild.cs in SourceAssetDB has modification time of '2025-06-09T21:11:33.8673292Z' while content on disk has modification time of '2025-06-09T21:11:34.1866888Z'
Number of updated asset objects reloaded before import = 0
Number of asset objects unloaded after import = 0
========================================================================
Received Import Request.
  Time since last request: 0.036356 seconds.
  path: Assets/Scripts/PlayerBuild.cs
  artifactKey: Guid(b6f2e12b533d8904cb36303221b348ed) Importer(815301076,1909f56bfc062723c751e8b465ee728b)
Start importing Assets/Scripts/PlayerBuild.cs using Guid(b6f2e12b533d8904cb36303221b348ed) Importer(815301076,1909f56bfc062723c751e8b465ee728b)  -> (artifact id: '00000000000000000000000000000000') in 0.001376 seconds
Import Error Code:(4)
Message: Build asset version error: assets/scripts/playerbuild.cs in SourceAssetDB has modification time of '2025-06-09T21:11:33.8673292Z' while content on disk has modification time of '2025-06-09T21:11:34.1866888Z'
  ERROR: Build asset version error: assets/scripts/playerbuild.cs in SourceAssetDB has modification time of '2025-06-09T21:11:33.8673292Z' while content on disk has modification time of '2025-06-09T21:11:34.1866888Z'
Number of updated asset objects reloaded before import = 0
Number of asset objects unloaded after import = 0
========================================================================
Received Import Request.
  Time since last request: 0.444523 seconds.
  path: Assets/Scripts/PlayerBuild.cs
  artifactKey: Guid(b6f2e12b533d8904cb36303221b348ed) Importer(815301076,1909f56bfc062723c751e8b465ee728b)
Start importing Assets/Scripts/PlayerBuild.cs using Guid(b6f2e12b533d8904cb36303221b348ed) Importer(815301076,1909f56bfc062723c751e8b465ee728b)  -> (artifact id: '15b441d7f759df40cc356f1da4e87bbd') in 0.001044 seconds
Number of updated asset objects reloaded before import = 0
Number of asset objects unloaded after import = 0
========================================================================
Received Import Request.
  Time since last request: 28.325281 seconds.
  path: Assets/Scripts/PlayerBuild.cs
  artifactKey: Guid(b6f2e12b533d8904cb36303221b348ed) Importer(815301076,1909f56bfc062723c751e8b465ee728b)
Start importing Assets/Scripts/PlayerBuild.cs using Guid(b6f2e12b533d8904cb36303221b348ed) Importer(815301076,1909f56bfc062723c751e8b465ee728b)  -> (artifact id: '00000000000000000000000000000000') in 0.000810 seconds
Import Error Code:(4)
Message: Build asset version error: assets/scripts/playerbuild.cs in SourceAssetDB has modification time of '2025-06-09T21:12:02.7213449Z' while content on disk has modification time of '2025-06-09T21:12:03.0274907Z'
  ERROR: Build asset version error: assets/scripts/playerbuild.cs in SourceAssetDB has modification time of '2025-06-09T21:12:02.7213449Z' while content on disk has modification time of '2025-06-09T21:12:03.0274907Z'
Number of updated asset objects reloaded before import = 0
Number of asset objects unloaded after import = 0
========================================================================
Received Import Request.
  Time since last request: 0.031075 seconds.
  path: Assets/Scripts/PlayerBuild.cs
  artifactKey: Guid(b6f2e12b533d8904cb36303221b348ed) Importer(815301076,1909f56bfc062723c751e8b465ee728b)
Start importing Assets/Scripts/PlayerBuild.cs using Guid(b6f2e12b533d8904cb36303221b348ed) Importer(815301076,1909f56bfc062723c751e8b465ee728b)  -> (artifact id: '00000000000000000000000000000000') in 0.000846 seconds
Import Error Code:(4)
Message: Build asset version error: assets/scripts/playerbuild.cs in SourceAssetDB has modification time of '2025-06-09T21:12:02.7213449Z' while content on disk has modification time of '2025-06-09T21:12:03.0274907Z'
  ERROR: Build asset version error: assets/scripts/playerbuild.cs in SourceAssetDB has modification time of '2025-06-09T21:12:02.7213449Z' while content on disk has modification time of '2025-06-09T21:12:03.0274907Z'
Number of updated asset objects reloaded before import = 0
Number of asset objects unloaded after import = 0
========================================================================
Received Import Request.
  Time since last request: 0.450371 seconds.
  path: Assets/Scripts/PlayerBuild.cs
  artifactKey: Guid(b6f2e12b533d8904cb36303221b348ed) Importer(815301076,1909f56bfc062723c751e8b465ee728b)
Start importing Assets/Scripts/PlayerBuild.cs using Guid(b6f2e12b533d8904cb36303221b348ed) Importer(815301076,1909f56bfc062723c751e8b465ee728b)  -> (artifact id: '579a934019502b71f394eb79dd40ea63') in 0.001499 seconds
Number of updated asset objects reloaded before import = 0
Number of asset objects unloaded after import = 0
========================================================================
Received Import Request.
  Time since last request: 9.018240 seconds.
  path: Assets/Scripts/PlayerBuild.cs
  artifactKey: Guid(b6f2e12b533d8904cb36303221b348ed) Importer(815301076,1909f56bfc062723c751e8b465ee728b)
Start importing Assets/Scripts/PlayerBuild.cs using Guid(b6f2e12b533d8904cb36303221b348ed) Importer(815301076,1909f56bfc062723c751e8b465ee728b)  -> (artifact id: '00000000000000000000000000000000') in 0.000954 seconds
Import Error Code:(4)
Message: Build asset version error: assets/scripts/playerbuild.cs in SourceAssetDB has modification time of '2025-06-09T21:12:12.3337566Z' while content on disk has modification time of '2025-06-09T21:12:12.563418Z'
  ERROR: Build asset version error: assets/scripts/playerbuild.cs in SourceAssetDB has modification time of '2025-06-09T21:12:12.3337566Z' while content on disk has modification time of '2025-06-09T21:12:12.563418Z'
Number of updated asset objects reloaded before import = 0
Number of asset objects unloaded after import = 0
========================================================================
Received Import Request.
  Time since last request: 0.736788 seconds.
  path: Assets/Scripts/PlayerBuild.cs
  artifactKey: Guid(b6f2e12b533d8904cb36303221b348ed) Importer(815301076,1909f56bfc062723c751e8b465ee728b)
Start importing Assets/Scripts/PlayerBuild.cs using Guid(b6f2e12b533d8904cb36303221b348ed) Importer(815301076,1909f56bfc062723c751e8b465ee728b)  -> (artifact id: '00000000000000000000000000000000') in 0.000924 seconds
Import Error Code:(4)
Message: Build asset version error: assets/scripts/playerbuild.cs in SourceAssetDB has modification time of '2025-06-09T21:12:12.3337566Z' while content on disk has modification time of '2025-06-09T21:12:12.563418Z'
  ERROR: Build asset version error: assets/scripts/playerbuild.cs in SourceAssetDB has modification time of '2025-06-09T21:12:12.3337566Z' while content on disk has modification time of '2025-06-09T21:12:12.563418Z'
Number of updated asset objects reloaded before import = 0
Number of asset objects unloaded after import = 0
========================================================================
Received Import Request.
  Time since last request: 0.039422 seconds.
  path: Assets/Scripts/PlayerBuild.cs
  artifactKey: Guid(b6f2e12b533d8904cb36303221b348ed) Importer(815301076,1909f56bfc062723c751e8b465ee728b)
Start importing Assets/Scripts/PlayerBuild.cs using Guid(b6f2e12b533d8904cb36303221b348ed) Importer(815301076,1909f56bfc062723c751e8b465ee728b)  -> (artifact id: '7c8ff582fa16d33933609b1fc8a6c044') in 0.001335 seconds
Number of updated asset objects reloaded before import = 0
Number of asset objects unloaded after import = 0
========================================================================
Received Prepare
Begin MonoManager ReloadAssembly
- Loaded All Assemblies, in  1.147 seconds
Refreshing native plugins compatible for Editor in 11.85 ms, found 3 plugins.
Native extension for WindowsStandalone target not found
Native extension for Android target not found
Native extension for WebGL target not found
Mono: successfully reloaded assembly
- Finished resetting the current domain, in  3.230 seconds
Domain Reload Profiling: 4372ms
	BeginReloadAssembly (322ms)
		ExecutionOrderSort (0ms)
		DisableScriptedObjects (9ms)
		BackupInstance (0ms)
		ReleaseScriptingObjects (0ms)
		CreateAndSetChildDomain (60ms)
	RebuildCommonClasses (74ms)
	RebuildNativeTypeToScriptingClass (29ms)
	initialDomainReloadingComplete (69ms)
	LoadAllAssembliesAndSetupDomain (645ms)
		LoadAssemblies (707ms)
		RebuildTransferFunctionScriptingTraits (0ms)
		AnalyzeDomain (123ms)
			TypeCache.Refresh (20ms)
				TypeCache.ScanAssembly (1ms)
			ScanForSourceGeneratedMonoScriptInfo (62ms)
			ResolveRequiredComponents (32ms)
	FinalizeReload (3232ms)
		ReleaseScriptCaches (0ms)
		RebuildScriptCaches (0ms)
		SetupLoadedEditorAssemblies (1305ms)
			LogAssemblyErrors (0ms)
			InitializePlatformSupportModulesInManaged (59ms)
			SetLoadedEditorAssemblies (10ms)
			RefreshPlugins (0ms)
			BeforeProcessingInitializeOnLoad (213ms)
			ProcessInitializeOnLoadAttributes (878ms)
			ProcessInitializeOnLoadMethodAttributes (132ms)
			AfterProcessingInitializeOnLoad (12ms)
			EditorAssembliesLoaded (1ms)
		ExecutionOrderSort2 (0ms)
		AwakeInstancesAfterBackupRestoration (34ms)
Refreshing native plugins compatible for Editor in 9.43 ms, found 3 plugins.
Preloading 0 native plugins for Editor in 0.00 ms.
Unloading 5914 Unused Serialized files (Serialized files now loaded: 0)
Unloading 46 unused Assets / (434.2 KB). Loaded Objects now: 7300.
Memory consumption went from 284.6 MB to 284.1 MB.
Total: 7.263300 ms (FindLiveObjects: 1.067000 ms CreateObjectMapping: 0.613800 ms MarkObjects: 5.266800 ms  DeleteObjects: 0.314000 ms)

Prepare: number of updated asset objects reloaded= 0
AssetImportParameters requested are different than current active one (requested -> active):
  custom:container-demuxer-ogg: 62fdf1f143b41e24485cea50d1cbac27 -> 
  custom:video-codec-MediaFoundation-h265: 746d11721c4dcdbdad8f713fa42b33f4 -> 
  custom:video-decoder-ogg-theora: a1e56fd34408186e4bbccfd4996cb3dc -> 
  custom:framework-win-MediaFoundation: 216162199b28c13a410421893ffa2e32 -> 
  custom:CustomObjectIndexerAttribute: 72b91833f83ae208fae7752999fa3104 -> 
  custom:container-demuxer-webm: 4f35f7cbe854078d1ac9338744f61a02 -> 
  custom:container-muxer-webm: aa71ff27fc2769a1b78a27578f13a17b -> 
  custom:video-decoder-webm-vp8: 9c59270c3fd7afecdb556c50c9e8de78 -> 
  custom:SearchIndexIgnoredProperties: e643bd26f0fe6173181afceb89e7c659 -> 
  custom:AudioImporter_EditorPlatform: d09bf68614088b80899f8185d706f6e7 -> 
  custom:video-encoder-webm-vp8: eb34c28f22e8b96e1ab97ce403110664 -> 
  custom:audio-decoder-ogg-vorbis: bf7c407c2cedff20999df2af8eb42d56 -> 
  custom:audio-encoder-webm-vorbis: bf7c407c2cedff20999df2af8eb42d56 -> 
========================================================================
Received Import Request.
  Time since last request: 19.681932 seconds.
  path: Assets/Scripts/PlayerBuild.cs
  artifactKey: Guid(b6f2e12b533d8904cb36303221b348ed) Importer(815301076,1909f56bfc062723c751e8b465ee728b)
Start importing Assets/Scripts/PlayerBuild.cs using Guid(b6f2e12b533d8904cb36303221b348ed) Importer(815301076,1909f56bfc062723c751e8b465ee728b)  -> (artifact id: '70d9768bf4f841bd59cf871e51a09bd6') in 0.003043 seconds
Number of updated asset objects reloaded before import = 0
Number of asset objects unloaded after import = 0
========================================================================
Received Prepare
Begin MonoManager ReloadAssembly
- Loaded All Assemblies, in  1.250 seconds
Refreshing native plugins compatible for Editor in 19.81 ms, found 3 plugins.
Native extension for WindowsStandalone target not found
Native extension for Android target not found
Native extension for WebGL target not found
Mono: successfully reloaded assembly
- Finished resetting the current domain, in  3.709 seconds
Domain Reload Profiling: 4951ms
	BeginReloadAssembly (328ms)
		ExecutionOrderSort (0ms)
		DisableScriptedObjects (13ms)
		BackupInstance (0ms)
		ReleaseScriptingObjects (0ms)
		CreateAndSetChildDomain (65ms)
	RebuildCommonClasses (95ms)
	RebuildNativeTypeToScriptingClass (31ms)
	initialDomainReloadingComplete (105ms)
	LoadAllAssembliesAndSetupDomain (682ms)
		LoadAssemblies (806ms)
		RebuildTransferFunctionScriptingTraits (0ms)
		AnalyzeDomain (54ms)
			TypeCache.Refresh (13ms)
				TypeCache.ScanAssembly (0ms)
			ScanForSourceGeneratedMonoScriptInfo (1ms)
			ResolveRequiredComponents (28ms)
	FinalizeReload (3710ms)
		ReleaseScriptCaches (0ms)
		RebuildScriptCaches (0ms)
		SetupLoadedEditorAssemblies (1230ms)
			LogAssemblyErrors (0ms)
			InitializePlatformSupportModulesInManaged (71ms)
			SetLoadedEditorAssemblies (9ms)
			RefreshPlugins (0ms)
			BeforeProcessingInitializeOnLoad (176ms)
			ProcessInitializeOnLoadAttributes (822ms)
			ProcessInitializeOnLoadMethodAttributes (138ms)
			AfterProcessingInitializeOnLoad (15ms)
			EditorAssembliesLoaded (1ms)
		ExecutionOrderSort2 (0ms)
		AwakeInstancesAfterBackupRestoration (38ms)
Refreshing native plugins compatible for Editor in 9.73 ms, found 3 plugins.
Preloading 0 native plugins for Editor in 0.00 ms.
Unloading 5914 Unused Serialized files (Serialized files now loaded: 0)
Unloading 46 unused Assets / (434.1 KB). Loaded Objects now: 7316.
Memory consumption went from 286.4 MB to 286.0 MB.
Total: 7.458700 ms (FindLiveObjects: 0.830400 ms CreateObjectMapping: 0.497600 ms MarkObjects: 5.799300 ms  DeleteObjects: 0.328900 ms)

Prepare: number of updated asset objects reloaded= 0
AssetImportParameters requested are different than current active one (requested -> active):
  custom:container-demuxer-ogg: 62fdf1f143b41e24485cea50d1cbac27 -> 
  custom:video-codec-MediaFoundation-h265: 746d11721c4dcdbdad8f713fa42b33f4 -> 
  custom:video-decoder-ogg-theora: a1e56fd34408186e4bbccfd4996cb3dc -> 
  custom:framework-win-MediaFoundation: 216162199b28c13a410421893ffa2e32 -> 
  custom:CustomObjectIndexerAttribute: 72b91833f83ae208fae7752999fa3104 -> 
  custom:container-demuxer-webm: 4f35f7cbe854078d1ac9338744f61a02 -> 
  custom:container-muxer-webm: aa71ff27fc2769a1b78a27578f13a17b -> 
  custom:video-decoder-webm-vp8: 9c59270c3fd7afecdb556c50c9e8de78 -> 
  custom:SearchIndexIgnoredProperties: e643bd26f0fe6173181afceb89e7c659 -> 
  custom:AudioImporter_EditorPlatform: d09bf68614088b80899f8185d706f6e7 -> 
  custom:video-encoder-webm-vp8: eb34c28f22e8b96e1ab97ce403110664 -> 
  custom:audio-decoder-ogg-vorbis: bf7c407c2cedff20999df2af8eb42d56 -> 
  custom:audio-encoder-webm-vorbis: bf7c407c2cedff20999df2af8eb42d56 -> 
========================================================================
Received Prepare
Begin MonoManager ReloadAssembly
- Loaded All Assemblies, in  1.150 seconds
Refreshing native plugins compatible for Editor in 16.44 ms, found 3 plugins.
Native extension for WindowsStandalone target not found
Native extension for Android target not found
Native extension for WebGL target not found
Mono: successfully reloaded assembly
- Finished resetting the current domain, in  3.582 seconds
Domain Reload Profiling: 4727ms
	BeginReloadAssembly (345ms)
		ExecutionOrderSort (0ms)
		DisableScriptedObjects (9ms)
		BackupInstance (0ms)
		ReleaseScriptingObjects (0ms)
		CreateAndSetChildDomain (89ms)
	RebuildCommonClasses (66ms)
	RebuildNativeTypeToScriptingClass (23ms)
	initialDomainReloadingComplete (63ms)
	LoadAllAssembliesAndSetupDomain (648ms)
		LoadAssemblies (705ms)
		RebuildTransferFunctionScriptingTraits (0ms)
		AnalyzeDomain (109ms)
			TypeCache.Refresh (20ms)
				TypeCache.ScanAssembly (1ms)
			ScanForSourceGeneratedMonoScriptInfo (47ms)
			ResolveRequiredComponents (29ms)
	FinalizeReload (3583ms)
		ReleaseScriptCaches (0ms)
		RebuildScriptCaches (0ms)
		SetupLoadedEditorAssemblies (1400ms)
			LogAssemblyErrors (0ms)
			InitializePlatformSupportModulesInManaged (55ms)
			SetLoadedEditorAssemblies (12ms)
			RefreshPlugins (0ms)
			BeforeProcessingInitializeOnLoad (265ms)
			ProcessInitializeOnLoadAttributes (922ms)
			ProcessInitializeOnLoadMethodAttributes (134ms)
			AfterProcessingInitializeOnLoad (12ms)
			EditorAssembliesLoaded (0ms)
		ExecutionOrderSort2 (0ms)
		AwakeInstancesAfterBackupRestoration (27ms)
Script is not up to date after domain reload: guid(071980355a146f1428244ef07a9be196) path("Assets/Player/Scripts/PlayerController.cs") state(2)
Refreshing native plugins compatible for Editor in 9.29 ms, found 3 plugins.
Preloading 0 native plugins for Editor in 0.00 ms.
Unloading 5913 Unused Serialized files (Serialized files now loaded: 0)
Unloading 46 unused Assets / (458.2 KB). Loaded Objects now: 7331.
Memory consumption went from 288.4 MB to 288.0 MB.
Total: 7.199600 ms (FindLiveObjects: 0.888600 ms CreateObjectMapping: 0.591100 ms MarkObjects: 5.282900 ms  DeleteObjects: 0.435100 ms)

Prepare: number of updated asset objects reloaded= 0
AssetImportParameters requested are different than current active one (requested -> active):
  custom:container-demuxer-ogg: 62fdf1f143b41e24485cea50d1cbac27 -> 
  custom:video-codec-MediaFoundation-h265: 746d11721c4dcdbdad8f713fa42b33f4 -> 
  custom:video-decoder-ogg-theora: a1e56fd34408186e4bbccfd4996cb3dc -> 
  custom:framework-win-MediaFoundation: 216162199b28c13a410421893ffa2e32 -> 
  custom:CustomObjectIndexerAttribute: 72b91833f83ae208fae7752999fa3104 -> 
  custom:container-demuxer-webm: 4f35f7cbe854078d1ac9338744f61a02 -> 
  custom:container-muxer-webm: aa71ff27fc2769a1b78a27578f13a17b -> 
  custom:video-decoder-webm-vp8: 9c59270c3fd7afecdb556c50c9e8de78 -> 
  custom:SearchIndexIgnoredProperties: e643bd26f0fe6173181afceb89e7c659 -> 
  custom:AudioImporter_EditorPlatform: d09bf68614088b80899f8185d706f6e7 -> 
  custom:video-encoder-webm-vp8: eb34c28f22e8b96e1ab97ce403110664 -> 
  custom:audio-decoder-ogg-vorbis: bf7c407c2cedff20999df2af8eb42d56 -> 
  custom:audio-encoder-webm-vorbis: bf7c407c2cedff20999df2af8eb42d56 -> 
========================================================================
Received Prepare
Begin MonoManager ReloadAssembly
- Loaded All Assemblies, in  1.179 seconds
Refreshing native plugins compatible for Editor in 16.63 ms, found 3 plugins.
Native extension for WindowsStandalone target not found
Native extension for Android target not found
Native extension for WebGL target not found
Mono: successfully reloaded assembly
- Finished resetting the current domain, in  2.992 seconds
Domain Reload Profiling: 4163ms
	BeginReloadAssembly (386ms)
		ExecutionOrderSort (0ms)
		DisableScriptedObjects (13ms)
		BackupInstance (0ms)
		ReleaseScriptingObjects (0ms)
		CreateAndSetChildDomain (94ms)
	RebuildCommonClasses (71ms)
	RebuildNativeTypeToScriptingClass (23ms)
	initialDomainReloadingComplete (64ms)
	LoadAllAssembliesAndSetupDomain (625ms)
		LoadAssemblies (695ms)
		RebuildTransferFunctionScriptingTraits (0ms)
		AnalyzeDomain (123ms)
			TypeCache.Refresh (20ms)
				TypeCache.ScanAssembly (1ms)
			ScanForSourceGeneratedMonoScriptInfo (62ms)
			ResolveRequiredComponents (33ms)
	FinalizeReload (2993ms)
		ReleaseScriptCaches (0ms)
		RebuildScriptCaches (0ms)
		SetupLoadedEditorAssemblies (1232ms)
			LogAssemblyErrors (0ms)
			InitializePlatformSupportModulesInManaged (80ms)
			SetLoadedEditorAssemblies (12ms)
			RefreshPlugins (0ms)
			BeforeProcessingInitializeOnLoad (177ms)
			ProcessInitializeOnLoadAttributes (803ms)
			ProcessInitializeOnLoadMethodAttributes (144ms)
			AfterProcessingInitializeOnLoad (16ms)
			EditorAssembliesLoaded (0ms)
		ExecutionOrderSort2 (0ms)
		AwakeInstancesAfterBackupRestoration (35ms)
Refreshing native plugins compatible for Editor in 9.51 ms, found 3 plugins.
Preloading 0 native plugins for Editor in 0.00 ms.
Unloading 5914 Unused Serialized files (Serialized files now loaded: 0)
Unloading 46 unused Assets / (458.3 KB). Loaded Objects now: 7348.
Memory consumption went from 290.4 MB to 289.9 MB.
Total: 7.178400 ms (FindLiveObjects: 1.112500 ms CreateObjectMapping: 0.478300 ms MarkObjects: 5.238600 ms  DeleteObjects: 0.346800 ms)

Prepare: number of updated asset objects reloaded= 0
AssetImportParameters requested are different than current active one (requested -> active):
  custom:container-demuxer-ogg: 62fdf1f143b41e24485cea50d1cbac27 -> 
  custom:video-codec-MediaFoundation-h265: 746d11721c4dcdbdad8f713fa42b33f4 -> 
  custom:video-decoder-ogg-theora: a1e56fd34408186e4bbccfd4996cb3dc -> 
  custom:framework-win-MediaFoundation: 216162199b28c13a410421893ffa2e32 -> 
  custom:CustomObjectIndexerAttribute: 72b91833f83ae208fae7752999fa3104 -> 
  custom:container-demuxer-webm: 4f35f7cbe854078d1ac9338744f61a02 -> 
  custom:container-muxer-webm: aa71ff27fc2769a1b78a27578f13a17b -> 
  custom:video-decoder-webm-vp8: 9c59270c3fd7afecdb556c50c9e8de78 -> 
  custom:SearchIndexIgnoredProperties: e643bd26f0fe6173181afceb89e7c659 -> 
  custom:AudioImporter_EditorPlatform: d09bf68614088b80899f8185d706f6e7 -> 
  custom:video-encoder-webm-vp8: eb34c28f22e8b96e1ab97ce403110664 -> 
  custom:audio-decoder-ogg-vorbis: bf7c407c2cedff20999df2af8eb42d56 -> 
  custom:audio-encoder-webm-vorbis: bf7c407c2cedff20999df2af8eb42d56 -> 
========================================================================
Received Import Request.
  Time since last request: 96.540981 seconds.
  path: Assets/Scripts/PlayerBuild.cs
  artifactKey: Guid(b6f2e12b533d8904cb36303221b348ed) Importer(815301076,1909f56bfc062723c751e8b465ee728b)
Start importing Assets/Scripts/PlayerBuild.cs using Guid(b6f2e12b533d8904cb36303221b348ed) Importer(815301076,1909f56bfc062723c751e8b465ee728b)  -> (artifact id: '00000000000000000000000000000000') in 0.004091 seconds
Import Error Code:(4)
Message: Build asset version error: assets/scripts/playerbuild.cs in SourceAssetDB has modification time of '2025-06-09T21:14:09.4207255Z' while content on disk has modification time of '2025-06-09T21:14:09.738765Z'
  ERROR: Build asset version error: assets/scripts/playerbuild.cs in SourceAssetDB has modification time of '2025-06-09T21:14:09.4207255Z' while content on disk has modification time of '2025-06-09T21:14:09.738765Z'
Number of updated asset objects reloaded before import = 0
Number of asset objects unloaded after import = 0
========================================================================
Received Import Request.
  Time since last request: 0.031716 seconds.
  path: Assets/Scripts/PlayerBuild.cs
  artifactKey: Guid(b6f2e12b533d8904cb36303221b348ed) Importer(815301076,1909f56bfc062723c751e8b465ee728b)
Start importing Assets/Scripts/PlayerBuild.cs using Guid(b6f2e12b533d8904cb36303221b348ed) Importer(815301076,1909f56bfc062723c751e8b465ee728b)  -> (artifact id: '00000000000000000000000000000000') in 0.001078 seconds
Import Error Code:(4)
Message: Build asset version error: assets/scripts/playerbuild.cs in SourceAssetDB has modification time of '2025-06-09T21:14:09.4207255Z' while content on disk has modification time of '2025-06-09T21:14:09.738765Z'
  ERROR: Build asset version error: assets/scripts/playerbuild.cs in SourceAssetDB has modification time of '2025-06-09T21:14:09.4207255Z' while content on disk has modification time of '2025-06-09T21:14:09.738765Z'
Number of updated asset objects reloaded before import = 0
Number of asset objects unloaded after import = 0
========================================================================
Received Import Request.
  Time since last request: 0.505713 seconds.
  path: Assets/Scripts/PlayerBuild.cs
  artifactKey: Guid(b6f2e12b533d8904cb36303221b348ed) Importer(815301076,1909f56bfc062723c751e8b465ee728b)
Start importing Assets/Scripts/PlayerBuild.cs using Guid(b6f2e12b533d8904cb36303221b348ed) Importer(815301076,1909f56bfc062723c751e8b465ee728b)  -> (artifact id: '6c6905dc523ca6d981ff921fff1688fc') in 0.001027 seconds
Number of updated asset objects reloaded before import = 0
Number of asset objects unloaded after import = 0
========================================================================
Received Prepare
Begin MonoManager ReloadAssembly
- Loaded All Assemblies, in  1.178 seconds
Refreshing native plugins compatible for Editor in 10.07 ms, found 3 plugins.
Native extension for WindowsStandalone target not found
Native extension for Android target not found
Native extension for WebGL target not found
Mono: successfully reloaded assembly
- Finished resetting the current domain, in  4.108 seconds
Domain Reload Profiling: 5279ms
	BeginReloadAssembly (371ms)
		ExecutionOrderSort (0ms)
		DisableScriptedObjects (12ms)
		BackupInstance (0ms)
		ReleaseScriptingObjects (0ms)
		CreateAndSetChildDomain (79ms)
	RebuildCommonClasses (73ms)
	RebuildNativeTypeToScriptingClass (24ms)
	initialDomainReloadingComplete (65ms)
	LoadAllAssembliesAndSetupDomain (638ms)
		LoadAssemblies (721ms)
		RebuildTransferFunctionScriptingTraits (0ms)
		AnalyzeDomain (115ms)
			TypeCache.Refresh (22ms)
				TypeCache.ScanAssembly (1ms)
			ScanForSourceGeneratedMonoScriptInfo (54ms)
			ResolveRequiredComponents (31ms)
	FinalizeReload (4108ms)
		ReleaseScriptCaches (0ms)
		RebuildScriptCaches (0ms)
		SetupLoadedEditorAssemblies (1815ms)
			LogAssemblyErrors (0ms)
			InitializePlatformSupportModulesInManaged (69ms)
			SetLoadedEditorAssemblies (19ms)
			RefreshPlugins (0ms)
			BeforeProcessingInitializeOnLoad (287ms)
			ProcessInitializeOnLoadAttributes (1243ms)
			ProcessInitializeOnLoadMethodAttributes (185ms)
			AfterProcessingInitializeOnLoad (12ms)
			EditorAssembliesLoaded (0ms)
		ExecutionOrderSort2 (0ms)
		AwakeInstancesAfterBackupRestoration (35ms)
Refreshing native plugins compatible for Editor in 10.15 ms, found 3 plugins.
Preloading 0 native plugins for Editor in 0.00 ms.
Unloading 5914 Unused Serialized files (Serialized files now loaded: 0)
Unloading 46 unused Assets / (450.2 KB). Loaded Objects now: 7364.
Memory consumption went from 292.3 MB to 291.8 MB.
Total: 7.009900 ms (FindLiveObjects: 0.843700 ms CreateObjectMapping: 0.490300 ms MarkObjects: 5.311300 ms  DeleteObjects: 0.362600 ms)

Prepare: number of updated asset objects reloaded= 0
AssetImportParameters requested are different than current active one (requested -> active):
  custom:container-demuxer-ogg: 62fdf1f143b41e24485cea50d1cbac27 -> 
  custom:video-codec-MediaFoundation-h265: 746d11721c4dcdbdad8f713fa42b33f4 -> 
  custom:video-decoder-ogg-theora: a1e56fd34408186e4bbccfd4996cb3dc -> 
  custom:framework-win-MediaFoundation: 216162199b28c13a410421893ffa2e32 -> 
  custom:CustomObjectIndexerAttribute: 72b91833f83ae208fae7752999fa3104 -> 
  custom:container-demuxer-webm: 4f35f7cbe854078d1ac9338744f61a02 -> 
  custom:container-muxer-webm: aa71ff27fc2769a1b78a27578f13a17b -> 
  custom:video-decoder-webm-vp8: 9c59270c3fd7afecdb556c50c9e8de78 -> 
  custom:SearchIndexIgnoredProperties: e643bd26f0fe6173181afceb89e7c659 -> 
  custom:AudioImporter_EditorPlatform: d09bf68614088b80899f8185d706f6e7 -> 
  custom:video-encoder-webm-vp8: eb34c28f22e8b96e1ab97ce403110664 -> 
  custom:audio-decoder-ogg-vorbis: bf7c407c2cedff20999df2af8eb42d56 -> 
  custom:audio-encoder-webm-vorbis: bf7c407c2cedff20999df2af8eb42d56 -> 
========================================================================
Received Prepare
Begin MonoManager ReloadAssembly
- Loaded All Assemblies, in  1.059 seconds
Refreshing native plugins compatible for Editor in 12.19 ms, found 3 plugins.
Native extension for WindowsStandalone target not found
Native extension for Android target not found
Native extension for WebGL target not found
Mono: successfully reloaded assembly
- Finished resetting the current domain, in  3.306 seconds
Domain Reload Profiling: 4357ms
	BeginReloadAssembly (324ms)
		ExecutionOrderSort (0ms)
		DisableScriptedObjects (10ms)
		BackupInstance (0ms)
		ReleaseScriptingObjects (0ms)
		CreateAndSetChildDomain (67ms)
	RebuildCommonClasses (60ms)
	RebuildNativeTypeToScriptingClass (22ms)
	initialDomainReloadingComplete (66ms)
	LoadAllAssembliesAndSetupDomain (578ms)
		LoadAssemblies (648ms)
		RebuildTransferFunctionScriptingTraits (0ms)
		AnalyzeDomain (104ms)
			TypeCache.Refresh (19ms)
				TypeCache.ScanAssembly (1ms)
			ScanForSourceGeneratedMonoScriptInfo (53ms)
			ResolveRequiredComponents (25ms)
	FinalizeReload (3308ms)
		ReleaseScriptCaches (0ms)
		RebuildScriptCaches (0ms)
		SetupLoadedEditorAssemblies (1227ms)
			LogAssemblyErrors (0ms)
			InitializePlatformSupportModulesInManaged (57ms)
			SetLoadedEditorAssemblies (9ms)
			RefreshPlugins (0ms)
			BeforeProcessingInitializeOnLoad (179ms)
			ProcessInitializeOnLoadAttributes (835ms)
			ProcessInitializeOnLoadMethodAttributes (135ms)
			AfterProcessingInitializeOnLoad (12ms)
			EditorAssembliesLoaded (0ms)
		ExecutionOrderSort2 (0ms)
		AwakeInstancesAfterBackupRestoration (29ms)
Refreshing native plugins compatible for Editor in 9.77 ms, found 3 plugins.
Preloading 0 native plugins for Editor in 0.00 ms.
Unloading 5914 Unused Serialized files (Serialized files now loaded: 0)
Unloading 46 unused Assets / (450.2 KB). Loaded Objects now: 7380.
Memory consumption went from 294.2 MB to 293.8 MB.
Total: 7.326500 ms (FindLiveObjects: 0.866900 ms CreateObjectMapping: 0.465700 ms MarkObjects: 5.634100 ms  DeleteObjects: 0.358200 ms)

Prepare: number of updated asset objects reloaded= 0
AssetImportParameters requested are different than current active one (requested -> active):
  custom:container-demuxer-ogg: 62fdf1f143b41e24485cea50d1cbac27 -> 
  custom:video-codec-MediaFoundation-h265: 746d11721c4dcdbdad8f713fa42b33f4 -> 
  custom:video-decoder-ogg-theora: a1e56fd34408186e4bbccfd4996cb3dc -> 
  custom:framework-win-MediaFoundation: 216162199b28c13a410421893ffa2e32 -> 
  custom:CustomObjectIndexerAttribute: 72b91833f83ae208fae7752999fa3104 -> 
  custom:container-demuxer-webm: 4f35f7cbe854078d1ac9338744f61a02 -> 
  custom:container-muxer-webm: aa71ff27fc2769a1b78a27578f13a17b -> 
  custom:video-decoder-webm-vp8: 9c59270c3fd7afecdb556c50c9e8de78 -> 
  custom:SearchIndexIgnoredProperties: e643bd26f0fe6173181afceb89e7c659 -> 
  custom:AudioImporter_EditorPlatform: d09bf68614088b80899f8185d706f6e7 -> 
  custom:video-encoder-webm-vp8: eb34c28f22e8b96e1ab97ce403110664 -> 
  custom:audio-decoder-ogg-vorbis: bf7c407c2cedff20999df2af8eb42d56 -> 
  custom:audio-encoder-webm-vorbis: bf7c407c2cedff20999df2af8eb42d56 -> 
========================================================================
Received Prepare
Begin MonoManager ReloadAssembly
- Loaded All Assemblies, in  1.109 seconds
Refreshing native plugins compatible for Editor in 11.59 ms, found 3 plugins.
Native extension for WindowsStandalone target not found
Native extension for Android target not found
Native extension for WebGL target not found
Mono: successfully reloaded assembly
- Finished resetting the current domain, in  3.376 seconds
Domain Reload Profiling: 4478ms
	BeginReloadAssembly (358ms)
		ExecutionOrderSort (0ms)
		DisableScriptedObjects (9ms)
		BackupInstance (0ms)
		ReleaseScriptingObjects (0ms)
		CreateAndSetChildDomain (104ms)
	RebuildCommonClasses (63ms)
	RebuildNativeTypeToScriptingClass (21ms)
	initialDomainReloadingComplete (61ms)
	LoadAllAssembliesAndSetupDomain (598ms)
		LoadAssemblies (667ms)
		RebuildTransferFunctionScriptingTraits (0ms)
		AnalyzeDomain (101ms)
			TypeCache.Refresh (20ms)
				TypeCache.ScanAssembly (1ms)
			ScanForSourceGeneratedMonoScriptInfo (50ms)
			ResolveRequiredComponents (24ms)
	FinalizeReload (3377ms)
		ReleaseScriptCaches (0ms)
		RebuildScriptCaches (0ms)
		SetupLoadedEditorAssemblies (1204ms)
			LogAssemblyErrors (0ms)
			InitializePlatformSupportModulesInManaged (54ms)
			SetLoadedEditorAssemblies (11ms)
			RefreshPlugins (0ms)
			BeforeProcessingInitializeOnLoad (173ms)
			ProcessInitializeOnLoadAttributes (808ms)
			ProcessInitializeOnLoadMethodAttributes (145ms)
			AfterProcessingInitializeOnLoad (12ms)
			EditorAssembliesLoaded (0ms)
		ExecutionOrderSort2 (0ms)
		AwakeInstancesAfterBackupRestoration (28ms)
Refreshing native plugins compatible for Editor in 10.82 ms, found 3 plugins.
Preloading 0 native plugins for Editor in 0.00 ms.
Unloading 5914 Unused Serialized files (Serialized files now loaded: 0)
Unloading 46 unused Assets / (450.1 KB). Loaded Objects now: 7396.
Memory consumption went from 296.1 MB to 295.6 MB.
Total: 7.653600 ms (FindLiveObjects: 0.849500 ms CreateObjectMapping: 0.504500 ms MarkObjects: 5.940100 ms  DeleteObjects: 0.357500 ms)

Prepare: number of updated asset objects reloaded= 0
AssetImportParameters requested are different than current active one (requested -> active):
  custom:container-demuxer-ogg: 62fdf1f143b41e24485cea50d1cbac27 -> 
  custom:video-codec-MediaFoundation-h265: 746d11721c4dcdbdad8f713fa42b33f4 -> 
  custom:video-decoder-ogg-theora: a1e56fd34408186e4bbccfd4996cb3dc -> 
  custom:framework-win-MediaFoundation: 216162199b28c13a410421893ffa2e32 -> 
  custom:CustomObjectIndexerAttribute: 72b91833f83ae208fae7752999fa3104 -> 
  custom:container-demuxer-webm: 4f35f7cbe854078d1ac9338744f61a02 -> 
  custom:container-muxer-webm: aa71ff27fc2769a1b78a27578f13a17b -> 
  custom:video-decoder-webm-vp8: 9c59270c3fd7afecdb556c50c9e8de78 -> 
  custom:SearchIndexIgnoredProperties: e643bd26f0fe6173181afceb89e7c659 -> 
  custom:AudioImporter_EditorPlatform: d09bf68614088b80899f8185d706f6e7 -> 
  custom:video-encoder-webm-vp8: eb34c28f22e8b96e1ab97ce403110664 -> 
  custom:audio-decoder-ogg-vorbis: bf7c407c2cedff20999df2af8eb42d56 -> 
  custom:audio-encoder-webm-vorbis: bf7c407c2cedff20999df2af8eb42d56 -> 
========================================================================
Received Import Request.
  Time since last request: 108.478759 seconds.
  path: Assets/Scripts/PlayerBuild.cs
  artifactKey: Guid(b6f2e12b533d8904cb36303221b348ed) Importer(815301076,1909f56bfc062723c751e8b465ee728b)
Start importing Assets/Scripts/PlayerBuild.cs using Guid(b6f2e12b533d8904cb36303221b348ed) Importer(815301076,1909f56bfc062723c751e8b465ee728b)  -> (artifact id: '6ffe31acae7c5cd5b6d780c04c93c00e') in 0.003269 seconds
Number of updated asset objects reloaded before import = 0
Number of asset objects unloaded after import = 0
========================================================================
Received Prepare
Begin MonoManager ReloadAssembly
- Loaded All Assemblies, in  1.184 seconds
Refreshing native plugins compatible for Editor in 11.16 ms, found 3 plugins.
Native extension for WindowsStandalone target not found
Native extension for Android target not found
Native extension for WebGL target not found
Mono: successfully reloaded assembly
- Finished resetting the current domain, in  3.715 seconds
Domain Reload Profiling: 4893ms
	BeginReloadAssembly (352ms)
		ExecutionOrderSort (0ms)
		DisableScriptedObjects (13ms)
		BackupInstance (0ms)
		ReleaseScriptingObjects (0ms)
		CreateAndSetChildDomain (75ms)
	RebuildCommonClasses (79ms)
	RebuildNativeTypeToScriptingClass (21ms)
	initialDomainReloadingComplete (77ms)
	LoadAllAssembliesAndSetupDomain (648ms)
		LoadAssemblies (709ms)
		RebuildTransferFunctionScriptingTraits (0ms)
		AnalyzeDomain (100ms)
			TypeCache.Refresh (19ms)
				TypeCache.ScanAssembly (1ms)
			ScanForSourceGeneratedMonoScriptInfo (51ms)
			ResolveRequiredComponents (25ms)
	FinalizeReload (3716ms)
		ReleaseScriptCaches (0ms)
		RebuildScriptCaches (0ms)
		SetupLoadedEditorAssemblies (1525ms)
			LogAssemblyErrors (0ms)
			InitializePlatformSupportModulesInManaged (56ms)
			SetLoadedEditorAssemblies (10ms)
			RefreshPlugins (0ms)
			BeforeProcessingInitializeOnLoad (248ms)
			ProcessInitializeOnLoadAttributes (1058ms)
			ProcessInitializeOnLoadMethodAttributes (135ms)
			AfterProcessingInitializeOnLoad (17ms)
			EditorAssembliesLoaded (1ms)
		ExecutionOrderSort2 (0ms)
		AwakeInstancesAfterBackupRestoration (40ms)
Script is not up to date after domain reload: guid(b6f2e12b533d8904cb36303221b348ed) path("Assets/Scripts/PlayerBuild.cs") state(2)
Refreshing native plugins compatible for Editor in 9.95 ms, found 3 plugins.
Preloading 0 native plugins for Editor in 0.00 ms.
Unloading 5913 Unused Serialized files (Serialized files now loaded: 0)
Unloading 46 unused Assets / (434.1 KB). Loaded Objects now: 7411.
Memory consumption went from 298.0 MB to 297.6 MB.
Total: 8.023800 ms (FindLiveObjects: 1.129600 ms CreateObjectMapping: 0.632600 ms MarkObjects: 5.940300 ms  DeleteObjects: 0.319600 ms)

Prepare: number of updated asset objects reloaded= 0
AssetImportParameters requested are different than current active one (requested -> active):
  custom:container-demuxer-ogg: 62fdf1f143b41e24485cea50d1cbac27 -> 
  custom:video-codec-MediaFoundation-h265: 746d11721c4dcdbdad8f713fa42b33f4 -> 
  custom:video-decoder-ogg-theora: a1e56fd34408186e4bbccfd4996cb3dc -> 
  custom:framework-win-MediaFoundation: 216162199b28c13a410421893ffa2e32 -> 
  custom:CustomObjectIndexerAttribute: 72b91833f83ae208fae7752999fa3104 -> 
  custom:container-demuxer-webm: 4f35f7cbe854078d1ac9338744f61a02 -> 
  custom:container-muxer-webm: aa71ff27fc2769a1b78a27578f13a17b -> 
  custom:video-decoder-webm-vp8: 9c59270c3fd7afecdb556c50c9e8de78 -> 
  custom:SearchIndexIgnoredProperties: e643bd26f0fe6173181afceb89e7c659 -> 
  custom:AudioImporter_EditorPlatform: d09bf68614088b80899f8185d706f6e7 -> 
  custom:video-encoder-webm-vp8: eb34c28f22e8b96e1ab97ce403110664 -> 
  custom:audio-decoder-ogg-vorbis: bf7c407c2cedff20999df2af8eb42d56 -> 
  custom:audio-encoder-webm-vorbis: bf7c407c2cedff20999df2af8eb42d56 -> 
========================================================================
Received Prepare
Begin MonoManager ReloadAssembly
- Loaded All Assemblies, in  1.117 seconds
Refreshing native plugins compatible for Editor in 8.84 ms, found 3 plugins.
Native extension for WindowsStandalone target not found
Native extension for Android target not found
Native extension for WebGL target not found
Mono: successfully reloaded assembly
- Finished resetting the current domain, in  3.023 seconds
Domain Reload Profiling: 4132ms
	BeginReloadAssembly (335ms)
		ExecutionOrderSort (0ms)
		DisableScriptedObjects (11ms)
		BackupInstance (0ms)
		ReleaseScriptingObjects (0ms)
		CreateAndSetChildDomain (63ms)
	RebuildCommonClasses (65ms)
	RebuildNativeTypeToScriptingClass (23ms)
	initialDomainReloadingComplete (59ms)
	LoadAllAssembliesAndSetupDomain (625ms)
		LoadAssemblies (702ms)
		RebuildTransferFunctionScriptingTraits (0ms)
		AnalyzeDomain (116ms)
			TypeCache.Refresh (24ms)
				TypeCache.ScanAssembly (1ms)
			ScanForSourceGeneratedMonoScriptInfo (60ms)
			ResolveRequiredComponents (24ms)
	FinalizeReload (3024ms)
		ReleaseScriptCaches (0ms)
		RebuildScriptCaches (0ms)
		SetupLoadedEditorAssemblies (1255ms)
			LogAssemblyErrors (0ms)
			InitializePlatformSupportModulesInManaged (58ms)
			SetLoadedEditorAssemblies (10ms)
			RefreshPlugins (0ms)
			BeforeProcessingInitializeOnLoad (171ms)
			ProcessInitializeOnLoadAttributes (845ms)
			ProcessInitializeOnLoadMethodAttributes (158ms)
			AfterProcessingInitializeOnLoad (12ms)
			EditorAssembliesLoaded (1ms)
		ExecutionOrderSort2 (0ms)
		AwakeInstancesAfterBackupRestoration (30ms)
Refreshing native plugins compatible for Editor in 10.37 ms, found 3 plugins.
Preloading 0 native plugins for Editor in 0.00 ms.
Unloading 5914 Unused Serialized files (Serialized files now loaded: 0)
Unloading 46 unused Assets / (458.3 KB). Loaded Objects now: 7428.
Memory consumption went from 300.0 MB to 299.6 MB.
Total: 7.165500 ms (FindLiveObjects: 0.898400 ms CreateObjectMapping: 0.908600 ms MarkObjects: 5.020000 ms  DeleteObjects: 0.336700 ms)

Prepare: number of updated asset objects reloaded= 0
AssetImportParameters requested are different than current active one (requested -> active):
  custom:container-demuxer-ogg: 62fdf1f143b41e24485cea50d1cbac27 -> 
  custom:video-codec-MediaFoundation-h265: 746d11721c4dcdbdad8f713fa42b33f4 -> 
  custom:video-decoder-ogg-theora: a1e56fd34408186e4bbccfd4996cb3dc -> 
  custom:framework-win-MediaFoundation: 216162199b28c13a410421893ffa2e32 -> 
  custom:CustomObjectIndexerAttribute: 72b91833f83ae208fae7752999fa3104 -> 
  custom:container-demuxer-webm: 4f35f7cbe854078d1ac9338744f61a02 -> 
  custom:container-muxer-webm: aa71ff27fc2769a1b78a27578f13a17b -> 
  custom:video-decoder-webm-vp8: 9c59270c3fd7afecdb556c50c9e8de78 -> 
  custom:SearchIndexIgnoredProperties: e643bd26f0fe6173181afceb89e7c659 -> 
  custom:AudioImporter_EditorPlatform: d09bf68614088b80899f8185d706f6e7 -> 
  custom:video-encoder-webm-vp8: eb34c28f22e8b96e1ab97ce403110664 -> 
  custom:audio-decoder-ogg-vorbis: bf7c407c2cedff20999df2af8eb42d56 -> 
  custom:audio-encoder-webm-vorbis: bf7c407c2cedff20999df2af8eb42d56 -> 
========================================================================
Received Import Request.
  Time since last request: 22.618447 seconds.
  path: Assets/Scripts/PlayerBuild.cs
  artifactKey: Guid(b6f2e12b533d8904cb36303221b348ed) Importer(815301076,1909f56bfc062723c751e8b465ee728b)
Start importing Assets/Scripts/PlayerBuild.cs using Guid(b6f2e12b533d8904cb36303221b348ed) Importer(815301076,1909f56bfc062723c751e8b465ee728b)  -> (artifact id: '00000000000000000000000000000000') in 0.003253 seconds
Import Error Code:(4)
Message: Build asset version error: assets/scripts/playerbuild.cs in SourceAssetDB has modification time of '2025-06-09T21:16:08.5077597Z' while content on disk has modification time of '2025-06-09T21:16:14.0244707Z'
  ERROR: Build asset version error: assets/scripts/playerbuild.cs in SourceAssetDB has modification time of '2025-06-09T21:16:08.5077597Z' while content on disk has modification time of '2025-06-09T21:16:14.0244707Z'
Number of updated asset objects reloaded before import = 0
Number of asset objects unloaded after import = 0
========================================================================
Received Import Request.
  Time since last request: 0.000065 seconds.
  path: Assets/Scripts/PlayerBuild.cs
  artifactKey: Guid(b6f2e12b533d8904cb36303221b348ed) Importer(815301076,1909f56bfc062723c751e8b465ee728b)
Start importing Assets/Scripts/PlayerBuild.cs using Guid(b6f2e12b533d8904cb36303221b348ed) Importer(815301076,1909f56bfc062723c751e8b465ee728b)  -> (artifact id: '00000000000000000000000000000000') in 0.000967 seconds
Import Error Code:(4)
Message: Build asset version error: assets/scripts/playerbuild.cs in SourceAssetDB has modification time of '2025-06-09T21:16:08.5077597Z' while content on disk has modification time of '2025-06-09T21:16:14.0244707Z'
  ERROR: Build asset version error: assets/scripts/playerbuild.cs in SourceAssetDB has modification time of '2025-06-09T21:16:08.5077597Z' while content on disk has modification time of '2025-06-09T21:16:14.0244707Z'
Number of updated asset objects reloaded before import = 0
Number of asset objects unloaded after import = 0
========================================================================
Received Import Request.
  Time since last request: 0.010167 seconds.
  path: Assets/Scripts/PlayerBuild.cs
  artifactKey: Guid(b6f2e12b533d8904cb36303221b348ed) Importer(815301076,1909f56bfc062723c751e8b465ee728b)
Start importing Assets/Scripts/PlayerBuild.cs using Guid(b6f2e12b533d8904cb36303221b348ed) Importer(815301076,1909f56bfc062723c751e8b465ee728b)  -> (artifact id: '00000000000000000000000000000000') in 0.000957 seconds
Import Error Code:(4)
Message: Build asset version error: assets/scripts/playerbuild.cs in SourceAssetDB has modification time of '2025-06-09T21:16:08.5077597Z' while content on disk has modification time of '2025-06-09T21:16:14.0244707Z'
  ERROR: Build asset version error: assets/scripts/playerbuild.cs in SourceAssetDB has modification time of '2025-06-09T21:16:08.5077597Z' while content on disk has modification time of '2025-06-09T21:16:14.0244707Z'
Number of updated asset objects reloaded before import = 0
Number of asset objects unloaded after import = 0
========================================================================
Received Import Request.
  Time since last request: 0.008532 seconds.
  path: Assets/Scripts/PlayerBuild.cs
  artifactKey: Guid(b6f2e12b533d8904cb36303221b348ed) Importer(815301076,1909f56bfc062723c751e8b465ee728b)
Start importing Assets/Scripts/PlayerBuild.cs using Guid(b6f2e12b533d8904cb36303221b348ed) Importer(815301076,1909f56bfc062723c751e8b465ee728b)  -> (artifact id: '00000000000000000000000000000000') in 0.000961 seconds
Import Error Code:(4)
Message: Build asset version error: assets/scripts/playerbuild.cs in SourceAssetDB has modification time of '2025-06-09T21:16:08.5077597Z' while content on disk has modification time of '2025-06-09T21:16:14.0244707Z'
  ERROR: Build asset version error: assets/scripts/playerbuild.cs in SourceAssetDB has modification time of '2025-06-09T21:16:08.5077597Z' while content on disk has modification time of '2025-06-09T21:16:14.0244707Z'
Number of updated asset objects reloaded before import = 0
Number of asset objects unloaded after import = 0
========================================================================
Received Import Request.
  Time since last request: 0.008170 seconds.
  path: Assets/Scripts/PlayerBuild.cs
  artifactKey: Guid(b6f2e12b533d8904cb36303221b348ed) Importer(815301076,1909f56bfc062723c751e8b465ee728b)
Start importing Assets/Scripts/PlayerBuild.cs using Guid(b6f2e12b533d8904cb36303221b348ed) Importer(815301076,1909f56bfc062723c751e8b465ee728b)  -> (artifact id: '00000000000000000000000000000000') in 0.001079 seconds
Import Error Code:(4)
Message: Build asset version error: assets/scripts/playerbuild.cs in SourceAssetDB has modification time of '2025-06-09T21:16:08.5077597Z' while content on disk has modification time of '2025-06-09T21:16:14.0244707Z'
  ERROR: Build asset version error: assets/scripts/playerbuild.cs in SourceAssetDB has modification time of '2025-06-09T21:16:08.5077597Z' while content on disk has modification time of '2025-06-09T21:16:14.0244707Z'
Number of updated asset objects reloaded before import = 0
Number of asset objects unloaded after import = 0
========================================================================
Received Import Request.
  Time since last request: 0.009469 seconds.
  path: Assets/Scripts/PlayerBuild.cs
  artifactKey: Guid(b6f2e12b533d8904cb36303221b348ed) Importer(815301076,1909f56bfc062723c751e8b465ee728b)
Start importing Assets/Scripts/PlayerBuild.cs using Guid(b6f2e12b533d8904cb36303221b348ed) Importer(815301076,1909f56bfc062723c751e8b465ee728b)  -> (artifact id: '00000000000000000000000000000000') in 0.000904 seconds
Import Error Code:(4)
Message: Build asset version error: assets/scripts/playerbuild.cs in SourceAssetDB has modification time of '2025-06-09T21:16:08.5077597Z' while content on disk has modification time of '2025-06-09T21:16:14.0244707Z'
  ERROR: Build asset version error: assets/scripts/playerbuild.cs in SourceAssetDB has modification time of '2025-06-09T21:16:08.5077597Z' while content on disk has modification time of '2025-06-09T21:16:14.0244707Z'
Number of updated asset objects reloaded before import = 0
Number of asset objects unloaded after import = 0
========================================================================
Received Import Request.
  Time since last request: 0.006120 seconds.
  path: Assets/Scripts/PlayerBuild.cs
  artifactKey: Guid(b6f2e12b533d8904cb36303221b348ed) Importer(815301076,1909f56bfc062723c751e8b465ee728b)
Start importing Assets/Scripts/PlayerBuild.cs using Guid(b6f2e12b533d8904cb36303221b348ed) Importer(815301076,1909f56bfc062723c751e8b465ee728b)  -> (artifact id: '00000000000000000000000000000000') in 0.000992 seconds
Import Error Code:(4)
Message: Build asset version error: assets/scripts/playerbuild.cs in SourceAssetDB has modification time of '2025-06-09T21:16:08.5077597Z' while content on disk has modification time of '2025-06-09T21:16:14.0244707Z'
  ERROR: Build asset version error: assets/scripts/playerbuild.cs in SourceAssetDB has modification time of '2025-06-09T21:16:08.5077597Z' while content on disk has modification time of '2025-06-09T21:16:14.0244707Z'
Number of updated asset objects reloaded before import = 0
Number of asset objects unloaded after import = 0
========================================================================
Received Import Request.
  Time since last request: 0.008859 seconds.
  path: Assets/Scripts/PlayerBuild.cs
  artifactKey: Guid(b6f2e12b533d8904cb36303221b348ed) Importer(815301076,1909f56bfc062723c751e8b465ee728b)
Start importing Assets/Scripts/PlayerBuild.cs using Guid(b6f2e12b533d8904cb36303221b348ed) Importer(815301076,1909f56bfc062723c751e8b465ee728b)  -> (artifact id: '00000000000000000000000000000000') in 0.000941 seconds
Import Error Code:(4)
Message: Build asset version error: assets/scripts/playerbuild.cs in SourceAssetDB has modification time of '2025-06-09T21:16:08.5077597Z' while content on disk has modification time of '2025-06-09T21:16:14.0244707Z'
  ERROR: Build asset version error: assets/scripts/playerbuild.cs in SourceAssetDB has modification time of '2025-06-09T21:16:08.5077597Z' while content on disk has modification time of '2025-06-09T21:16:14.0244707Z'
Number of updated asset objects reloaded before import = 0
Number of asset objects unloaded after import = 0
========================================================================
Received Import Request.
  Time since last request: 0.008648 seconds.
  path: Assets/Scripts/PlayerBuild.cs
  artifactKey: Guid(b6f2e12b533d8904cb36303221b348ed) Importer(815301076,1909f56bfc062723c751e8b465ee728b)
Start importing Assets/Scripts/PlayerBuild.cs using Guid(b6f2e12b533d8904cb36303221b348ed) Importer(815301076,1909f56bfc062723c751e8b465ee728b)  -> (artifact id: '00000000000000000000000000000000') in 0.000914 seconds
Import Error Code:(4)
Message: Build asset version error: assets/scripts/playerbuild.cs in SourceAssetDB has modification time of '2025-06-09T21:16:08.5077597Z' while content on disk has modification time of '2025-06-09T21:16:14.0244707Z'
  ERROR: Build asset version error: assets/scripts/playerbuild.cs in SourceAssetDB has modification time of '2025-06-09T21:16:08.5077597Z' while content on disk has modification time of '2025-06-09T21:16:14.0244707Z'
Number of updated asset objects reloaded before import = 0
Number of asset objects unloaded after import = 0
========================================================================
Received Import Request.
  Time since last request: 0.009378 seconds.
  path: Assets/Scripts/PlayerBuild.cs
  artifactKey: Guid(b6f2e12b533d8904cb36303221b348ed) Importer(815301076,1909f56bfc062723c751e8b465ee728b)
Start importing Assets/Scripts/PlayerBuild.cs using Guid(b6f2e12b533d8904cb36303221b348ed) Importer(815301076,1909f56bfc062723c751e8b465ee728b)  -> (artifact id: '00000000000000000000000000000000') in 0.001069 seconds
Import Error Code:(4)
Message: Build asset version error: assets/scripts/playerbuild.cs in SourceAssetDB has modification time of '2025-06-09T21:16:08.5077597Z' while content on disk has modification time of '2025-06-09T21:16:14.0244707Z'
  ERROR: Build asset version error: assets/scripts/playerbuild.cs in SourceAssetDB has modification time of '2025-06-09T21:16:08.5077597Z' while content on disk has modification time of '2025-06-09T21:16:14.0244707Z'
Number of updated asset objects reloaded before import = 0
Number of asset objects unloaded after import = 0
========================================================================
Received Import Request.
  Time since last request: 0.005757 seconds.
  path: Assets/Scripts/PlayerBuild.cs
  artifactKey: Guid(b6f2e12b533d8904cb36303221b348ed) Importer(815301076,1909f56bfc062723c751e8b465ee728b)
Start importing Assets/Scripts/PlayerBuild.cs using Guid(b6f2e12b533d8904cb36303221b348ed) Importer(815301076,1909f56bfc062723c751e8b465ee728b)  -> (artifact id: '00000000000000000000000000000000') in 0.001048 seconds
Import Error Code:(4)
Message: Build asset version error: assets/scripts/playerbuild.cs in SourceAssetDB has modification time of '2025-06-09T21:16:08.5077597Z' while content on disk has modification time of '2025-06-09T21:16:14.0244707Z'
  ERROR: Build asset version error: assets/scripts/playerbuild.cs in SourceAssetDB has modification time of '2025-06-09T21:16:08.5077597Z' while content on disk has modification time of '2025-06-09T21:16:14.0244707Z'
Number of updated asset objects reloaded before import = 0
Number of asset objects unloaded after import = 0
========================================================================
Received Import Request.
  Time since last request: 0.007148 seconds.
  path: Assets/Scripts/PlayerBuild.cs
  artifactKey: Guid(b6f2e12b533d8904cb36303221b348ed) Importer(815301076,1909f56bfc062723c751e8b465ee728b)
Start importing Assets/Scripts/PlayerBuild.cs using Guid(b6f2e12b533d8904cb36303221b348ed) Importer(815301076,1909f56bfc062723c751e8b465ee728b)  -> (artifact id: '00000000000000000000000000000000') in 0.000934 seconds
Import Error Code:(4)
Message: Build asset version error: assets/scripts/playerbuild.cs in SourceAssetDB has modification time of '2025-06-09T21:16:08.5077597Z' while content on disk has modification time of '2025-06-09T21:16:14.0244707Z'
  ERROR: Build asset version error: assets/scripts/playerbuild.cs in SourceAssetDB has modification time of '2025-06-09T21:16:08.5077597Z' while content on disk has modification time of '2025-06-09T21:16:14.0244707Z'
Number of updated asset objects reloaded before import = 0
Number of asset objects unloaded after import = 0
========================================================================
Received Import Request.
  Time since last request: 0.005517 seconds.
  path: Assets/Scripts/PlayerBuild.cs
  artifactKey: Guid(b6f2e12b533d8904cb36303221b348ed) Importer(815301076,1909f56bfc062723c751e8b465ee728b)
Start importing Assets/Scripts/PlayerBuild.cs using Guid(b6f2e12b533d8904cb36303221b348ed) Importer(815301076,1909f56bfc062723c751e8b465ee728b)  -> (artifact id: '00000000000000000000000000000000') in 0.001085 seconds
Import Error Code:(4)
Message: Build asset version error: assets/scripts/playerbuild.cs in SourceAssetDB has modification time of '2025-06-09T21:16:08.5077597Z' while content on disk has modification time of '2025-06-09T21:16:14.0244707Z'
  ERROR: Build asset version error: assets/scripts/playerbuild.cs in SourceAssetDB has modification time of '2025-06-09T21:16:08.5077597Z' while content on disk has modification time of '2025-06-09T21:16:14.0244707Z'
Number of updated asset objects reloaded before import = 0
Number of asset objects unloaded after import = 0
========================================================================
Received Import Request.
  Time since last request: 0.009315 seconds.
  path: Assets/Scripts/PlayerBuild.cs
  artifactKey: Guid(b6f2e12b533d8904cb36303221b348ed) Importer(815301076,1909f56bfc062723c751e8b465ee728b)
Start importing Assets/Scripts/PlayerBuild.cs using Guid(b6f2e12b533d8904cb36303221b348ed) Importer(815301076,1909f56bfc062723c751e8b465ee728b)  -> (artifact id: '00000000000000000000000000000000') in 0.000901 seconds
Import Error Code:(4)
Message: Build asset version error: assets/scripts/playerbuild.cs in SourceAssetDB has modification time of '2025-06-09T21:16:08.5077597Z' while content on disk has modification time of '2025-06-09T21:16:14.0244707Z'
  ERROR: Build asset version error: assets/scripts/playerbuild.cs in SourceAssetDB has modification time of '2025-06-09T21:16:08.5077597Z' while content on disk has modification time of '2025-06-09T21:16:14.0244707Z'
Number of updated asset objects reloaded before import = 0
Number of asset objects unloaded after import = 0
========================================================================
Received Import Request.
  Time since last request: 0.009223 seconds.
  path: Assets/Scripts/PlayerBuild.cs
  artifactKey: Guid(b6f2e12b533d8904cb36303221b348ed) Importer(815301076,1909f56bfc062723c751e8b465ee728b)
Start importing Assets/Scripts/PlayerBuild.cs using Guid(b6f2e12b533d8904cb36303221b348ed) Importer(815301076,1909f56bfc062723c751e8b465ee728b)  -> (artifact id: '00000000000000000000000000000000') in 0.000968 seconds
Import Error Code:(4)
Message: Build asset version error: assets/scripts/playerbuild.cs in SourceAssetDB has modification time of '2025-06-09T21:16:08.5077597Z' while content on disk has modification time of '2025-06-09T21:16:14.0244707Z'
  ERROR: Build asset version error: assets/scripts/playerbuild.cs in SourceAssetDB has modification time of '2025-06-09T21:16:08.5077597Z' while content on disk has modification time of '2025-06-09T21:16:14.0244707Z'
Number of updated asset objects reloaded before import = 0
Number of asset objects unloaded after import = 0
========================================================================
Received Import Request.
  Time since last request: 0.010318 seconds.
  path: Assets/Scripts/PlayerBuild.cs
  artifactKey: Guid(b6f2e12b533d8904cb36303221b348ed) Importer(815301076,1909f56bfc062723c751e8b465ee728b)
Start importing Assets/Scripts/PlayerBuild.cs using Guid(b6f2e12b533d8904cb36303221b348ed) Importer(815301076,1909f56bfc062723c751e8b465ee728b)  -> (artifact id: '00000000000000000000000000000000') in 0.000893 seconds
Import Error Code:(4)
Message: Build asset version error: assets/scripts/playerbuild.cs in SourceAssetDB has modification time of '2025-06-09T21:16:08.5077597Z' while content on disk has modification time of '2025-06-09T21:16:14.0244707Z'
  ERROR: Build asset version error: assets/scripts/playerbuild.cs in SourceAssetDB has modification time of '2025-06-09T21:16:08.5077597Z' while content on disk has modification time of '2025-06-09T21:16:14.0244707Z'
Number of updated asset objects reloaded before import = 0
Number of asset objects unloaded after import = 0
========================================================================
Received Import Request.
  Time since last request: 0.011565 seconds.
  path: Assets/Scripts/PlayerBuild.cs
  artifactKey: Guid(b6f2e12b533d8904cb36303221b348ed) Importer(815301076,1909f56bfc062723c751e8b465ee728b)
Start importing Assets/Scripts/PlayerBuild.cs using Guid(b6f2e12b533d8904cb36303221b348ed) Importer(815301076,1909f56bfc062723c751e8b465ee728b)  -> (artifact id: '00000000000000000000000000000000') in 0.001122 seconds
Import Error Code:(4)
Message: Build asset version error: assets/scripts/playerbuild.cs in SourceAssetDB has modification time of '2025-06-09T21:16:08.5077597Z' while content on disk has modification time of '2025-06-09T21:16:14.0244707Z'
  ERROR: Build asset version error: assets/scripts/playerbuild.cs in SourceAssetDB has modification time of '2025-06-09T21:16:08.5077597Z' while content on disk has modification time of '2025-06-09T21:16:14.0244707Z'
Number of updated asset objects reloaded before import = 0
Number of asset objects unloaded after import = 0
========================================================================
Received Import Request.
  Time since last request: 0.010206 seconds.
  path: Assets/Scripts/PlayerBuild.cs
  artifactKey: Guid(b6f2e12b533d8904cb36303221b348ed) Importer(815301076,1909f56bfc062723c751e8b465ee728b)
Start importing Assets/Scripts/PlayerBuild.cs using Guid(b6f2e12b533d8904cb36303221b348ed) Importer(815301076,1909f56bfc062723c751e8b465ee728b)  -> (artifact id: '00000000000000000000000000000000') in 0.001057 seconds
Import Error Code:(4)
Message: Build asset version error: assets/scripts/playerbuild.cs in SourceAssetDB has modification time of '2025-06-09T21:16:08.5077597Z' while content on disk has modification time of '2025-06-09T21:16:14.0244707Z'
  ERROR: Build asset version error: assets/scripts/playerbuild.cs in SourceAssetDB has modification time of '2025-06-09T21:16:08.5077597Z' while content on disk has modification time of '2025-06-09T21:16:14.0244707Z'
Number of updated asset objects reloaded before import = 0
Number of asset objects unloaded after import = 0
========================================================================
Received Import Request.
  Time since last request: 0.008348 seconds.
  path: Assets/Scripts/PlayerBuild.cs
  artifactKey: Guid(b6f2e12b533d8904cb36303221b348ed) Importer(815301076,1909f56bfc062723c751e8b465ee728b)
Start importing Assets/Scripts/PlayerBuild.cs using Guid(b6f2e12b533d8904cb36303221b348ed) Importer(815301076,1909f56bfc062723c751e8b465ee728b)  -> (artifact id: '00000000000000000000000000000000') in 0.001009 seconds
Import Error Code:(4)
Message: Build asset version error: assets/scripts/playerbuild.cs in SourceAssetDB has modification time of '2025-06-09T21:16:08.5077597Z' while content on disk has modification time of '2025-06-09T21:16:14.0244707Z'
  ERROR: Build asset version error: assets/scripts/playerbuild.cs in SourceAssetDB has modification time of '2025-06-09T21:16:08.5077597Z' while content on disk has modification time of '2025-06-09T21:16:14.0244707Z'
Number of updated asset objects reloaded before import = 0
Number of asset objects unloaded after import = 0
========================================================================
Received Import Request.
  Time since last request: 0.008199 seconds.
  path: Assets/Scripts/PlayerBuild.cs
  artifactKey: Guid(b6f2e12b533d8904cb36303221b348ed) Importer(815301076,1909f56bfc062723c751e8b465ee728b)
Start importing Assets/Scripts/PlayerBuild.cs using Guid(b6f2e12b533d8904cb36303221b348ed) Importer(815301076,1909f56bfc062723c751e8b465ee728b)  -> (artifact id: '00000000000000000000000000000000') in 0.000972 seconds
Import Error Code:(4)
Message: Build asset version error: assets/scripts/playerbuild.cs in SourceAssetDB has modification time of '2025-06-09T21:16:08.5077597Z' while content on disk has modification time of '2025-06-09T21:16:14.0244707Z'
  ERROR: Build asset version error: assets/scripts/playerbuild.cs in SourceAssetDB has modification time of '2025-06-09T21:16:08.5077597Z' while content on disk has modification time of '2025-06-09T21:16:14.0244707Z'
Number of updated asset objects reloaded before import = 0
Number of asset objects unloaded after import = 0
========================================================================
Received Import Request.
  Time since last request: 0.009909 seconds.
  path: Assets/Scripts/PlayerBuild.cs
  artifactKey: Guid(b6f2e12b533d8904cb36303221b348ed) Importer(815301076,1909f56bfc062723c751e8b465ee728b)
Start importing Assets/Scripts/PlayerBuild.cs using Guid(b6f2e12b533d8904cb36303221b348ed) Importer(815301076,1909f56bfc062723c751e8b465ee728b)  -> (artifact id: '00000000000000000000000000000000') in 0.001031 seconds
Import Error Code:(4)
Message: Build asset version error: assets/scripts/playerbuild.cs in SourceAssetDB has modification time of '2025-06-09T21:16:08.5077597Z' while content on disk has modification time of '2025-06-09T21:16:14.0244707Z'
  ERROR: Build asset version error: assets/scripts/playerbuild.cs in SourceAssetDB has modification time of '2025-06-09T21:16:08.5077597Z' while content on disk has modification time of '2025-06-09T21:16:14.0244707Z'
Number of updated asset objects reloaded before import = 0
Number of asset objects unloaded after import = 0
========================================================================
Received Import Request.
  Time since last request: 0.008878 seconds.
  path: Assets/Scripts/PlayerBuild.cs
  artifactKey: Guid(b6f2e12b533d8904cb36303221b348ed) Importer(815301076,1909f56bfc062723c751e8b465ee728b)
Start importing Assets/Scripts/PlayerBuild.cs using Guid(b6f2e12b533d8904cb36303221b348ed) Importer(815301076,1909f56bfc062723c751e8b465ee728b)  -> (artifact id: '00000000000000000000000000000000') in 0.001029 seconds
Import Error Code:(4)
Message: Build asset version error: assets/scripts/playerbuild.cs in SourceAssetDB has modification time of '2025-06-09T21:16:08.5077597Z' while content on disk has modification time of '2025-06-09T21:16:14.0244707Z'
  ERROR: Build asset version error: assets/scripts/playerbuild.cs in SourceAssetDB has modification time of '2025-06-09T21:16:08.5077597Z' while content on disk has modification time of '2025-06-09T21:16:14.0244707Z'
Number of updated asset objects reloaded before import = 0
Number of asset objects unloaded after import = 0
========================================================================
Received Import Request.
  Time since last request: 0.007600 seconds.
  path: Assets/Scripts/PlayerBuild.cs
  artifactKey: Guid(b6f2e12b533d8904cb36303221b348ed) Importer(815301076,1909f56bfc062723c751e8b465ee728b)
Start importing Assets/Scripts/PlayerBuild.cs using Guid(b6f2e12b533d8904cb36303221b348ed) Importer(815301076,1909f56bfc062723c751e8b465ee728b)  -> (artifact id: '00000000000000000000000000000000') in 0.000942 seconds
Import Error Code:(4)
Message: Build asset version error: assets/scripts/playerbuild.cs in SourceAssetDB has modification time of '2025-06-09T21:16:08.5077597Z' while content on disk has modification time of '2025-06-09T21:16:14.0244707Z'
  ERROR: Build asset version error: assets/scripts/playerbuild.cs in SourceAssetDB has modification time of '2025-06-09T21:16:08.5077597Z' while content on disk has modification time of '2025-06-09T21:16:14.0244707Z'
Number of updated asset objects reloaded before import = 0
Number of asset objects unloaded after import = 0
========================================================================
Received Import Request.
  Time since last request: 0.008180 seconds.
  path: Assets/Scripts/PlayerBuild.cs
  artifactKey: Guid(b6f2e12b533d8904cb36303221b348ed) Importer(815301076,1909f56bfc062723c751e8b465ee728b)
Start importing Assets/Scripts/PlayerBuild.cs using Guid(b6f2e12b533d8904cb36303221b348ed) Importer(815301076,1909f56bfc062723c751e8b465ee728b)  -> (artifact id: '00000000000000000000000000000000') in 0.000962 seconds
Import Error Code:(4)
Message: Build asset version error: assets/scripts/playerbuild.cs in SourceAssetDB has modification time of '2025-06-09T21:16:08.5077597Z' while content on disk has modification time of '2025-06-09T21:16:14.0244707Z'
  ERROR: Build asset version error: assets/scripts/playerbuild.cs in SourceAssetDB has modification time of '2025-06-09T21:16:08.5077597Z' while content on disk has modification time of '2025-06-09T21:16:14.0244707Z'
Number of updated asset objects reloaded before import = 0
Number of asset objects unloaded after import = 0
========================================================================
Received Import Request.
  Time since last request: 0.009473 seconds.
  path: Assets/Scripts/PlayerBuild.cs
  artifactKey: Guid(b6f2e12b533d8904cb36303221b348ed) Importer(815301076,1909f56bfc062723c751e8b465ee728b)
Start importing Assets/Scripts/PlayerBuild.cs using Guid(b6f2e12b533d8904cb36303221b348ed) Importer(815301076,1909f56bfc062723c751e8b465ee728b)  -> (artifact id: '00000000000000000000000000000000') in 0.000891 seconds
Import Error Code:(4)
Message: Build asset version error: assets/scripts/playerbuild.cs in SourceAssetDB has modification time of '2025-06-09T21:16:08.5077597Z' while content on disk has modification time of '2025-06-09T21:16:14.0244707Z'
  ERROR: Build asset version error: assets/scripts/playerbuild.cs in SourceAssetDB has modification time of '2025-06-09T21:16:08.5077597Z' while content on disk has modification time of '2025-06-09T21:16:14.0244707Z'
Number of updated asset objects reloaded before import = 0
Number of asset objects unloaded after import = 0
========================================================================
Received Import Request.
  Time since last request: 0.010322 seconds.
  path: Assets/Scripts/PlayerBuild.cs
  artifactKey: Guid(b6f2e12b533d8904cb36303221b348ed) Importer(815301076,1909f56bfc062723c751e8b465ee728b)
Start importing Assets/Scripts/PlayerBuild.cs using Guid(b6f2e12b533d8904cb36303221b348ed) Importer(815301076,1909f56bfc062723c751e8b465ee728b)  -> (artifact id: '00000000000000000000000000000000') in 0.001188 seconds
Import Error Code:(4)
Message: Build asset version error: assets/scripts/playerbuild.cs in SourceAssetDB has modification time of '2025-06-09T21:16:08.5077597Z' while content on disk has modification time of '2025-06-09T21:16:14.0244707Z'
  ERROR: Build asset version error: assets/scripts/playerbuild.cs in SourceAssetDB has modification time of '2025-06-09T21:16:08.5077597Z' while content on disk has modification time of '2025-06-09T21:16:14.0244707Z'
Number of updated asset objects reloaded before import = 0
Number of asset objects unloaded after import = 0
========================================================================
Received Import Request.
  Time since last request: 0.015780 seconds.
  path: Assets/Scripts/PlayerBuild.cs
  artifactKey: Guid(b6f2e12b533d8904cb36303221b348ed) Importer(815301076,1909f56bfc062723c751e8b465ee728b)
Start importing Assets/Scripts/PlayerBuild.cs using Guid(b6f2e12b533d8904cb36303221b348ed) Importer(815301076,1909f56bfc062723c751e8b465ee728b)  -> (artifact id: '00000000000000000000000000000000') in 0.000910 seconds
Import Error Code:(4)
Message: Build asset version error: assets/scripts/playerbuild.cs in SourceAssetDB has modification time of '2025-06-09T21:16:08.5077597Z' while content on disk has modification time of '2025-06-09T21:16:14.0244707Z'
  ERROR: Build asset version error: assets/scripts/playerbuild.cs in SourceAssetDB has modification time of '2025-06-09T21:16:08.5077597Z' while content on disk has modification time of '2025-06-09T21:16:14.0244707Z'
Number of updated asset objects reloaded before import = 0
Number of asset objects unloaded after import = 0
========================================================================
Received Import Request.
  Time since last request: 0.011787 seconds.
  path: Assets/Scripts/PlayerBuild.cs
  artifactKey: Guid(b6f2e12b533d8904cb36303221b348ed) Importer(815301076,1909f56bfc062723c751e8b465ee728b)
Start importing Assets/Scripts/PlayerBuild.cs using Guid(b6f2e12b533d8904cb36303221b348ed) Importer(815301076,1909f56bfc062723c751e8b465ee728b)  -> (artifact id: '00000000000000000000000000000000') in 0.002901 seconds
Import Error Code:(4)
Message: Build asset version error: assets/scripts/playerbuild.cs in SourceAssetDB has modification time of '2025-06-09T21:16:08.5077597Z' while content on disk has modification time of '2025-06-09T21:16:14.0244707Z'
  ERROR: Build asset version error: assets/scripts/playerbuild.cs in SourceAssetDB has modification time of '2025-06-09T21:16:08.5077597Z' while content on disk has modification time of '2025-06-09T21:16:14.0244707Z'
Number of updated asset objects reloaded before import = 0
Number of asset objects unloaded after import = 0
========================================================================
Received Import Request.
  Time since last request: 0.005783 seconds.
  path: Assets/Scripts/PlayerBuild.cs
  artifactKey: Guid(b6f2e12b533d8904cb36303221b348ed) Importer(815301076,1909f56bfc062723c751e8b465ee728b)
Start importing Assets/Scripts/PlayerBuild.cs using Guid(b6f2e12b533d8904cb36303221b348ed) Importer(815301076,1909f56bfc062723c751e8b465ee728b)  -> (artifact id: '00000000000000000000000000000000') in 0.001098 seconds
Import Error Code:(4)
Message: Build asset version error: assets/scripts/playerbuild.cs in SourceAssetDB has modification time of '2025-06-09T21:16:08.5077597Z' while content on disk has modification time of '2025-06-09T21:16:14.0244707Z'
  ERROR: Build asset version error: assets/scripts/playerbuild.cs in SourceAssetDB has modification time of '2025-06-09T21:16:08.5077597Z' while content on disk has modification time of '2025-06-09T21:16:14.0244707Z'
Number of updated asset objects reloaded before import = 0
Number of asset objects unloaded after import = 0
========================================================================
Received Import Request.
  Time since last request: 0.007218 seconds.
  path: Assets/Scripts/PlayerBuild.cs
  artifactKey: Guid(b6f2e12b533d8904cb36303221b348ed) Importer(815301076,1909f56bfc062723c751e8b465ee728b)
Start importing Assets/Scripts/PlayerBuild.cs using Guid(b6f2e12b533d8904cb36303221b348ed) Importer(815301076,1909f56bfc062723c751e8b465ee728b)  -> (artifact id: '00000000000000000000000000000000') in 0.000903 seconds
Import Error Code:(4)
Message: Build asset version error: assets/scripts/playerbuild.cs in SourceAssetDB has modification time of '2025-06-09T21:16:08.5077597Z' while content on disk has modification time of '2025-06-09T21:16:14.0244707Z'
  ERROR: Build asset version error: assets/scripts/playerbuild.cs in SourceAssetDB has modification time of '2025-06-09T21:16:08.5077597Z' while content on disk has modification time of '2025-06-09T21:16:14.0244707Z'
Number of updated asset objects reloaded before import = 0
Number of asset objects unloaded after import = 0
========================================================================
Received Import Request.
  Time since last request: 0.009485 seconds.
  path: Assets/Scripts/PlayerBuild.cs
  artifactKey: Guid(b6f2e12b533d8904cb36303221b348ed) Importer(815301076,1909f56bfc062723c751e8b465ee728b)
Start importing Assets/Scripts/PlayerBuild.cs using Guid(b6f2e12b533d8904cb36303221b348ed) Importer(815301076,1909f56bfc062723c751e8b465ee728b)  -> (artifact id: '00000000000000000000000000000000') in 0.000999 seconds
Import Error Code:(4)
Message: Build asset version error: assets/scripts/playerbuild.cs in SourceAssetDB has modification time of '2025-06-09T21:16:08.5077597Z' while content on disk has modification time of '2025-06-09T21:16:14.0244707Z'
  ERROR: Build asset version error: assets/scripts/playerbuild.cs in SourceAssetDB has modification time of '2025-06-09T21:16:08.5077597Z' while content on disk has modification time of '2025-06-09T21:16:14.0244707Z'
Number of updated asset objects reloaded before import = 0
Number of asset objects unloaded after import = 0
========================================================================
Received Import Request.
  Time since last request: 0.007368 seconds.
  path: Assets/Scripts/PlayerBuild.cs
  artifactKey: Guid(b6f2e12b533d8904cb36303221b348ed) Importer(815301076,1909f56bfc062723c751e8b465ee728b)
Start importing Assets/Scripts/PlayerBuild.cs using Guid(b6f2e12b533d8904cb36303221b348ed) Importer(815301076,1909f56bfc062723c751e8b465ee728b)  -> (artifact id: '00000000000000000000000000000000') in 0.000997 seconds
Import Error Code:(4)
Message: Build asset version error: assets/scripts/playerbuild.cs in SourceAssetDB has modification time of '2025-06-09T21:16:08.5077597Z' while content on disk has modification time of '2025-06-09T21:16:14.0244707Z'
  ERROR: Build asset version error: assets/scripts/playerbuild.cs in SourceAssetDB has modification time of '2025-06-09T21:16:08.5077597Z' while content on disk has modification time of '2025-06-09T21:16:14.0244707Z'
Number of updated asset objects reloaded before import = 0
Number of asset objects unloaded after import = 0
========================================================================
Received Import Request.
  Time since last request: 0.004805 seconds.
  path: Assets/Scripts/PlayerBuild.cs
  artifactKey: Guid(b6f2e12b533d8904cb36303221b348ed) Importer(815301076,1909f56bfc062723c751e8b465ee728b)
Start importing Assets/Scripts/PlayerBuild.cs using Guid(b6f2e12b533d8904cb36303221b348ed) Importer(815301076,1909f56bfc062723c751e8b465ee728b)  -> (artifact id: '00000000000000000000000000000000') in 0.001051 seconds
Import Error Code:(4)
Message: Build asset version error: assets/scripts/playerbuild.cs in SourceAssetDB has modification time of '2025-06-09T21:16:08.5077597Z' while content on disk has modification time of '2025-06-09T21:16:14.0244707Z'
  ERROR: Build asset version error: assets/scripts/playerbuild.cs in SourceAssetDB has modification time of '2025-06-09T21:16:08.5077597Z' while content on disk has modification time of '2025-06-09T21:16:14.0244707Z'
Number of updated asset objects reloaded before import = 0
Number of asset objects unloaded after import = 0
========================================================================
Received Import Request.
  Time since last request: 0.004558 seconds.
  path: Assets/Scripts/PlayerBuild.cs
  artifactKey: Guid(b6f2e12b533d8904cb36303221b348ed) Importer(815301076,1909f56bfc062723c751e8b465ee728b)
Start importing Assets/Scripts/PlayerBuild.cs using Guid(b6f2e12b533d8904cb36303221b348ed) Importer(815301076,1909f56bfc062723c751e8b465ee728b)  -> (artifact id: '00000000000000000000000000000000') in 0.000828 seconds
Import Error Code:(4)
Message: Build asset version error: assets/scripts/playerbuild.cs in SourceAssetDB has modification time of '2025-06-09T21:16:08.5077597Z' while content on disk has modification time of '2025-06-09T21:16:14.0244707Z'
  ERROR: Build asset version error: assets/scripts/playerbuild.cs in SourceAssetDB has modification time of '2025-06-09T21:16:08.5077597Z' while content on disk has modification time of '2025-06-09T21:16:14.0244707Z'
Number of updated asset objects reloaded before import = 0
Number of asset objects unloaded after import = 0
========================================================================
Received Import Request.
  Time since last request: 0.006621 seconds.
  path: Assets/Scripts/PlayerBuild.cs
  artifactKey: Guid(b6f2e12b533d8904cb36303221b348ed) Importer(815301076,1909f56bfc062723c751e8b465ee728b)
Start importing Assets/Scripts/PlayerBuild.cs using Guid(b6f2e12b533d8904cb36303221b348ed) Importer(815301076,1909f56bfc062723c751e8b465ee728b)  -> (artifact id: '00000000000000000000000000000000') in 0.000945 seconds
Import Error Code:(4)
Message: Build asset version error: assets/scripts/playerbuild.cs in SourceAssetDB has modification time of '2025-06-09T21:16:08.5077597Z' while content on disk has modification time of '2025-06-09T21:16:14.0244707Z'
  ERROR: Build asset version error: assets/scripts/playerbuild.cs in SourceAssetDB has modification time of '2025-06-09T21:16:08.5077597Z' while content on disk has modification time of '2025-06-09T21:16:14.0244707Z'
Number of updated asset objects reloaded before import = 0
Number of asset objects unloaded after import = 0
========================================================================
Received Import Request.
  Time since last request: 0.002537 seconds.
  path: Assets/Scripts/PlayerBuild.cs
  artifactKey: Guid(b6f2e12b533d8904cb36303221b348ed) Importer(815301076,1909f56bfc062723c751e8b465ee728b)
Start importing Assets/Scripts/PlayerBuild.cs using Guid(b6f2e12b533d8904cb36303221b348ed) Importer(815301076,1909f56bfc062723c751e8b465ee728b)  -> (artifact id: '00000000000000000000000000000000') in 0.000952 seconds
Import Error Code:(4)
Message: Build asset version error: assets/scripts/playerbuild.cs in SourceAssetDB has modification time of '2025-06-09T21:16:08.5077597Z' while content on disk has modification time of '2025-06-09T21:16:14.0244707Z'
  ERROR: Build asset version error: assets/scripts/playerbuild.cs in SourceAssetDB has modification time of '2025-06-09T21:16:08.5077597Z' while content on disk has modification time of '2025-06-09T21:16:14.0244707Z'
Number of updated asset objects reloaded before import = 0
Number of asset objects unloaded after import = 0
========================================================================
Received Import Request.
  Time since last request: 0.009878 seconds.
  path: Assets/Scripts/PlayerBuild.cs
  artifactKey: Guid(b6f2e12b533d8904cb36303221b348ed) Importer(815301076,1909f56bfc062723c751e8b465ee728b)
Start importing Assets/Scripts/PlayerBuild.cs using Guid(b6f2e12b533d8904cb36303221b348ed) Importer(815301076,1909f56bfc062723c751e8b465ee728b)  -> (artifact id: '00000000000000000000000000000000') in 0.000793 seconds
Import Error Code:(4)
Message: Build asset version error: assets/scripts/playerbuild.cs in SourceAssetDB has modification time of '2025-06-09T21:16:08.5077597Z' while content on disk has modification time of '2025-06-09T21:16:14.0244707Z'
  ERROR: Build asset version error: assets/scripts/playerbuild.cs in SourceAssetDB has modification time of '2025-06-09T21:16:08.5077597Z' while content on disk has modification time of '2025-06-09T21:16:14.0244707Z'
Number of updated asset objects reloaded before import = 0
Number of asset objects unloaded after import = 0
========================================================================
Received Import Request.
  Time since last request: 0.004152 seconds.
  path: Assets/Scripts/PlayerBuild.cs
  artifactKey: Guid(b6f2e12b533d8904cb36303221b348ed) Importer(815301076,1909f56bfc062723c751e8b465ee728b)
Start importing Assets/Scripts/PlayerBuild.cs using Guid(b6f2e12b533d8904cb36303221b348ed) Importer(815301076,1909f56bfc062723c751e8b465ee728b)  -> (artifact id: '00000000000000000000000000000000') in 0.000761 seconds
Import Error Code:(4)
Message: Build asset version error: assets/scripts/playerbuild.cs in SourceAssetDB has modification time of '2025-06-09T21:16:08.5077597Z' while content on disk has modification time of '2025-06-09T21:16:14.0244707Z'
  ERROR: Build asset version error: assets/scripts/playerbuild.cs in SourceAssetDB has modification time of '2025-06-09T21:16:08.5077597Z' while content on disk has modification time of '2025-06-09T21:16:14.0244707Z'
Number of updated asset objects reloaded before import = 0
Number of asset objects unloaded after import = 0
========================================================================
Received Import Request.
  Time since last request: 0.010861 seconds.
  path: Assets/Scripts/PlayerBuild.cs
  artifactKey: Guid(b6f2e12b533d8904cb36303221b348ed) Importer(815301076,1909f56bfc062723c751e8b465ee728b)
Start importing Assets/Scripts/PlayerBuild.cs using Guid(b6f2e12b533d8904cb36303221b348ed) Importer(815301076,1909f56bfc062723c751e8b465ee728b)  -> (artifact id: '00000000000000000000000000000000') in 0.001123 seconds
Import Error Code:(4)
Message: Build asset version error: assets/scripts/playerbuild.cs in SourceAssetDB has modification time of '2025-06-09T21:16:08.5077597Z' while content on disk has modification time of '2025-06-09T21:16:14.0244707Z'
  ERROR: Build asset version error: assets/scripts/playerbuild.cs in SourceAssetDB has modification time of '2025-06-09T21:16:08.5077597Z' while content on disk has modification time of '2025-06-09T21:16:14.0244707Z'
Number of updated asset objects reloaded before import = 0
Number of asset objects unloaded after import = 0
========================================================================
Received Import Request.
  Time since last request: 0.001049 seconds.
  path: Assets/Scripts/PlayerBuild.cs
  artifactKey: Guid(b6f2e12b533d8904cb36303221b348ed) Importer(815301076,1909f56bfc062723c751e8b465ee728b)
Start importing Assets/Scripts/PlayerBuild.cs using Guid(b6f2e12b533d8904cb36303221b348ed) Importer(815301076,1909f56bfc062723c751e8b465ee728b)  -> (artifact id: '00000000000000000000000000000000') in 0.000846 seconds
Import Error Code:(4)
Message: Build asset version error: assets/scripts/playerbuild.cs in SourceAssetDB has modification time of '2025-06-09T21:16:08.5077597Z' while content on disk has modification time of '2025-06-09T21:16:14.0244707Z'
  ERROR: Build asset version error: assets/scripts/playerbuild.cs in SourceAssetDB has modification time of '2025-06-09T21:16:08.5077597Z' while content on disk has modification time of '2025-06-09T21:16:14.0244707Z'
Number of updated asset objects reloaded before import = 0
Number of asset objects unloaded after import = 0
========================================================================
Received Import Request.
  Time since last request: 0.009754 seconds.
  path: Assets/Scripts/PlayerBuild.cs
  artifactKey: Guid(b6f2e12b533d8904cb36303221b348ed) Importer(815301076,1909f56bfc062723c751e8b465ee728b)
Start importing Assets/Scripts/PlayerBuild.cs using Guid(b6f2e12b533d8904cb36303221b348ed) Importer(815301076,1909f56bfc062723c751e8b465ee728b)  -> (artifact id: '00000000000000000000000000000000') in 0.001198 seconds
Import Error Code:(4)
Message: Build asset version error: assets/scripts/playerbuild.cs in SourceAssetDB has modification time of '2025-06-09T21:16:08.5077597Z' while content on disk has modification time of '2025-06-09T21:16:14.0244707Z'
  ERROR: Build asset version error: assets/scripts/playerbuild.cs in SourceAssetDB has modification time of '2025-06-09T21:16:08.5077597Z' while content on disk has modification time of '2025-06-09T21:16:14.0244707Z'
Number of updated asset objects reloaded before import = 0
Number of asset objects unloaded after import = 0
========================================================================
Received Import Request.
  Time since last request: 0.004267 seconds.
  path: Assets/Scripts/PlayerBuild.cs
  artifactKey: Guid(b6f2e12b533d8904cb36303221b348ed) Importer(815301076,1909f56bfc062723c751e8b465ee728b)
Start importing Assets/Scripts/PlayerBuild.cs using Guid(b6f2e12b533d8904cb36303221b348ed) Importer(815301076,1909f56bfc062723c751e8b465ee728b)  -> (artifact id: '00000000000000000000000000000000') in 0.000883 seconds
Import Error Code:(4)
Message: Build asset version error: assets/scripts/playerbuild.cs in SourceAssetDB has modification time of '2025-06-09T21:16:08.5077597Z' while content on disk has modification time of '2025-06-09T21:16:14.0244707Z'
  ERROR: Build asset version error: assets/scripts/playerbuild.cs in SourceAssetDB has modification time of '2025-06-09T21:16:08.5077597Z' while content on disk has modification time of '2025-06-09T21:16:14.0244707Z'
Number of updated asset objects reloaded before import = 0
Number of asset objects unloaded after import = 0
========================================================================
Received Import Request.
  Time since last request: 0.006235 seconds.
  path: Assets/Scripts/PlayerBuild.cs
  artifactKey: Guid(b6f2e12b533d8904cb36303221b348ed) Importer(815301076,1909f56bfc062723c751e8b465ee728b)
Start importing Assets/Scripts/PlayerBuild.cs using Guid(b6f2e12b533d8904cb36303221b348ed) Importer(815301076,1909f56bfc062723c751e8b465ee728b)  -> (artifact id: '00000000000000000000000000000000') in 0.000890 seconds
Import Error Code:(4)
Message: Build asset version error: assets/scripts/playerbuild.cs in SourceAssetDB has modification time of '2025-06-09T21:16:08.5077597Z' while content on disk has modification time of '2025-06-09T21:16:14.0244707Z'
  ERROR: Build asset version error: assets/scripts/playerbuild.cs in SourceAssetDB has modification time of '2025-06-09T21:16:08.5077597Z' while content on disk has modification time of '2025-06-09T21:16:14.0244707Z'
Number of updated asset objects reloaded before import = 0
Number of asset objects unloaded after import = 0
========================================================================
Received Import Request.
  Time since last request: 0.001265 seconds.
  path: Assets/Scripts/PlayerBuild.cs
  artifactKey: Guid(b6f2e12b533d8904cb36303221b348ed) Importer(815301076,1909f56bfc062723c751e8b465ee728b)
Start importing Assets/Scripts/PlayerBuild.cs using Guid(b6f2e12b533d8904cb36303221b348ed) Importer(815301076,1909f56bfc062723c751e8b465ee728b)  -> (artifact id: '00000000000000000000000000000000') in 0.000824 seconds
Import Error Code:(4)
Message: Build asset version error: assets/scripts/playerbuild.cs in SourceAssetDB has modification time of '2025-06-09T21:16:08.5077597Z' while content on disk has modification time of '2025-06-09T21:16:14.0244707Z'
  ERROR: Build asset version error: assets/scripts/playerbuild.cs in SourceAssetDB has modification time of '2025-06-09T21:16:08.5077597Z' while content on disk has modification time of '2025-06-09T21:16:14.0244707Z'
Number of updated asset objects reloaded before import = 0
Number of asset objects unloaded after import = 0
========================================================================
Received Import Request.
  Time since last request: 0.008100 seconds.
  path: Assets/Scripts/PlayerBuild.cs
  artifactKey: Guid(b6f2e12b533d8904cb36303221b348ed) Importer(815301076,1909f56bfc062723c751e8b465ee728b)
Start importing Assets/Scripts/PlayerBuild.cs using Guid(b6f2e12b533d8904cb36303221b348ed) Importer(815301076,1909f56bfc062723c751e8b465ee728b)  -> (artifact id: '00000000000000000000000000000000') in 0.001042 seconds
Import Error Code:(4)
Message: Build asset version error: assets/scripts/playerbuild.cs in SourceAssetDB has modification time of '2025-06-09T21:16:08.5077597Z' while content on disk has modification time of '2025-06-09T21:16:14.0244707Z'
  ERROR: Build asset version error: assets/scripts/playerbuild.cs in SourceAssetDB has modification time of '2025-06-09T21:16:08.5077597Z' while content on disk has modification time of '2025-06-09T21:16:14.0244707Z'
Number of updated asset objects reloaded before import = 0
Number of asset objects unloaded after import = 0
========================================================================
Received Import Request.
  Time since last request: 0.005113 seconds.
  path: Assets/Scripts/PlayerBuild.cs
  artifactKey: Guid(b6f2e12b533d8904cb36303221b348ed) Importer(815301076,1909f56bfc062723c751e8b465ee728b)
Start importing Assets/Scripts/PlayerBuild.cs using Guid(b6f2e12b533d8904cb36303221b348ed) Importer(815301076,1909f56bfc062723c751e8b465ee728b)  -> (artifact id: '00000000000000000000000000000000') in 0.000928 seconds
Import Error Code:(4)
Message: Build asset version error: assets/scripts/playerbuild.cs in SourceAssetDB has modification time of '2025-06-09T21:16:08.5077597Z' while content on disk has modification time of '2025-06-09T21:16:14.0244707Z'
  ERROR: Build asset version error: assets/scripts/playerbuild.cs in SourceAssetDB has modification time of '2025-06-09T21:16:08.5077597Z' while content on disk has modification time of '2025-06-09T21:16:14.0244707Z'
Number of updated asset objects reloaded before import = 0
Number of asset objects unloaded after import = 0
========================================================================
Received Import Request.
  Time since last request: 0.004672 seconds.
  path: Assets/Scripts/PlayerBuild.cs
  artifactKey: Guid(b6f2e12b533d8904cb36303221b348ed) Importer(815301076,1909f56bfc062723c751e8b465ee728b)
Start importing Assets/Scripts/PlayerBuild.cs using Guid(b6f2e12b533d8904cb36303221b348ed) Importer(815301076,1909f56bfc062723c751e8b465ee728b)  -> (artifact id: '00000000000000000000000000000000') in 0.000866 seconds
Import Error Code:(4)
Message: Build asset version error: assets/scripts/playerbuild.cs in SourceAssetDB has modification time of '2025-06-09T21:16:08.5077597Z' while content on disk has modification time of '2025-06-09T21:16:14.0244707Z'
  ERROR: Build asset version error: assets/scripts/playerbuild.cs in SourceAssetDB has modification time of '2025-06-09T21:16:08.5077597Z' while content on disk has modification time of '2025-06-09T21:16:14.0244707Z'
Number of updated asset objects reloaded before import = 0
Number of asset objects unloaded after import = 0
========================================================================
Received Import Request.
  Time since last request: 0.006594 seconds.
  path: Assets/Scripts/PlayerBuild.cs
  artifactKey: Guid(b6f2e12b533d8904cb36303221b348ed) Importer(815301076,1909f56bfc062723c751e8b465ee728b)
Start importing Assets/Scripts/PlayerBuild.cs using Guid(b6f2e12b533d8904cb36303221b348ed) Importer(815301076,1909f56bfc062723c751e8b465ee728b)  -> (artifact id: '00000000000000000000000000000000') in 0.000728 seconds
Import Error Code:(4)
Message: Build asset version error: assets/scripts/playerbuild.cs in SourceAssetDB has modification time of '2025-06-09T21:16:08.5077597Z' while content on disk has modification time of '2025-06-09T21:16:14.0244707Z'
  ERROR: Build asset version error: assets/scripts/playerbuild.cs in SourceAssetDB has modification time of '2025-06-09T21:16:08.5077597Z' while content on disk has modification time of '2025-06-09T21:16:14.0244707Z'
Number of updated asset objects reloaded before import = 0
Number of asset objects unloaded after import = 0
========================================================================
Received Import Request.
  Time since last request: 0.000717 seconds.
  path: Assets/Scripts/PlayerBuild.cs
  artifactKey: Guid(b6f2e12b533d8904cb36303221b348ed) Importer(815301076,1909f56bfc062723c751e8b465ee728b)
Start importing Assets/Scripts/PlayerBuild.cs using Guid(b6f2e12b533d8904cb36303221b348ed) Importer(815301076,1909f56bfc062723c751e8b465ee728b)  -> (artifact id: '00000000000000000000000000000000') in 0.001094 seconds
Import Error Code:(4)
Message: Build asset version error: assets/scripts/playerbuild.cs in SourceAssetDB has modification time of '2025-06-09T21:16:08.5077597Z' while content on disk has modification time of '2025-06-09T21:16:14.0244707Z'
  ERROR: Build asset version error: assets/scripts/playerbuild.cs in SourceAssetDB has modification time of '2025-06-09T21:16:08.5077597Z' while content on disk has modification time of '2025-06-09T21:16:14.0244707Z'
Number of updated asset objects reloaded before import = 0
Number of asset objects unloaded after import = 0
========================================================================
Received Import Request.
  Time since last request: 0.006171 seconds.
  path: Assets/Scripts/PlayerBuild.cs
  artifactKey: Guid(b6f2e12b533d8904cb36303221b348ed) Importer(815301076,1909f56bfc062723c751e8b465ee728b)
Start importing Assets/Scripts/PlayerBuild.cs using Guid(b6f2e12b533d8904cb36303221b348ed) Importer(815301076,1909f56bfc062723c751e8b465ee728b)  -> (artifact id: '00000000000000000000000000000000') in 0.000796 seconds
Import Error Code:(4)
Message: Build asset version error: assets/scripts/playerbuild.cs in SourceAssetDB has modification time of '2025-06-09T21:16:08.5077597Z' while content on disk has modification time of '2025-06-09T21:16:14.0244707Z'
  ERROR: Build asset version error: assets/scripts/playerbuild.cs in SourceAssetDB has modification time of '2025-06-09T21:16:08.5077597Z' while content on disk has modification time of '2025-06-09T21:16:14.0244707Z'
Number of updated asset objects reloaded before import = 0
Number of asset objects unloaded after import = 0
========================================================================
Received Import Request.
  Time since last request: 0.001013 seconds.
  path: Assets/Scripts/PlayerBuild.cs
  artifactKey: Guid(b6f2e12b533d8904cb36303221b348ed) Importer(815301076,1909f56bfc062723c751e8b465ee728b)
Start importing Assets/Scripts/PlayerBuild.cs using Guid(b6f2e12b533d8904cb36303221b348ed) Importer(815301076,1909f56bfc062723c751e8b465ee728b)  -> (artifact id: '00000000000000000000000000000000') in 0.001082 seconds
Import Error Code:(4)
Message: Build asset version error: assets/scripts/playerbuild.cs in SourceAssetDB has modification time of '2025-06-09T21:16:08.5077597Z' while content on disk has modification time of '2025-06-09T21:16:14.0244707Z'
  ERROR: Build asset version error: assets/scripts/playerbuild.cs in SourceAssetDB has modification time of '2025-06-09T21:16:08.5077597Z' while content on disk has modification time of '2025-06-09T21:16:14.0244707Z'
Number of updated asset objects reloaded before import = 0
Number of asset objects unloaded after import = 0
========================================================================
Received Import Request.
  Time since last request: 0.003997 seconds.
  path: Assets/Scripts/PlayerBuild.cs
  artifactKey: Guid(b6f2e12b533d8904cb36303221b348ed) Importer(815301076,1909f56bfc062723c751e8b465ee728b)
Start importing Assets/Scripts/PlayerBuild.cs using Guid(b6f2e12b533d8904cb36303221b348ed) Importer(815301076,1909f56bfc062723c751e8b465ee728b)  -> (artifact id: '00000000000000000000000000000000') in 0.000784 seconds
Import Error Code:(4)
Message: Build asset version error: assets/scripts/playerbuild.cs in SourceAssetDB has modification time of '2025-06-09T21:16:08.5077597Z' while content on disk has modification time of '2025-06-09T21:16:14.0244707Z'
  ERROR: Build asset version error: assets/scripts/playerbuild.cs in SourceAssetDB has modification time of '2025-06-09T21:16:08.5077597Z' while content on disk has modification time of '2025-06-09T21:16:14.0244707Z'
Number of updated asset objects reloaded before import = 0
Number of asset objects unloaded after import = 0
========================================================================
Received Import Request.
  Time since last request: 0.002625 seconds.
  path: Assets/Scripts/PlayerBuild.cs
  artifactKey: Guid(b6f2e12b533d8904cb36303221b348ed) Importer(815301076,1909f56bfc062723c751e8b465ee728b)
Start importing Assets/Scripts/PlayerBuild.cs using Guid(b6f2e12b533d8904cb36303221b348ed) Importer(815301076,1909f56bfc062723c751e8b465ee728b)  -> (artifact id: '00000000000000000000000000000000') in 0.000773 seconds
Import Error Code:(4)
Message: Build asset version error: assets/scripts/playerbuild.cs in SourceAssetDB has modification time of '2025-06-09T21:16:08.5077597Z' while content on disk has modification time of '2025-06-09T21:16:14.0244707Z'
  ERROR: Build asset version error: assets/scripts/playerbuild.cs in SourceAssetDB has modification time of '2025-06-09T21:16:08.5077597Z' while content on disk has modification time of '2025-06-09T21:16:14.0244707Z'
Number of updated asset objects reloaded before import = 0
Number of asset objects unloaded after import = 0
========================================================================
Received Import Request.
  Time since last request: 0.008012 seconds.
  path: Assets/Scripts/PlayerBuild.cs
  artifactKey: Guid(b6f2e12b533d8904cb36303221b348ed) Importer(815301076,1909f56bfc062723c751e8b465ee728b)
Start importing Assets/Scripts/PlayerBuild.cs using Guid(b6f2e12b533d8904cb36303221b348ed) Importer(815301076,1909f56bfc062723c751e8b465ee728b)  -> (artifact id: '00000000000000000000000000000000') in 0.001381 seconds
Import Error Code:(4)
Message: Build asset version error: assets/scripts/playerbuild.cs in SourceAssetDB has modification time of '2025-06-09T21:16:08.5077597Z' while content on disk has modification time of '2025-06-09T21:16:14.0244707Z'
  ERROR: Build asset version error: assets/scripts/playerbuild.cs in SourceAssetDB has modification time of '2025-06-09T21:16:08.5077597Z' while content on disk has modification time of '2025-06-09T21:16:14.0244707Z'
Number of updated asset objects reloaded before import = 0
Number of asset objects unloaded after import = 0
========================================================================
Received Import Request.
  Time since last request: 0.007856 seconds.
  path: Assets/Scripts/PlayerBuild.cs
  artifactKey: Guid(b6f2e12b533d8904cb36303221b348ed) Importer(815301076,1909f56bfc062723c751e8b465ee728b)
Start importing Assets/Scripts/PlayerBuild.cs using Guid(b6f2e12b533d8904cb36303221b348ed) Importer(815301076,1909f56bfc062723c751e8b465ee728b)  -> (artifact id: '00000000000000000000000000000000') in 0.001039 seconds
Import Error Code:(4)
Message: Build asset version error: assets/scripts/playerbuild.cs in SourceAssetDB has modification time of '2025-06-09T21:16:08.5077597Z' while content on disk has modification time of '2025-06-09T21:16:14.0244707Z'
  ERROR: Build asset version error: assets/scripts/playerbuild.cs in SourceAssetDB has modification time of '2025-06-09T21:16:08.5077597Z' while content on disk has modification time of '2025-06-09T21:16:14.0244707Z'
Number of updated asset objects reloaded before import = 0
Number of asset objects unloaded after import = 0
========================================================================
Received Import Request.
  Time since last request: 0.005221 seconds.
  path: Assets/Scripts/PlayerBuild.cs
  artifactKey: Guid(b6f2e12b533d8904cb36303221b348ed) Importer(815301076,1909f56bfc062723c751e8b465ee728b)
Start importing Assets/Scripts/PlayerBuild.cs using Guid(b6f2e12b533d8904cb36303221b348ed) Importer(815301076,1909f56bfc062723c751e8b465ee728b)  -> (artifact id: '00000000000000000000000000000000') in 0.001364 seconds
Import Error Code:(4)
Message: Build asset version error: assets/scripts/playerbuild.cs in SourceAssetDB has modification time of '2025-06-09T21:16:08.5077597Z' while content on disk has modification time of '2025-06-09T21:16:14.0244707Z'
  ERROR: Build asset version error: assets/scripts/playerbuild.cs in SourceAssetDB has modification time of '2025-06-09T21:16:08.5077597Z' while content on disk has modification time of '2025-06-09T21:16:14.0244707Z'
Number of updated asset objects reloaded before import = 0
Number of asset objects unloaded after import = 0
========================================================================
Received Import Request.
  Time since last request: 0.005058 seconds.
  path: Assets/Scripts/PlayerBuild.cs
  artifactKey: Guid(b6f2e12b533d8904cb36303221b348ed) Importer(815301076,1909f56bfc062723c751e8b465ee728b)
Start importing Assets/Scripts/PlayerBuild.cs using Guid(b6f2e12b533d8904cb36303221b348ed) Importer(815301076,1909f56bfc062723c751e8b465ee728b)  -> (artifact id: '00000000000000000000000000000000') in 0.001059 seconds
Import Error Code:(4)
Message: Build asset version error: assets/scripts/playerbuild.cs in SourceAssetDB has modification time of '2025-06-09T21:16:08.5077597Z' while content on disk has modification time of '2025-06-09T21:16:14.0244707Z'
  ERROR: Build asset version error: assets/scripts/playerbuild.cs in SourceAssetDB has modification time of '2025-06-09T21:16:08.5077597Z' while content on disk has modification time of '2025-06-09T21:16:14.0244707Z'
Number of updated asset objects reloaded before import = 0
Number of asset objects unloaded after import = 0
========================================================================
Received Import Request.
  Time since last request: 0.006095 seconds.
  path: Assets/Scripts/PlayerBuild.cs
  artifactKey: Guid(b6f2e12b533d8904cb36303221b348ed) Importer(815301076,1909f56bfc062723c751e8b465ee728b)
Start importing Assets/Scripts/PlayerBuild.cs using Guid(b6f2e12b533d8904cb36303221b348ed) Importer(815301076,1909f56bfc062723c751e8b465ee728b)  -> (artifact id: '00000000000000000000000000000000') in 0.000967 seconds
Import Error Code:(4)
Message: Build asset version error: assets/scripts/playerbuild.cs in SourceAssetDB has modification time of '2025-06-09T21:16:08.5077597Z' while content on disk has modification time of '2025-06-09T21:16:14.0244707Z'
  ERROR: Build asset version error: assets/scripts/playerbuild.cs in SourceAssetDB has modification time of '2025-06-09T21:16:08.5077597Z' while content on disk has modification time of '2025-06-09T21:16:14.0244707Z'
Number of updated asset objects reloaded before import = 0
Number of asset objects unloaded after import = 0
========================================================================
Received Import Request.
  Time since last request: 0.007047 seconds.
  path: Assets/Scripts/PlayerBuild.cs
  artifactKey: Guid(b6f2e12b533d8904cb36303221b348ed) Importer(815301076,1909f56bfc062723c751e8b465ee728b)
Start importing Assets/Scripts/PlayerBuild.cs using Guid(b6f2e12b533d8904cb36303221b348ed) Importer(815301076,1909f56bfc062723c751e8b465ee728b)  -> (artifact id: '00000000000000000000000000000000') in 0.000779 seconds
Import Error Code:(4)
Message: Build asset version error: assets/scripts/playerbuild.cs in SourceAssetDB has modification time of '2025-06-09T21:16:08.5077597Z' while content on disk has modification time of '2025-06-09T21:16:14.0244707Z'
  ERROR: Build asset version error: assets/scripts/playerbuild.cs in SourceAssetDB has modification time of '2025-06-09T21:16:08.5077597Z' while content on disk has modification time of '2025-06-09T21:16:14.0244707Z'
Number of updated asset objects reloaded before import = 0
Number of asset objects unloaded after import = 0
========================================================================
Received Import Request.
  Time since last request: 0.007365 seconds.
  path: Assets/Scripts/PlayerBuild.cs
  artifactKey: Guid(b6f2e12b533d8904cb36303221b348ed) Importer(815301076,1909f56bfc062723c751e8b465ee728b)
Start importing Assets/Scripts/PlayerBuild.cs using Guid(b6f2e12b533d8904cb36303221b348ed) Importer(815301076,1909f56bfc062723c751e8b465ee728b)  -> (artifact id: '00000000000000000000000000000000') in 0.001169 seconds
Import Error Code:(4)
Message: Build asset version error: assets/scripts/playerbuild.cs in SourceAssetDB has modification time of '2025-06-09T21:16:08.5077597Z' while content on disk has modification time of '2025-06-09T21:16:14.0244707Z'
  ERROR: Build asset version error: assets/scripts/playerbuild.cs in SourceAssetDB has modification time of '2025-06-09T21:16:08.5077597Z' while content on disk has modification time of '2025-06-09T21:16:14.0244707Z'
Number of updated asset objects reloaded before import = 0
Number of asset objects unloaded after import = 0
========================================================================
Received Import Request.
  Time since last request: 0.004982 seconds.
  path: Assets/Scripts/PlayerBuild.cs
  artifactKey: Guid(b6f2e12b533d8904cb36303221b348ed) Importer(815301076,1909f56bfc062723c751e8b465ee728b)
Start importing Assets/Scripts/PlayerBuild.cs using Guid(b6f2e12b533d8904cb36303221b348ed) Importer(815301076,1909f56bfc062723c751e8b465ee728b)  -> (artifact id: '00000000000000000000000000000000') in 0.000923 seconds
Import Error Code:(4)
Message: Build asset version error: assets/scripts/playerbuild.cs in SourceAssetDB has modification time of '2025-06-09T21:16:08.5077597Z' while content on disk has modification time of '2025-06-09T21:16:14.0244707Z'
  ERROR: Build asset version error: assets/scripts/playerbuild.cs in SourceAssetDB has modification time of '2025-06-09T21:16:08.5077597Z' while content on disk has modification time of '2025-06-09T21:16:14.0244707Z'
Number of updated asset objects reloaded before import = 0
Number of asset objects unloaded after import = 0
========================================================================
Received Import Request.
  Time since last request: 0.003827 seconds.
  path: Assets/Scripts/PlayerBuild.cs
  artifactKey: Guid(b6f2e12b533d8904cb36303221b348ed) Importer(815301076,1909f56bfc062723c751e8b465ee728b)
Start importing Assets/Scripts/PlayerBuild.cs using Guid(b6f2e12b533d8904cb36303221b348ed) Importer(815301076,1909f56bfc062723c751e8b465ee728b)  -> (artifact id: '00000000000000000000000000000000') in 0.000830 seconds
Import Error Code:(4)
Message: Build asset version error: assets/scripts/playerbuild.cs in SourceAssetDB has modification time of '2025-06-09T21:16:08.5077597Z' while content on disk has modification time of '2025-06-09T21:16:14.0244707Z'
  ERROR: Build asset version error: assets/scripts/playerbuild.cs in SourceAssetDB has modification time of '2025-06-09T21:16:08.5077597Z' while content on disk has modification time of '2025-06-09T21:16:14.0244707Z'
Number of updated asset objects reloaded before import = 0
Number of asset objects unloaded after import = 0
========================================================================
Received Import Request.
  Time since last request: 0.003303 seconds.
  path: Assets/Scripts/PlayerBuild.cs
  artifactKey: Guid(b6f2e12b533d8904cb36303221b348ed) Importer(815301076,1909f56bfc062723c751e8b465ee728b)
Start importing Assets/Scripts/PlayerBuild.cs using Guid(b6f2e12b533d8904cb36303221b348ed) Importer(815301076,1909f56bfc062723c751e8b465ee728b)  -> (artifact id: '00000000000000000000000000000000') in 0.000912 seconds
Import Error Code:(4)
Message: Build asset version error: assets/scripts/playerbuild.cs in SourceAssetDB has modification time of '2025-06-09T21:16:08.5077597Z' while content on disk has modification time of '2025-06-09T21:16:14.0244707Z'
  ERROR: Build asset version error: assets/scripts/playerbuild.cs in SourceAssetDB has modification time of '2025-06-09T21:16:08.5077597Z' while content on disk has modification time of '2025-06-09T21:16:14.0244707Z'
Number of updated asset objects reloaded before import = 0
Number of asset objects unloaded after import = 0
========================================================================
Received Import Request.
  Time since last request: 0.005161 seconds.
  path: Assets/Scripts/PlayerBuild.cs
  artifactKey: Guid(b6f2e12b533d8904cb36303221b348ed) Importer(815301076,1909f56bfc062723c751e8b465ee728b)
Start importing Assets/Scripts/PlayerBuild.cs using Guid(b6f2e12b533d8904cb36303221b348ed) Importer(815301076,1909f56bfc062723c751e8b465ee728b)  -> (artifact id: '00000000000000000000000000000000') in 0.000897 seconds
Import Error Code:(4)
Message: Build asset version error: assets/scripts/playerbuild.cs in SourceAssetDB has modification time of '2025-06-09T21:16:08.5077597Z' while content on disk has modification time of '2025-06-09T21:16:14.0244707Z'
  ERROR: Build asset version error: assets/scripts/playerbuild.cs in SourceAssetDB has modification time of '2025-06-09T21:16:08.5077597Z' while content on disk has modification time of '2025-06-09T21:16:14.0244707Z'
Number of updated asset objects reloaded before import = 0
Number of asset objects unloaded after import = 0
========================================================================
Received Import Request.
  Time since last request: 0.001733 seconds.
  path: Assets/Scripts/PlayerBuild.cs
  artifactKey: Guid(b6f2e12b533d8904cb36303221b348ed) Importer(815301076,1909f56bfc062723c751e8b465ee728b)
Start importing Assets/Scripts/PlayerBuild.cs using Guid(b6f2e12b533d8904cb36303221b348ed) Importer(815301076,1909f56bfc062723c751e8b465ee728b)  -> (artifact id: '00000000000000000000000000000000') in 0.000854 seconds
Import Error Code:(4)
Message: Build asset version error: assets/scripts/playerbuild.cs in SourceAssetDB has modification time of '2025-06-09T21:16:08.5077597Z' while content on disk has modification time of '2025-06-09T21:16:14.0244707Z'
  ERROR: Build asset version error: assets/scripts/playerbuild.cs in SourceAssetDB has modification time of '2025-06-09T21:16:08.5077597Z' while content on disk has modification time of '2025-06-09T21:16:14.0244707Z'
Number of updated asset objects reloaded before import = 0
Number of asset objects unloaded after import = 0
========================================================================
Received Import Request.
  Time since last request: 0.007019 seconds.
  path: Assets/Scripts/PlayerBuild.cs
  artifactKey: Guid(b6f2e12b533d8904cb36303221b348ed) Importer(815301076,1909f56bfc062723c751e8b465ee728b)
Start importing Assets/Scripts/PlayerBuild.cs using Guid(b6f2e12b533d8904cb36303221b348ed) Importer(815301076,1909f56bfc062723c751e8b465ee728b)  -> (artifact id: '00000000000000000000000000000000') in 0.001044 seconds
Import Error Code:(4)
Message: Build asset version error: assets/scripts/playerbuild.cs in SourceAssetDB has modification time of '2025-06-09T21:16:08.5077597Z' while content on disk has modification time of '2025-06-09T21:16:14.0244707Z'
  ERROR: Build asset version error: assets/scripts/playerbuild.cs in SourceAssetDB has modification time of '2025-06-09T21:16:08.5077597Z' while content on disk has modification time of '2025-06-09T21:16:14.0244707Z'
Number of updated asset objects reloaded before import = 0
Number of asset objects unloaded after import = 0
========================================================================
Received Import Request.
  Time since last request: 0.004072 seconds.
  path: Assets/Scripts/PlayerBuild.cs
  artifactKey: Guid(b6f2e12b533d8904cb36303221b348ed) Importer(815301076,1909f56bfc062723c751e8b465ee728b)
Start importing Assets/Scripts/PlayerBuild.cs using Guid(b6f2e12b533d8904cb36303221b348ed) Importer(815301076,1909f56bfc062723c751e8b465ee728b)  -> (artifact id: '00000000000000000000000000000000') in 0.000962 seconds
Import Error Code:(4)
Message: Build asset version error: assets/scripts/playerbuild.cs in SourceAssetDB has modification time of '2025-06-09T21:16:08.5077597Z' while content on disk has modification time of '2025-06-09T21:16:14.0244707Z'
  ERROR: Build asset version error: assets/scripts/playerbuild.cs in SourceAssetDB has modification time of '2025-06-09T21:16:08.5077597Z' while content on disk has modification time of '2025-06-09T21:16:14.0244707Z'
Number of updated asset objects reloaded before import = 0
Number of asset objects unloaded after import = 0
========================================================================
Received Import Request.
  Time since last request: 0.004258 seconds.
  path: Assets/Scripts/PlayerBuild.cs
  artifactKey: Guid(b6f2e12b533d8904cb36303221b348ed) Importer(815301076,1909f56bfc062723c751e8b465ee728b)
Start importing Assets/Scripts/PlayerBuild.cs using Guid(b6f2e12b533d8904cb36303221b348ed) Importer(815301076,1909f56bfc062723c751e8b465ee728b)  -> (artifact id: '00000000000000000000000000000000') in 0.001193 seconds
Import Error Code:(4)
Message: Build asset version error: assets/scripts/playerbuild.cs in SourceAssetDB has modification time of '2025-06-09T21:16:08.5077597Z' while content on disk has modification time of '2025-06-09T21:16:14.0244707Z'
  ERROR: Build asset version error: assets/scripts/playerbuild.cs in SourceAssetDB has modification time of '2025-06-09T21:16:08.5077597Z' while content on disk has modification time of '2025-06-09T21:16:14.0244707Z'
Number of updated asset objects reloaded before import = 0
Number of asset objects unloaded after import = 0
========================================================================
Received Import Request.
  Time since last request: 0.006197 seconds.
  path: Assets/Scripts/PlayerBuild.cs
  artifactKey: Guid(b6f2e12b533d8904cb36303221b348ed) Importer(815301076,1909f56bfc062723c751e8b465ee728b)
Start importing Assets/Scripts/PlayerBuild.cs using Guid(b6f2e12b533d8904cb36303221b348ed) Importer(815301076,1909f56bfc062723c751e8b465ee728b)  -> (artifact id: '00000000000000000000000000000000') in 0.001238 seconds
Import Error Code:(4)
Message: Build asset version error: assets/scripts/playerbuild.cs in SourceAssetDB has modification time of '2025-06-09T21:16:08.5077597Z' while content on disk has modification time of '2025-06-09T21:16:14.0244707Z'
  ERROR: Build asset version error: assets/scripts/playerbuild.cs in SourceAssetDB has modification time of '2025-06-09T21:16:08.5077597Z' while content on disk has modification time of '2025-06-09T21:16:14.0244707Z'
Number of updated asset objects reloaded before import = 0
Number of asset objects unloaded after import = 0
========================================================================
Received Import Request.
  Time since last request: 0.002379 seconds.
  path: Assets/Scripts/PlayerBuild.cs
  artifactKey: Guid(b6f2e12b533d8904cb36303221b348ed) Importer(815301076,1909f56bfc062723c751e8b465ee728b)
Start importing Assets/Scripts/PlayerBuild.cs using Guid(b6f2e12b533d8904cb36303221b348ed) Importer(815301076,1909f56bfc062723c751e8b465ee728b)  -> (artifact id: '00000000000000000000000000000000') in 0.000785 seconds
Import Error Code:(4)
Message: Build asset version error: assets/scripts/playerbuild.cs in SourceAssetDB has modification time of '2025-06-09T21:16:08.5077597Z' while content on disk has modification time of '2025-06-09T21:16:14.0244707Z'
  ERROR: Build asset version error: assets/scripts/playerbuild.cs in SourceAssetDB has modification time of '2025-06-09T21:16:08.5077597Z' while content on disk has modification time of '2025-06-09T21:16:14.0244707Z'
Number of updated asset objects reloaded before import = 0
Number of asset objects unloaded after import = 0
========================================================================
Received Import Request.
  Time since last request: 0.013477 seconds.
  path: Assets/Scripts/PlayerBuild.cs
  artifactKey: Guid(b6f2e12b533d8904cb36303221b348ed) Importer(815301076,1909f56bfc062723c751e8b465ee728b)
Start importing Assets/Scripts/PlayerBuild.cs using Guid(b6f2e12b533d8904cb36303221b348ed) Importer(815301076,1909f56bfc062723c751e8b465ee728b)  -> (artifact id: '00000000000000000000000000000000') in 0.000999 seconds
Import Error Code:(4)
Message: Build asset version error: assets/scripts/playerbuild.cs in SourceAssetDB has modification time of '2025-06-09T21:16:08.5077597Z' while content on disk has modification time of '2025-06-09T21:16:14.0244707Z'
  ERROR: Build asset version error: assets/scripts/playerbuild.cs in SourceAssetDB has modification time of '2025-06-09T21:16:08.5077597Z' while content on disk has modification time of '2025-06-09T21:16:14.0244707Z'
Number of updated asset objects reloaded before import = 0
Number of asset objects unloaded after import = 0
========================================================================
Received Import Request.
  Time since last request: 0.002731 seconds.
  path: Assets/Scripts/PlayerBuild.cs
  artifactKey: Guid(b6f2e12b533d8904cb36303221b348ed) Importer(815301076,1909f56bfc062723c751e8b465ee728b)
Start importing Assets/Scripts/PlayerBuild.cs using Guid(b6f2e12b533d8904cb36303221b348ed) Importer(815301076,1909f56bfc062723c751e8b465ee728b)  -> (artifact id: '00000000000000000000000000000000') in 0.001491 seconds
Import Error Code:(4)
Message: Build asset version error: assets/scripts/playerbuild.cs in SourceAssetDB has modification time of '2025-06-09T21:16:08.5077597Z' while content on disk has modification time of '2025-06-09T21:16:14.0244707Z'
  ERROR: Build asset version error: assets/scripts/playerbuild.cs in SourceAssetDB has modification time of '2025-06-09T21:16:08.5077597Z' while content on disk has modification time of '2025-06-09T21:16:14.0244707Z'
Number of updated asset objects reloaded before import = 0
Number of asset objects unloaded after import = 0
========================================================================
Received Import Request.
  Time since last request: 0.008199 seconds.
  path: Assets/Scripts/PlayerBuild.cs
  artifactKey: Guid(b6f2e12b533d8904cb36303221b348ed) Importer(815301076,1909f56bfc062723c751e8b465ee728b)
Start importing Assets/Scripts/PlayerBuild.cs using Guid(b6f2e12b533d8904cb36303221b348ed) Importer(815301076,1909f56bfc062723c751e8b465ee728b)  -> (artifact id: '00000000000000000000000000000000') in 0.000806 seconds
Import Error Code:(4)
Message: Build asset version error: assets/scripts/playerbuild.cs in SourceAssetDB has modification time of '2025-06-09T21:16:08.5077597Z' while content on disk has modification time of '2025-06-09T21:16:14.0244707Z'
  ERROR: Build asset version error: assets/scripts/playerbuild.cs in SourceAssetDB has modification time of '2025-06-09T21:16:08.5077597Z' while content on disk has modification time of '2025-06-09T21:16:14.0244707Z'
Number of updated asset objects reloaded before import = 0
Number of asset objects unloaded after import = 0
========================================================================
Received Import Request.
  Time since last request: 0.000977 seconds.
  path: Assets/Scripts/PlayerBuild.cs
  artifactKey: Guid(b6f2e12b533d8904cb36303221b348ed) Importer(815301076,1909f56bfc062723c751e8b465ee728b)
Start importing Assets/Scripts/PlayerBuild.cs using Guid(b6f2e12b533d8904cb36303221b348ed) Importer(815301076,1909f56bfc062723c751e8b465ee728b)  -> (artifact id: '00000000000000000000000000000000') in 0.000903 seconds
Import Error Code:(4)
Message: Build asset version error: assets/scripts/playerbuild.cs in SourceAssetDB has modification time of '2025-06-09T21:16:08.5077597Z' while content on disk has modification time of '2025-06-09T21:16:14.0244707Z'
  ERROR: Build asset version error: assets/scripts/playerbuild.cs in SourceAssetDB has modification time of '2025-06-09T21:16:08.5077597Z' while content on disk has modification time of '2025-06-09T21:16:14.0244707Z'
Number of updated asset objects reloaded before import = 0
Number of asset objects unloaded after import = 0
========================================================================
Received Import Request.
  Time since last request: 0.008906 seconds.
  path: Assets/Scripts/PlayerBuild.cs
  artifactKey: Guid(b6f2e12b533d8904cb36303221b348ed) Importer(815301076,1909f56bfc062723c751e8b465ee728b)
Start importing Assets/Scripts/PlayerBuild.cs using Guid(b6f2e12b533d8904cb36303221b348ed) Importer(815301076,1909f56bfc062723c751e8b465ee728b)  -> (artifact id: '00000000000000000000000000000000') in 0.001110 seconds
Import Error Code:(4)
Message: Build asset version error: assets/scripts/playerbuild.cs in SourceAssetDB has modification time of '2025-06-09T21:16:08.5077597Z' while content on disk has modification time of '2025-06-09T21:16:14.0244707Z'
  ERROR: Build asset version error: assets/scripts/playerbuild.cs in SourceAssetDB has modification time of '2025-06-09T21:16:08.5077597Z' while content on disk has modification time of '2025-06-09T21:16:14.0244707Z'
Number of updated asset objects reloaded before import = 0
Number of asset objects unloaded after import = 0
========================================================================
Received Import Request.
  Time since last request: 0.002440 seconds.
  path: Assets/Scripts/PlayerBuild.cs
  artifactKey: Guid(b6f2e12b533d8904cb36303221b348ed) Importer(815301076,1909f56bfc062723c751e8b465ee728b)
Start importing Assets/Scripts/PlayerBuild.cs using Guid(b6f2e12b533d8904cb36303221b348ed) Importer(815301076,1909f56bfc062723c751e8b465ee728b)  -> (artifact id: '00000000000000000000000000000000') in 0.001167 seconds
Import Error Code:(4)
Message: Build asset version error: assets/scripts/playerbuild.cs in SourceAssetDB has modification time of '2025-06-09T21:16:08.5077597Z' while content on disk has modification time of '2025-06-09T21:16:14.0244707Z'
  ERROR: Build asset version error: assets/scripts/playerbuild.cs in SourceAssetDB has modification time of '2025-06-09T21:16:08.5077597Z' while content on disk has modification time of '2025-06-09T21:16:14.0244707Z'
Number of updated asset objects reloaded before import = 0
Number of asset objects unloaded after import = 0
========================================================================
Received Import Request.
  Time since last request: 0.011046 seconds.
  path: Assets/Scripts/PlayerBuild.cs
  artifactKey: Guid(b6f2e12b533d8904cb36303221b348ed) Importer(815301076,1909f56bfc062723c751e8b465ee728b)
Start importing Assets/Scripts/PlayerBuild.cs using Guid(b6f2e12b533d8904cb36303221b348ed) Importer(815301076,1909f56bfc062723c751e8b465ee728b)  -> (artifact id: '00000000000000000000000000000000') in 0.000796 seconds
Import Error Code:(4)
Message: Build asset version error: assets/scripts/playerbuild.cs in SourceAssetDB has modification time of '2025-06-09T21:16:08.5077597Z' while content on disk has modification time of '2025-06-09T21:16:14.0244707Z'
  ERROR: Build asset version error: assets/scripts/playerbuild.cs in SourceAssetDB has modification time of '2025-06-09T21:16:08.5077597Z' while content on disk has modification time of '2025-06-09T21:16:14.0244707Z'
Number of updated asset objects reloaded before import = 0
Number of asset objects unloaded after import = 0
========================================================================
Received Import Request.
  Time since last request: 0.005473 seconds.
  path: Assets/Scripts/PlayerBuild.cs
  artifactKey: Guid(b6f2e12b533d8904cb36303221b348ed) Importer(815301076,1909f56bfc062723c751e8b465ee728b)
Start importing Assets/Scripts/PlayerBuild.cs using Guid(b6f2e12b533d8904cb36303221b348ed) Importer(815301076,1909f56bfc062723c751e8b465ee728b)  -> (artifact id: '00000000000000000000000000000000') in 0.000823 seconds
Import Error Code:(4)
Message: Build asset version error: assets/scripts/playerbuild.cs in SourceAssetDB has modification time of '2025-06-09T21:16:08.5077597Z' while content on disk has modification time of '2025-06-09T21:16:14.0244707Z'
  ERROR: Build asset version error: assets/scripts/playerbuild.cs in SourceAssetDB has modification time of '2025-06-09T21:16:08.5077597Z' while content on disk has modification time of '2025-06-09T21:16:14.0244707Z'
Number of updated asset objects reloaded before import = 0
Number of asset objects unloaded after import = 0
========================================================================
Received Import Request.
  Time since last request: 0.007736 seconds.
  path: Assets/Scripts/PlayerBuild.cs
  artifactKey: Guid(b6f2e12b533d8904cb36303221b348ed) Importer(815301076,1909f56bfc062723c751e8b465ee728b)
Start importing Assets/Scripts/PlayerBuild.cs using Guid(b6f2e12b533d8904cb36303221b348ed) Importer(815301076,1909f56bfc062723c751e8b465ee728b)  -> (artifact id: '00000000000000000000000000000000') in 0.000819 seconds
Import Error Code:(4)
Message: Build asset version error: assets/scripts/playerbuild.cs in SourceAssetDB has modification time of '2025-06-09T21:16:08.5077597Z' while content on disk has modification time of '2025-06-09T21:16:14.0244707Z'
  ERROR: Build asset version error: assets/scripts/playerbuild.cs in SourceAssetDB has modification time of '2025-06-09T21:16:08.5077597Z' while content on disk has modification time of '2025-06-09T21:16:14.0244707Z'
Number of updated asset objects reloaded before import = 0
Number of asset objects unloaded after import = 0
========================================================================
Received Import Request.
  Time since last request: 0.004276 seconds.
  path: Assets/Scripts/PlayerBuild.cs
  artifactKey: Guid(b6f2e12b533d8904cb36303221b348ed) Importer(815301076,1909f56bfc062723c751e8b465ee728b)
Start importing Assets/Scripts/PlayerBuild.cs using Guid(b6f2e12b533d8904cb36303221b348ed) Importer(815301076,1909f56bfc062723c751e8b465ee728b)  -> (artifact id: '00000000000000000000000000000000') in 0.000852 seconds
Import Error Code:(4)
Message: Build asset version error: assets/scripts/playerbuild.cs in SourceAssetDB has modification time of '2025-06-09T21:16:08.5077597Z' while content on disk has modification time of '2025-06-09T21:16:14.0244707Z'
  ERROR: Build asset version error: assets/scripts/playerbuild.cs in SourceAssetDB has modification time of '2025-06-09T21:16:08.5077597Z' while content on disk has modification time of '2025-06-09T21:16:14.0244707Z'
Number of updated asset objects reloaded before import = 0
Number of asset objects unloaded after import = 0
========================================================================
Received Import Request.
  Time since last request: 0.007162 seconds.
  path: Assets/Scripts/PlayerBuild.cs
  artifactKey: Guid(b6f2e12b533d8904cb36303221b348ed) Importer(815301076,1909f56bfc062723c751e8b465ee728b)
Start importing Assets/Scripts/PlayerBuild.cs using Guid(b6f2e12b533d8904cb36303221b348ed) Importer(815301076,1909f56bfc062723c751e8b465ee728b)  -> (artifact id: '00000000000000000000000000000000') in 0.001172 seconds
Import Error Code:(4)
Message: Build asset version error: assets/scripts/playerbuild.cs in SourceAssetDB has modification time of '2025-06-09T21:16:08.5077597Z' while content on disk has modification time of '2025-06-09T21:16:14.0244707Z'
  ERROR: Build asset version error: assets/scripts/playerbuild.cs in SourceAssetDB has modification time of '2025-06-09T21:16:08.5077597Z' while content on disk has modification time of '2025-06-09T21:16:14.0244707Z'
Number of updated asset objects reloaded before import = 0
Number of asset objects unloaded after import = 0
========================================================================
Received Import Request.
  Time since last request: 0.006122 seconds.
  path: Assets/Scripts/PlayerBuild.cs
  artifactKey: Guid(b6f2e12b533d8904cb36303221b348ed) Importer(815301076,1909f56bfc062723c751e8b465ee728b)
Start importing Assets/Scripts/PlayerBuild.cs using Guid(b6f2e12b533d8904cb36303221b348ed) Importer(815301076,1909f56bfc062723c751e8b465ee728b)  -> (artifact id: '00000000000000000000000000000000') in 0.000994 seconds
Import Error Code:(4)
Message: Build asset version error: assets/scripts/playerbuild.cs in SourceAssetDB has modification time of '2025-06-09T21:16:08.5077597Z' while content on disk has modification time of '2025-06-09T21:16:14.0244707Z'
  ERROR: Build asset version error: assets/scripts/playerbuild.cs in SourceAssetDB has modification time of '2025-06-09T21:16:08.5077597Z' while content on disk has modification time of '2025-06-09T21:16:14.0244707Z'
Number of updated asset objects reloaded before import = 0
Number of asset objects unloaded after import = 0
========================================================================
Received Import Request.
  Time since last request: 0.007763 seconds.
  path: Assets/Scripts/PlayerBuild.cs
  artifactKey: Guid(b6f2e12b533d8904cb36303221b348ed) Importer(815301076,1909f56bfc062723c751e8b465ee728b)
Start importing Assets/Scripts/PlayerBuild.cs using Guid(b6f2e12b533d8904cb36303221b348ed) Importer(815301076,1909f56bfc062723c751e8b465ee728b)  -> (artifact id: '00000000000000000000000000000000') in 0.000817 seconds
Import Error Code:(4)
Message: Build asset version error: assets/scripts/playerbuild.cs in SourceAssetDB has modification time of '2025-06-09T21:16:08.5077597Z' while content on disk has modification time of '2025-06-09T21:16:14.0244707Z'
  ERROR: Build asset version error: assets/scripts/playerbuild.cs in SourceAssetDB has modification time of '2025-06-09T21:16:08.5077597Z' while content on disk has modification time of '2025-06-09T21:16:14.0244707Z'
Number of updated asset objects reloaded before import = 0
Number of asset objects unloaded after import = 0
========================================================================
Received Import Request.
  Time since last request: 0.004798 seconds.
  path: Assets/Scripts/PlayerBuild.cs
  artifactKey: Guid(b6f2e12b533d8904cb36303221b348ed) Importer(815301076,1909f56bfc062723c751e8b465ee728b)
Start importing Assets/Scripts/PlayerBuild.cs using Guid(b6f2e12b533d8904cb36303221b348ed) Importer(815301076,1909f56bfc062723c751e8b465ee728b)  -> (artifact id: '00000000000000000000000000000000') in 0.000838 seconds
Import Error Code:(4)
Message: Build asset version error: assets/scripts/playerbuild.cs in SourceAssetDB has modification time of '2025-06-09T21:16:08.5077597Z' while content on disk has modification time of '2025-06-09T21:16:14.0244707Z'
  ERROR: Build asset version error: assets/scripts/playerbuild.cs in SourceAssetDB has modification time of '2025-06-09T21:16:08.5077597Z' while content on disk has modification time of '2025-06-09T21:16:14.0244707Z'
Number of updated asset objects reloaded before import = 0
Number of asset objects unloaded after import = 0
========================================================================
Received Import Request.
  Time since last request: 0.007067 seconds.
  path: Assets/Scripts/PlayerBuild.cs
  artifactKey: Guid(b6f2e12b533d8904cb36303221b348ed) Importer(815301076,1909f56bfc062723c751e8b465ee728b)
Start importing Assets/Scripts/PlayerBuild.cs using Guid(b6f2e12b533d8904cb36303221b348ed) Importer(815301076,1909f56bfc062723c751e8b465ee728b)  -> (artifact id: '00000000000000000000000000000000') in 0.000810 seconds
Import Error Code:(4)
Message: Build asset version error: assets/scripts/playerbuild.cs in SourceAssetDB has modification time of '2025-06-09T21:16:08.5077597Z' while content on disk has modification time of '2025-06-09T21:16:14.0244707Z'
  ERROR: Build asset version error: assets/scripts/playerbuild.cs in SourceAssetDB has modification time of '2025-06-09T21:16:08.5077597Z' while content on disk has modification time of '2025-06-09T21:16:14.0244707Z'
Number of updated asset objects reloaded before import = 0
Number of asset objects unloaded after import = 0
========================================================================
Received Import Request.
  Time since last request: 0.011860 seconds.
  path: Assets/Scripts/PlayerBuild.cs
  artifactKey: Guid(b6f2e12b533d8904cb36303221b348ed) Importer(815301076,1909f56bfc062723c751e8b465ee728b)
Start importing Assets/Scripts/PlayerBuild.cs using Guid(b6f2e12b533d8904cb36303221b348ed) Importer(815301076,1909f56bfc062723c751e8b465ee728b)  -> (artifact id: '00000000000000000000000000000000') in 0.001313 seconds
Import Error Code:(4)
Message: Build asset version error: assets/scripts/playerbuild.cs in SourceAssetDB has modification time of '2025-06-09T21:16:08.5077597Z' while content on disk has modification time of '2025-06-09T21:16:14.0244707Z'
  ERROR: Build asset version error: assets/scripts/playerbuild.cs in SourceAssetDB has modification time of '2025-06-09T21:16:08.5077597Z' while content on disk has modification time of '2025-06-09T21:16:14.0244707Z'
Number of updated asset objects reloaded before import = 0
Number of asset objects unloaded after import = 0
========================================================================
Received Import Request.
  Time since last request: 0.006553 seconds.
  path: Assets/Scripts/PlayerBuild.cs
  artifactKey: Guid(b6f2e12b533d8904cb36303221b348ed) Importer(815301076,1909f56bfc062723c751e8b465ee728b)
Start importing Assets/Scripts/PlayerBuild.cs using Guid(b6f2e12b533d8904cb36303221b348ed) Importer(815301076,1909f56bfc062723c751e8b465ee728b)  -> (artifact id: '00000000000000000000000000000000') in 0.001427 seconds
Import Error Code:(4)
Message: Build asset version error: assets/scripts/playerbuild.cs in SourceAssetDB has modification time of '2025-06-09T21:16:08.5077597Z' while content on disk has modification time of '2025-06-09T21:16:14.0244707Z'
  ERROR: Build asset version error: assets/scripts/playerbuild.cs in SourceAssetDB has modification time of '2025-06-09T21:16:08.5077597Z' while content on disk has modification time of '2025-06-09T21:16:14.0244707Z'
Number of updated asset objects reloaded before import = 0
Number of asset objects unloaded after import = 0
========================================================================
Received Import Request.
  Time since last request: 0.009012 seconds.
  path: Assets/Scripts/PlayerBuild.cs
  artifactKey: Guid(b6f2e12b533d8904cb36303221b348ed) Importer(815301076,1909f56bfc062723c751e8b465ee728b)
Start importing Assets/Scripts/PlayerBuild.cs using Guid(b6f2e12b533d8904cb36303221b348ed) Importer(815301076,1909f56bfc062723c751e8b465ee728b)  -> (artifact id: '00000000000000000000000000000000') in 0.000838 seconds
Import Error Code:(4)
Message: Build asset version error: assets/scripts/playerbuild.cs in SourceAssetDB has modification time of '2025-06-09T21:16:08.5077597Z' while content on disk has modification time of '2025-06-09T21:16:14.0244707Z'
  ERROR: Build asset version error: assets/scripts/playerbuild.cs in SourceAssetDB has modification time of '2025-06-09T21:16:08.5077597Z' while content on disk has modification time of '2025-06-09T21:16:14.0244707Z'
Number of updated asset objects reloaded before import = 0
Number of asset objects unloaded after import = 0
========================================================================
Received Import Request.
  Time since last request: 0.005360 seconds.
  path: Assets/Scripts/PlayerBuild.cs
  artifactKey: Guid(b6f2e12b533d8904cb36303221b348ed) Importer(815301076,1909f56bfc062723c751e8b465ee728b)
Start importing Assets/Scripts/PlayerBuild.cs using Guid(b6f2e12b533d8904cb36303221b348ed) Importer(815301076,1909f56bfc062723c751e8b465ee728b)  -> (artifact id: '00000000000000000000000000000000') in 0.001249 seconds
Import Error Code:(4)
Message: Build asset version error: assets/scripts/playerbuild.cs in SourceAssetDB has modification time of '2025-06-09T21:16:08.5077597Z' while content on disk has modification time of '2025-06-09T21:16:14.0244707Z'
  ERROR: Build asset version error: assets/scripts/playerbuild.cs in SourceAssetDB has modification time of '2025-06-09T21:16:08.5077597Z' while content on disk has modification time of '2025-06-09T21:16:14.0244707Z'
Number of updated asset objects reloaded before import = 0
Number of asset objects unloaded after import = 0
========================================================================
Received Import Request.
  Time since last request: 0.005950 seconds.
  path: Assets/Scripts/PlayerBuild.cs
  artifactKey: Guid(b6f2e12b533d8904cb36303221b348ed) Importer(815301076,1909f56bfc062723c751e8b465ee728b)
Start importing Assets/Scripts/PlayerBuild.cs using Guid(b6f2e12b533d8904cb36303221b348ed) Importer(815301076,1909f56bfc062723c751e8b465ee728b)  -> (artifact id: '00000000000000000000000000000000') in 0.001596 seconds
Import Error Code:(4)
Message: Build asset version error: assets/scripts/playerbuild.cs in SourceAssetDB has modification time of '2025-06-09T21:16:08.5077597Z' while content on disk has modification time of '2025-06-09T21:16:14.0244707Z'
  ERROR: Build asset version error: assets/scripts/playerbuild.cs in SourceAssetDB has modification time of '2025-06-09T21:16:08.5077597Z' while content on disk has modification time of '2025-06-09T21:16:14.0244707Z'
Number of updated asset objects reloaded before import = 0
Number of asset objects unloaded after import = 0
========================================================================
Received Import Request.
  Time since last request: 0.002246 seconds.
  path: Assets/Scripts/PlayerBuild.cs
  artifactKey: Guid(b6f2e12b533d8904cb36303221b348ed) Importer(815301076,1909f56bfc062723c751e8b465ee728b)
Start importing Assets/Scripts/PlayerBuild.cs using Guid(b6f2e12b533d8904cb36303221b348ed) Importer(815301076,1909f56bfc062723c751e8b465ee728b)  -> (artifact id: '00000000000000000000000000000000') in 0.000979 seconds
Import Error Code:(4)
Message: Build asset version error: assets/scripts/playerbuild.cs in SourceAssetDB has modification time of '2025-06-09T21:16:08.5077597Z' while content on disk has modification time of '2025-06-09T21:16:14.0244707Z'
  ERROR: Build asset version error: assets/scripts/playerbuild.cs in SourceAssetDB has modification time of '2025-06-09T21:16:08.5077597Z' while content on disk has modification time of '2025-06-09T21:16:14.0244707Z'
Number of updated asset objects reloaded before import = 0
Number of asset objects unloaded after import = 0
========================================================================
Received Import Request.
  Time since last request: 0.005735 seconds.
  path: Assets/Scripts/PlayerBuild.cs
  artifactKey: Guid(b6f2e12b533d8904cb36303221b348ed) Importer(815301076,1909f56bfc062723c751e8b465ee728b)
Start importing Assets/Scripts/PlayerBuild.cs using Guid(b6f2e12b533d8904cb36303221b348ed) Importer(815301076,1909f56bfc062723c751e8b465ee728b)  -> (artifact id: '00000000000000000000000000000000') in 0.001007 seconds
Import Error Code:(4)
Message: Build asset version error: assets/scripts/playerbuild.cs in SourceAssetDB has modification time of '2025-06-09T21:16:08.5077597Z' while content on disk has modification time of '2025-06-09T21:16:14.0244707Z'
  ERROR: Build asset version error: assets/scripts/playerbuild.cs in SourceAssetDB has modification time of '2025-06-09T21:16:08.5077597Z' while content on disk has modification time of '2025-06-09T21:16:14.0244707Z'
Number of updated asset objects reloaded before import = 0
Number of asset objects unloaded after import = 0
========================================================================
Received Import Request.
  Time since last request: 0.001770 seconds.
  path: Assets/Scripts/PlayerBuild.cs
  artifactKey: Guid(b6f2e12b533d8904cb36303221b348ed) Importer(815301076,1909f56bfc062723c751e8b465ee728b)
Start importing Assets/Scripts/PlayerBuild.cs using Guid(b6f2e12b533d8904cb36303221b348ed) Importer(815301076,1909f56bfc062723c751e8b465ee728b)  -> (artifact id: '00000000000000000000000000000000') in 0.000796 seconds
Import Error Code:(4)
Message: Build asset version error: assets/scripts/playerbuild.cs in SourceAssetDB has modification time of '2025-06-09T21:16:08.5077597Z' while content on disk has modification time of '2025-06-09T21:16:14.0244707Z'
  ERROR: Build asset version error: assets/scripts/playerbuild.cs in SourceAssetDB has modification time of '2025-06-09T21:16:08.5077597Z' while content on disk has modification time of '2025-06-09T21:16:14.0244707Z'
Number of updated asset objects reloaded before import = 0
Number of asset objects unloaded after import = 0
========================================================================
Received Import Request.
  Time since last request: 0.008586 seconds.
  path: Assets/Scripts/PlayerBuild.cs
  artifactKey: Guid(b6f2e12b533d8904cb36303221b348ed) Importer(815301076,1909f56bfc062723c751e8b465ee728b)
Start importing Assets/Scripts/PlayerBuild.cs using Guid(b6f2e12b533d8904cb36303221b348ed) Importer(815301076,1909f56bfc062723c751e8b465ee728b)  -> (artifact id: '00000000000000000000000000000000') in 0.000817 seconds
Import Error Code:(4)
Message: Build asset version error: assets/scripts/playerbuild.cs in SourceAssetDB has modification time of '2025-06-09T21:16:08.5077597Z' while content on disk has modification time of '2025-06-09T21:16:14.0244707Z'
  ERROR: Build asset version error: assets/scripts/playerbuild.cs in SourceAssetDB has modification time of '2025-06-09T21:16:08.5077597Z' while content on disk has modification time of '2025-06-09T21:16:14.0244707Z'
Number of updated asset objects reloaded before import = 0
Number of asset objects unloaded after import = 0
========================================================================
Received Import Request.
  Time since last request: 0.000992 seconds.
  path: Assets/Scripts/PlayerBuild.cs
  artifactKey: Guid(b6f2e12b533d8904cb36303221b348ed) Importer(815301076,1909f56bfc062723c751e8b465ee728b)
Start importing Assets/Scripts/PlayerBuild.cs using Guid(b6f2e12b533d8904cb36303221b348ed) Importer(815301076,1909f56bfc062723c751e8b465ee728b)  -> (artifact id: '00000000000000000000000000000000') in 0.000809 seconds
Import Error Code:(4)
Message: Build asset version error: assets/scripts/playerbuild.cs in SourceAssetDB has modification time of '2025-06-09T21:16:08.5077597Z' while content on disk has modification time of '2025-06-09T21:16:14.0244707Z'
  ERROR: Build asset version error: assets/scripts/playerbuild.cs in SourceAssetDB has modification time of '2025-06-09T21:16:08.5077597Z' while content on disk has modification time of '2025-06-09T21:16:14.0244707Z'
Number of updated asset objects reloaded before import = 0
Number of asset objects unloaded after import = 0
========================================================================
Received Import Request.
  Time since last request: 0.008132 seconds.
  path: Assets/Scripts/PlayerBuild.cs
  artifactKey: Guid(b6f2e12b533d8904cb36303221b348ed) Importer(815301076,1909f56bfc062723c751e8b465ee728b)
Start importing Assets/Scripts/PlayerBuild.cs using Guid(b6f2e12b533d8904cb36303221b348ed) Importer(815301076,1909f56bfc062723c751e8b465ee728b)  -> (artifact id: '00000000000000000000000000000000') in 0.000758 seconds
Import Error Code:(4)
Message: Build asset version error: assets/scripts/playerbuild.cs in SourceAssetDB has modification time of '2025-06-09T21:16:08.5077597Z' while content on disk has modification time of '2025-06-09T21:16:14.0244707Z'
  ERROR: Build asset version error: assets/scripts/playerbuild.cs in SourceAssetDB has modification time of '2025-06-09T21:16:08.5077597Z' while content on disk has modification time of '2025-06-09T21:16:14.0244707Z'
Number of updated asset objects reloaded before import = 0
Number of asset objects unloaded after import = 0
========================================================================
Received Import Request.
  Time since last request: 0.000700 seconds.
  path: Assets/Scripts/PlayerBuild.cs
  artifactKey: Guid(b6f2e12b533d8904cb36303221b348ed) Importer(815301076,1909f56bfc062723c751e8b465ee728b)
Start importing Assets/Scripts/PlayerBuild.cs using Guid(b6f2e12b533d8904cb36303221b348ed) Importer(815301076,1909f56bfc062723c751e8b465ee728b)  -> (artifact id: '00000000000000000000000000000000') in 0.001028 seconds
Import Error Code:(4)
Message: Build asset version error: assets/scripts/playerbuild.cs in SourceAssetDB has modification time of '2025-06-09T21:16:08.5077597Z' while content on disk has modification time of '2025-06-09T21:16:14.0244707Z'
  ERROR: Build asset version error: assets/scripts/playerbuild.cs in SourceAssetDB has modification time of '2025-06-09T21:16:08.5077597Z' while content on disk has modification time of '2025-06-09T21:16:14.0244707Z'
Number of updated asset objects reloaded before import = 0
Number of asset objects unloaded after import = 0
========================================================================
Received Import Request.
  Time since last request: 0.008001 seconds.
  path: Assets/Scripts/PlayerBuild.cs
  artifactKey: Guid(b6f2e12b533d8904cb36303221b348ed) Importer(815301076,1909f56bfc062723c751e8b465ee728b)
Start importing Assets/Scripts/PlayerBuild.cs using Guid(b6f2e12b533d8904cb36303221b348ed) Importer(815301076,1909f56bfc062723c751e8b465ee728b)  -> (artifact id: '00000000000000000000000000000000') in 0.000852 seconds
Import Error Code:(4)
Message: Build asset version error: assets/scripts/playerbuild.cs in SourceAssetDB has modification time of '2025-06-09T21:16:08.5077597Z' while content on disk has modification time of '2025-06-09T21:16:14.0244707Z'
  ERROR: Build asset version error: assets/scripts/playerbuild.cs in SourceAssetDB has modification time of '2025-06-09T21:16:08.5077597Z' while content on disk has modification time of '2025-06-09T21:16:14.0244707Z'
Number of updated asset objects reloaded before import = 0
Number of asset objects unloaded after import = 0
========================================================================
Received Import Request.
  Time since last request: 0.001222 seconds.
  path: Assets/Scripts/PlayerBuild.cs
  artifactKey: Guid(b6f2e12b533d8904cb36303221b348ed) Importer(815301076,1909f56bfc062723c751e8b465ee728b)
Start importing Assets/Scripts/PlayerBuild.cs using Guid(b6f2e12b533d8904cb36303221b348ed) Importer(815301076,1909f56bfc062723c751e8b465ee728b)  -> (artifact id: '00000000000000000000000000000000') in 0.001937 seconds
Import Error Code:(4)
Message: Build asset version error: assets/scripts/playerbuild.cs in SourceAssetDB has modification time of '2025-06-09T21:16:08.5077597Z' while content on disk has modification time of '2025-06-09T21:16:14.0244707Z'
  ERROR: Build asset version error: assets/scripts/playerbuild.cs in SourceAssetDB has modification time of '2025-06-09T21:16:08.5077597Z' while content on disk has modification time of '2025-06-09T21:16:14.0244707Z'
Number of updated asset objects reloaded before import = 0
Number of asset objects unloaded after import = 0
========================================================================
Received Import Request.
  Time since last request: 0.006454 seconds.
  path: Assets/Scripts/PlayerBuild.cs
  artifactKey: Guid(b6f2e12b533d8904cb36303221b348ed) Importer(815301076,1909f56bfc062723c751e8b465ee728b)
Start importing Assets/Scripts/PlayerBuild.cs using Guid(b6f2e12b533d8904cb36303221b348ed) Importer(815301076,1909f56bfc062723c751e8b465ee728b)  -> (artifact id: '00000000000000000000000000000000') in 0.000921 seconds
Import Error Code:(4)
Message: Build asset version error: assets/scripts/playerbuild.cs in SourceAssetDB has modification time of '2025-06-09T21:16:08.5077597Z' while content on disk has modification time of '2025-06-09T21:16:14.0244707Z'
  ERROR: Build asset version error: assets/scripts/playerbuild.cs in SourceAssetDB has modification time of '2025-06-09T21:16:08.5077597Z' while content on disk has modification time of '2025-06-09T21:16:14.0244707Z'
Number of updated asset objects reloaded before import = 0
Number of asset objects unloaded after import = 0
========================================================================
Received Import Request.
  Time since last request: 0.000844 seconds.
  path: Assets/Scripts/PlayerBuild.cs
  artifactKey: Guid(b6f2e12b533d8904cb36303221b348ed) Importer(815301076,1909f56bfc062723c751e8b465ee728b)
Start importing Assets/Scripts/PlayerBuild.cs using Guid(b6f2e12b533d8904cb36303221b348ed) Importer(815301076,1909f56bfc062723c751e8b465ee728b)  -> (artifact id: '00000000000000000000000000000000') in 0.000955 seconds
Import Error Code:(4)
Message: Build asset version error: assets/scripts/playerbuild.cs in SourceAssetDB has modification time of '2025-06-09T21:16:08.5077597Z' while content on disk has modification time of '2025-06-09T21:16:14.0244707Z'
  ERROR: Build asset version error: assets/scripts/playerbuild.cs in SourceAssetDB has modification time of '2025-06-09T21:16:08.5077597Z' while content on disk has modification time of '2025-06-09T21:16:14.0244707Z'
Number of updated asset objects reloaded before import = 0
Number of asset objects unloaded after import = 0
========================================================================
Received Import Request.
  Time since last request: 0.007653 seconds.
  path: Assets/Scripts/PlayerBuild.cs
  artifactKey: Guid(b6f2e12b533d8904cb36303221b348ed) Importer(815301076,1909f56bfc062723c751e8b465ee728b)
Start importing Assets/Scripts/PlayerBuild.cs using Guid(b6f2e12b533d8904cb36303221b348ed) Importer(815301076,1909f56bfc062723c751e8b465ee728b)  -> (artifact id: '00000000000000000000000000000000') in 0.001016 seconds
Import Error Code:(4)
Message: Build asset version error: assets/scripts/playerbuild.cs in SourceAssetDB has modification time of '2025-06-09T21:16:08.5077597Z' while content on disk has modification time of '2025-06-09T21:16:14.0244707Z'
  ERROR: Build asset version error: assets/scripts/playerbuild.cs in SourceAssetDB has modification time of '2025-06-09T21:16:08.5077597Z' while content on disk has modification time of '2025-06-09T21:16:14.0244707Z'
Number of updated asset objects reloaded before import = 0
Number of asset objects unloaded after import = 0
========================================================================
Received Import Request.
  Time since last request: 0.001615 seconds.
  path: Assets/Scripts/PlayerBuild.cs
  artifactKey: Guid(b6f2e12b533d8904cb36303221b348ed) Importer(815301076,1909f56bfc062723c751e8b465ee728b)
Start importing Assets/Scripts/PlayerBuild.cs using Guid(b6f2e12b533d8904cb36303221b348ed) Importer(815301076,1909f56bfc062723c751e8b465ee728b)  -> (artifact id: '00000000000000000000000000000000') in 0.000833 seconds
Import Error Code:(4)
Message: Build asset version error: assets/scripts/playerbuild.cs in SourceAssetDB has modification time of '2025-06-09T21:16:08.5077597Z' while content on disk has modification time of '2025-06-09T21:16:14.0244707Z'
  ERROR: Build asset version error: assets/scripts/playerbuild.cs in SourceAssetDB has modification time of '2025-06-09T21:16:08.5077597Z' while content on disk has modification time of '2025-06-09T21:16:14.0244707Z'
Number of updated asset objects reloaded before import = 0
Number of asset objects unloaded after import = 0
========================================================================
Received Import Request.
  Time since last request: 0.007797 seconds.
  path: Assets/Scripts/PlayerBuild.cs
  artifactKey: Guid(b6f2e12b533d8904cb36303221b348ed) Importer(815301076,1909f56bfc062723c751e8b465ee728b)
Start importing Assets/Scripts/PlayerBuild.cs using Guid(b6f2e12b533d8904cb36303221b348ed) Importer(815301076,1909f56bfc062723c751e8b465ee728b)  -> (artifact id: '00000000000000000000000000000000') in 0.000860 seconds
Import Error Code:(4)
Message: Build asset version error: assets/scripts/playerbuild.cs in SourceAssetDB has modification time of '2025-06-09T21:16:08.5077597Z' while content on disk has modification time of '2025-06-09T21:16:14.0244707Z'
  ERROR: Build asset version error: assets/scripts/playerbuild.cs in SourceAssetDB has modification time of '2025-06-09T21:16:08.5077597Z' while content on disk has modification time of '2025-06-09T21:16:14.0244707Z'
Number of updated asset objects reloaded before import = 0
Number of asset objects unloaded after import = 0
========================================================================
Received Import Request.
  Time since last request: 0.005369 seconds.
  path: Assets/Scripts/PlayerBuild.cs
  artifactKey: Guid(b6f2e12b533d8904cb36303221b348ed) Importer(815301076,1909f56bfc062723c751e8b465ee728b)
Start importing Assets/Scripts/PlayerBuild.cs using Guid(b6f2e12b533d8904cb36303221b348ed) Importer(815301076,1909f56bfc062723c751e8b465ee728b)  -> (artifact id: '00000000000000000000000000000000') in 0.000974 seconds
Import Error Code:(4)
Message: Build asset version error: assets/scripts/playerbuild.cs in SourceAssetDB has modification time of '2025-06-09T21:16:08.5077597Z' while content on disk has modification time of '2025-06-09T21:16:14.0244707Z'
  ERROR: Build asset version error: assets/scripts/playerbuild.cs in SourceAssetDB has modification time of '2025-06-09T21:16:08.5077597Z' while content on disk has modification time of '2025-06-09T21:16:14.0244707Z'
Number of updated asset objects reloaded before import = 0
Number of asset objects unloaded after import = 0
========================================================================
Received Import Request.
  Time since last request: 0.002358 seconds.
  path: Assets/Scripts/PlayerBuild.cs
  artifactKey: Guid(b6f2e12b533d8904cb36303221b348ed) Importer(815301076,1909f56bfc062723c751e8b465ee728b)
Start importing Assets/Scripts/PlayerBuild.cs using Guid(b6f2e12b533d8904cb36303221b348ed) Importer(815301076,1909f56bfc062723c751e8b465ee728b)  -> (artifact id: '00000000000000000000000000000000') in 0.000956 seconds
Import Error Code:(4)
Message: Build asset version error: assets/scripts/playerbuild.cs in SourceAssetDB has modification time of '2025-06-09T21:16:08.5077597Z' while content on disk has modification time of '2025-06-09T21:16:14.0244707Z'
  ERROR: Build asset version error: assets/scripts/playerbuild.cs in SourceAssetDB has modification time of '2025-06-09T21:16:08.5077597Z' while content on disk has modification time of '2025-06-09T21:16:14.0244707Z'
Number of updated asset objects reloaded before import = 0
Number of asset objects unloaded after import = 0
========================================================================
Received Import Request.
  Time since last request: 0.009855 seconds.
  path: Assets/Scripts/PlayerBuild.cs
  artifactKey: Guid(b6f2e12b533d8904cb36303221b348ed) Importer(815301076,1909f56bfc062723c751e8b465ee728b)
Start importing Assets/Scripts/PlayerBuild.cs using Guid(b6f2e12b533d8904cb36303221b348ed) Importer(815301076,1909f56bfc062723c751e8b465ee728b)  -> (artifact id: '00000000000000000000000000000000') in 0.000874 seconds
Import Error Code:(4)
Message: Build asset version error: assets/scripts/playerbuild.cs in SourceAssetDB has modification time of '2025-06-09T21:16:08.5077597Z' while content on disk has modification time of '2025-06-09T21:16:14.0244707Z'
  ERROR: Build asset version error: assets/scripts/playerbuild.cs in SourceAssetDB has modification time of '2025-06-09T21:16:08.5077597Z' while content on disk has modification time of '2025-06-09T21:16:14.0244707Z'
Number of updated asset objects reloaded before import = 0
Number of asset objects unloaded after import = 0
========================================================================
Received Import Request.
  Time since last request: 0.002329 seconds.
  path: Assets/Scripts/PlayerBuild.cs
  artifactKey: Guid(b6f2e12b533d8904cb36303221b348ed) Importer(815301076,1909f56bfc062723c751e8b465ee728b)
Start importing Assets/Scripts/PlayerBuild.cs using Guid(b6f2e12b533d8904cb36303221b348ed) Importer(815301076,1909f56bfc062723c751e8b465ee728b)  -> (artifact id: '00000000000000000000000000000000') in 0.000991 seconds
Import Error Code:(4)
Message: Build asset version error: assets/scripts/playerbuild.cs in SourceAssetDB has modification time of '2025-06-09T21:16:08.5077597Z' while content on disk has modification time of '2025-06-09T21:16:14.0244707Z'
  ERROR: Build asset version error: assets/scripts/playerbuild.cs in SourceAssetDB has modification time of '2025-06-09T21:16:08.5077597Z' while content on disk has modification time of '2025-06-09T21:16:14.0244707Z'
Number of updated asset objects reloaded before import = 0
Number of asset objects unloaded after import = 0
========================================================================
Received Import Request.
  Time since last request: 0.005763 seconds.
  path: Assets/Scripts/PlayerBuild.cs
  artifactKey: Guid(b6f2e12b533d8904cb36303221b348ed) Importer(815301076,1909f56bfc062723c751e8b465ee728b)
Start importing Assets/Scripts/PlayerBuild.cs using Guid(b6f2e12b533d8904cb36303221b348ed) Importer(815301076,1909f56bfc062723c751e8b465ee728b)  -> (artifact id: '00000000000000000000000000000000') in 0.000867 seconds
Import Error Code:(4)
Message: Build asset version error: assets/scripts/playerbuild.cs in SourceAssetDB has modification time of '2025-06-09T21:16:08.5077597Z' while content on disk has modification time of '2025-06-09T21:16:14.0244707Z'
  ERROR: Build asset version error: assets/scripts/playerbuild.cs in SourceAssetDB has modification time of '2025-06-09T21:16:08.5077597Z' while content on disk has modification time of '2025-06-09T21:16:14.0244707Z'
Number of updated asset objects reloaded before import = 0
Number of asset objects unloaded after import = 0
========================================================================
Received Import Request.
  Time since last request: 0.000882 seconds.
  path: Assets/Scripts/PlayerBuild.cs
  artifactKey: Guid(b6f2e12b533d8904cb36303221b348ed) Importer(815301076,1909f56bfc062723c751e8b465ee728b)
Start importing Assets/Scripts/PlayerBuild.cs using Guid(b6f2e12b533d8904cb36303221b348ed) Importer(815301076,1909f56bfc062723c751e8b465ee728b)  -> (artifact id: '00000000000000000000000000000000') in 0.001201 seconds
Import Error Code:(4)
Message: Build asset version error: assets/scripts/playerbuild.cs in SourceAssetDB has modification time of '2025-06-09T21:16:08.5077597Z' while content on disk has modification time of '2025-06-09T21:16:14.0244707Z'
  ERROR: Build asset version error: assets/scripts/playerbuild.cs in SourceAssetDB has modification time of '2025-06-09T21:16:08.5077597Z' while content on disk has modification time of '2025-06-09T21:16:14.0244707Z'
Number of updated asset objects reloaded before import = 0
Number of asset objects unloaded after import = 0
========================================================================
Received Import Request.
  Time since last request: 0.007509 seconds.
  path: Assets/Scripts/PlayerBuild.cs
  artifactKey: Guid(b6f2e12b533d8904cb36303221b348ed) Importer(815301076,1909f56bfc062723c751e8b465ee728b)
Start importing Assets/Scripts/PlayerBuild.cs using Guid(b6f2e12b533d8904cb36303221b348ed) Importer(815301076,1909f56bfc062723c751e8b465ee728b)  -> (artifact id: '00000000000000000000000000000000') in 0.001275 seconds
Import Error Code:(4)
Message: Build asset version error: assets/scripts/playerbuild.cs in SourceAssetDB has modification time of '2025-06-09T21:16:08.5077597Z' while content on disk has modification time of '2025-06-09T21:16:14.0244707Z'
  ERROR: Build asset version error: assets/scripts/playerbuild.cs in SourceAssetDB has modification time of '2025-06-09T21:16:08.5077597Z' while content on disk has modification time of '2025-06-09T21:16:14.0244707Z'
Number of updated asset objects reloaded before import = 0
Number of asset objects unloaded after import = 0
========================================================================
Received Import Request.
  Time since last request: 0.005601 seconds.
  path: Assets/Scripts/PlayerBuild.cs
  artifactKey: Guid(b6f2e12b533d8904cb36303221b348ed) Importer(815301076,1909f56bfc062723c751e8b465ee728b)
Start importing Assets/Scripts/PlayerBuild.cs using Guid(b6f2e12b533d8904cb36303221b348ed) Importer(815301076,1909f56bfc062723c751e8b465ee728b)  -> (artifact id: '00000000000000000000000000000000') in 0.001032 seconds
Import Error Code:(4)
Message: Build asset version error: assets/scripts/playerbuild.cs in SourceAssetDB has modification time of '2025-06-09T21:16:08.5077597Z' while content on disk has modification time of '2025-06-09T21:16:14.0244707Z'
  ERROR: Build asset version error: assets/scripts/playerbuild.cs in SourceAssetDB has modification time of '2025-06-09T21:16:08.5077597Z' while content on disk has modification time of '2025-06-09T21:16:14.0244707Z'
Number of updated asset objects reloaded before import = 0
Number of asset objects unloaded after import = 0
========================================================================
Received Import Request.
  Time since last request: 0.005456 seconds.
  path: Assets/Scripts/PlayerBuild.cs
  artifactKey: Guid(b6f2e12b533d8904cb36303221b348ed) Importer(815301076,1909f56bfc062723c751e8b465ee728b)
Start importing Assets/Scripts/PlayerBuild.cs using Guid(b6f2e12b533d8904cb36303221b348ed) Importer(815301076,1909f56bfc062723c751e8b465ee728b)  -> (artifact id: '00000000000000000000000000000000') in 0.000930 seconds
Import Error Code:(4)
Message: Build asset version error: assets/scripts/playerbuild.cs in SourceAssetDB has modification time of '2025-06-09T21:16:08.5077597Z' while content on disk has modification time of '2025-06-09T21:16:14.0244707Z'
  ERROR: Build asset version error: assets/scripts/playerbuild.cs in SourceAssetDB has modification time of '2025-06-09T21:16:08.5077597Z' while content on disk has modification time of '2025-06-09T21:16:14.0244707Z'
Number of updated asset objects reloaded before import = 0
Number of asset objects unloaded after import = 0
========================================================================
Received Import Request.
  Time since last request: 0.004643 seconds.
  path: Assets/Scripts/PlayerBuild.cs
  artifactKey: Guid(b6f2e12b533d8904cb36303221b348ed) Importer(815301076,1909f56bfc062723c751e8b465ee728b)
Start importing Assets/Scripts/PlayerBuild.cs using Guid(b6f2e12b533d8904cb36303221b348ed) Importer(815301076,1909f56bfc062723c751e8b465ee728b)  -> (artifact id: '00000000000000000000000000000000') in 0.001113 seconds
Import Error Code:(4)
Message: Build asset version error: assets/scripts/playerbuild.cs in SourceAssetDB has modification time of '2025-06-09T21:16:08.5077597Z' while content on disk has modification time of '2025-06-09T21:16:14.0244707Z'
  ERROR: Build asset version error: assets/scripts/playerbuild.cs in SourceAssetDB has modification time of '2025-06-09T21:16:08.5077597Z' while content on disk has modification time of '2025-06-09T21:16:14.0244707Z'
Number of updated asset objects reloaded before import = 0
Number of asset objects unloaded after import = 0
========================================================================
Received Import Request.
  Time since last request: 0.004431 seconds.
  path: Assets/Scripts/PlayerBuild.cs
  artifactKey: Guid(b6f2e12b533d8904cb36303221b348ed) Importer(815301076,1909f56bfc062723c751e8b465ee728b)
Start importing Assets/Scripts/PlayerBuild.cs using Guid(b6f2e12b533d8904cb36303221b348ed) Importer(815301076,1909f56bfc062723c751e8b465ee728b)  -> (artifact id: '00000000000000000000000000000000') in 0.000895 seconds
Import Error Code:(4)
Message: Build asset version error: assets/scripts/playerbuild.cs in SourceAssetDB has modification time of '2025-06-09T21:16:08.5077597Z' while content on disk has modification time of '2025-06-09T21:16:14.0244707Z'
  ERROR: Build asset version error: assets/scripts/playerbuild.cs in SourceAssetDB has modification time of '2025-06-09T21:16:08.5077597Z' while content on disk has modification time of '2025-06-09T21:16:14.0244707Z'
Number of updated asset objects reloaded before import = 0
Number of asset objects unloaded after import = 0
========================================================================
Received Import Request.
  Time since last request: 0.004117 seconds.
  path: Assets/Scripts/PlayerBuild.cs
  artifactKey: Guid(b6f2e12b533d8904cb36303221b348ed) Importer(815301076,1909f56bfc062723c751e8b465ee728b)
Start importing Assets/Scripts/PlayerBuild.cs using Guid(b6f2e12b533d8904cb36303221b348ed) Importer(815301076,1909f56bfc062723c751e8b465ee728b)  -> (artifact id: '00000000000000000000000000000000') in 0.001146 seconds
Import Error Code:(4)
Message: Build asset version error: assets/scripts/playerbuild.cs in SourceAssetDB has modification time of '2025-06-09T21:16:08.5077597Z' while content on disk has modification time of '2025-06-09T21:16:14.0244707Z'
  ERROR: Build asset version error: assets/scripts/playerbuild.cs in SourceAssetDB has modification time of '2025-06-09T21:16:08.5077597Z' while content on disk has modification time of '2025-06-09T21:16:14.0244707Z'
Number of updated asset objects reloaded before import = 0
Number of asset objects unloaded after import = 0
========================================================================
Received Import Request.
  Time since last request: 0.006971 seconds.
  path: Assets/Scripts/PlayerBuild.cs
  artifactKey: Guid(b6f2e12b533d8904cb36303221b348ed) Importer(815301076,1909f56bfc062723c751e8b465ee728b)
Start importing Assets/Scripts/PlayerBuild.cs using Guid(b6f2e12b533d8904cb36303221b348ed) Importer(815301076,1909f56bfc062723c751e8b465ee728b)  -> (artifact id: '00000000000000000000000000000000') in 0.000867 seconds
Import Error Code:(4)
Message: Build asset version error: assets/scripts/playerbuild.cs in SourceAssetDB has modification time of '2025-06-09T21:16:08.5077597Z' while content on disk has modification time of '2025-06-09T21:16:14.0244707Z'
  ERROR: Build asset version error: assets/scripts/playerbuild.cs in SourceAssetDB has modification time of '2025-06-09T21:16:08.5077597Z' while content on disk has modification time of '2025-06-09T21:16:14.0244707Z'
Number of updated asset objects reloaded before import = 0
Number of asset objects unloaded after import = 0
========================================================================
Received Import Request.
  Time since last request: 0.005296 seconds.
  path: Assets/Scripts/PlayerBuild.cs
  artifactKey: Guid(b6f2e12b533d8904cb36303221b348ed) Importer(815301076,1909f56bfc062723c751e8b465ee728b)
Start importing Assets/Scripts/PlayerBuild.cs using Guid(b6f2e12b533d8904cb36303221b348ed) Importer(815301076,1909f56bfc062723c751e8b465ee728b)  -> (artifact id: '00000000000000000000000000000000') in 0.000910 seconds
Import Error Code:(4)
Message: Build asset version error: assets/scripts/playerbuild.cs in SourceAssetDB has modification time of '2025-06-09T21:16:08.5077597Z' while content on disk has modification time of '2025-06-09T21:16:14.0244707Z'
  ERROR: Build asset version error: assets/scripts/playerbuild.cs in SourceAssetDB has modification time of '2025-06-09T21:16:08.5077597Z' while content on disk has modification time of '2025-06-09T21:16:14.0244707Z'
Number of updated asset objects reloaded before import = 0
Number of asset objects unloaded after import = 0
========================================================================
Received Import Request.
  Time since last request: 0.005091 seconds.
  path: Assets/Scripts/PlayerBuild.cs
  artifactKey: Guid(b6f2e12b533d8904cb36303221b348ed) Importer(815301076,1909f56bfc062723c751e8b465ee728b)
Start importing Assets/Scripts/PlayerBuild.cs using Guid(b6f2e12b533d8904cb36303221b348ed) Importer(815301076,1909f56bfc062723c751e8b465ee728b)  -> (artifact id: '00000000000000000000000000000000') in 0.000845 seconds
Import Error Code:(4)
Message: Build asset version error: assets/scripts/playerbuild.cs in SourceAssetDB has modification time of '2025-06-09T21:16:08.5077597Z' while content on disk has modification time of '2025-06-09T21:16:14.0244707Z'
  ERROR: Build asset version error: assets/scripts/playerbuild.cs in SourceAssetDB has modification time of '2025-06-09T21:16:08.5077597Z' while content on disk has modification time of '2025-06-09T21:16:14.0244707Z'
Number of updated asset objects reloaded before import = 0
Number of asset objects unloaded after import = 0
========================================================================
Received Import Request.
  Time since last request: 0.005526 seconds.
  path: Assets/Scripts/PlayerBuild.cs
  artifactKey: Guid(b6f2e12b533d8904cb36303221b348ed) Importer(815301076,1909f56bfc062723c751e8b465ee728b)
Start importing Assets/Scripts/PlayerBuild.cs using Guid(b6f2e12b533d8904cb36303221b348ed) Importer(815301076,1909f56bfc062723c751e8b465ee728b)  -> (artifact id: '00000000000000000000000000000000') in 0.001211 seconds
Import Error Code:(4)
Message: Build asset version error: assets/scripts/playerbuild.cs in SourceAssetDB has modification time of '2025-06-09T21:16:08.5077597Z' while content on disk has modification time of '2025-06-09T21:16:14.0244707Z'
  ERROR: Build asset version error: assets/scripts/playerbuild.cs in SourceAssetDB has modification time of '2025-06-09T21:16:08.5077597Z' while content on disk has modification time of '2025-06-09T21:16:14.0244707Z'
Number of updated asset objects reloaded before import = 0
Number of asset objects unloaded after import = 0
========================================================================
Received Import Request.
  Time since last request: 0.005125 seconds.
  path: Assets/Scripts/PlayerBuild.cs
  artifactKey: Guid(b6f2e12b533d8904cb36303221b348ed) Importer(815301076,1909f56bfc062723c751e8b465ee728b)
Start importing Assets/Scripts/PlayerBuild.cs using Guid(b6f2e12b533d8904cb36303221b348ed) Importer(815301076,1909f56bfc062723c751e8b465ee728b)  -> (artifact id: '00000000000000000000000000000000') in 0.000830 seconds
Import Error Code:(4)
Message: Build asset version error: assets/scripts/playerbuild.cs in SourceAssetDB has modification time of '2025-06-09T21:16:08.5077597Z' while content on disk has modification time of '2025-06-09T21:16:14.0244707Z'
  ERROR: Build asset version error: assets/scripts/playerbuild.cs in SourceAssetDB has modification time of '2025-06-09T21:16:08.5077597Z' while content on disk has modification time of '2025-06-09T21:16:14.0244707Z'
Number of updated asset objects reloaded before import = 0
Number of asset objects unloaded after import = 0
========================================================================
Received Import Request.
  Time since last request: 0.005849 seconds.
  path: Assets/Scripts/PlayerBuild.cs
  artifactKey: Guid(b6f2e12b533d8904cb36303221b348ed) Importer(815301076,1909f56bfc062723c751e8b465ee728b)
Start importing Assets/Scripts/PlayerBuild.cs using Guid(b6f2e12b533d8904cb36303221b348ed) Importer(815301076,1909f56bfc062723c751e8b465ee728b)  -> (artifact id: '00000000000000000000000000000000') in 0.001041 seconds
Import Error Code:(4)
Message: Build asset version error: assets/scripts/playerbuild.cs in SourceAssetDB has modification time of '2025-06-09T21:16:08.5077597Z' while content on disk has modification time of '2025-06-09T21:16:14.0244707Z'
  ERROR: Build asset version error: assets/scripts/playerbuild.cs in SourceAssetDB has modification time of '2025-06-09T21:16:08.5077597Z' while content on disk has modification time of '2025-06-09T21:16:14.0244707Z'
Number of updated asset objects reloaded before import = 0
Number of asset objects unloaded after import = 0
========================================================================
Received Import Request.
  Time since last request: 0.002367 seconds.
  path: Assets/Scripts/PlayerBuild.cs
  artifactKey: Guid(b6f2e12b533d8904cb36303221b348ed) Importer(815301076,1909f56bfc062723c751e8b465ee728b)
Start importing Assets/Scripts/PlayerBuild.cs using Guid(b6f2e12b533d8904cb36303221b348ed) Importer(815301076,1909f56bfc062723c751e8b465ee728b)  -> (artifact id: '00000000000000000000000000000000') in 0.001368 seconds
Import Error Code:(4)
Message: Build asset version error: assets/scripts/playerbuild.cs in SourceAssetDB has modification time of '2025-06-09T21:16:08.5077597Z' while content on disk has modification time of '2025-06-09T21:16:14.0244707Z'
  ERROR: Build asset version error: assets/scripts/playerbuild.cs in SourceAssetDB has modification time of '2025-06-09T21:16:08.5077597Z' while content on disk has modification time of '2025-06-09T21:16:14.0244707Z'
Number of updated asset objects reloaded before import = 0
Number of asset objects unloaded after import = 0
========================================================================
Received Import Request.
  Time since last request: 0.013476 seconds.
  path: Assets/Scripts/PlayerBuild.cs
  artifactKey: Guid(b6f2e12b533d8904cb36303221b348ed) Importer(815301076,1909f56bfc062723c751e8b465ee728b)
Start importing Assets/Scripts/PlayerBuild.cs using Guid(b6f2e12b533d8904cb36303221b348ed) Importer(815301076,1909f56bfc062723c751e8b465ee728b)  -> (artifact id: '00000000000000000000000000000000') in 0.000828 seconds
Import Error Code:(4)
Message: Build asset version error: assets/scripts/playerbuild.cs in SourceAssetDB has modification time of '2025-06-09T21:16:08.5077597Z' while content on disk has modification time of '2025-06-09T21:16:14.0244707Z'
  ERROR: Build asset version error: assets/scripts/playerbuild.cs in SourceAssetDB has modification time of '2025-06-09T21:16:08.5077597Z' while content on disk has modification time of '2025-06-09T21:16:14.0244707Z'
Number of updated asset objects reloaded before import = 0
Number of asset objects unloaded after import = 0
========================================================================
Received Import Request.
  Time since last request: 0.006690 seconds.
  path: Assets/Scripts/PlayerBuild.cs
  artifactKey: Guid(b6f2e12b533d8904cb36303221b348ed) Importer(815301076,1909f56bfc062723c751e8b465ee728b)
Start importing Assets/Scripts/PlayerBuild.cs using Guid(b6f2e12b533d8904cb36303221b348ed) Importer(815301076,1909f56bfc062723c751e8b465ee728b)  -> (artifact id: '00000000000000000000000000000000') in 0.000841 seconds
Import Error Code:(4)
Message: Build asset version error: assets/scripts/playerbuild.cs in SourceAssetDB has modification time of '2025-06-09T21:16:08.5077597Z' while content on disk has modification time of '2025-06-09T21:16:14.0244707Z'
  ERROR: Build asset version error: assets/scripts/playerbuild.cs in SourceAssetDB has modification time of '2025-06-09T21:16:08.5077597Z' while content on disk has modification time of '2025-06-09T21:16:14.0244707Z'
Number of updated asset objects reloaded before import = 0
Number of asset objects unloaded after import = 0
========================================================================
Received Import Request.
  Time since last request: 0.004863 seconds.
  path: Assets/Scripts/PlayerBuild.cs
  artifactKey: Guid(b6f2e12b533d8904cb36303221b348ed) Importer(815301076,1909f56bfc062723c751e8b465ee728b)
Start importing Assets/Scripts/PlayerBuild.cs using Guid(b6f2e12b533d8904cb36303221b348ed) Importer(815301076,1909f56bfc062723c751e8b465ee728b)  -> (artifact id: '00000000000000000000000000000000') in 0.001040 seconds
Import Error Code:(4)
Message: Build asset version error: assets/scripts/playerbuild.cs in SourceAssetDB has modification time of '2025-06-09T21:16:08.5077597Z' while content on disk has modification time of '2025-06-09T21:16:14.0244707Z'
  ERROR: Build asset version error: assets/scripts/playerbuild.cs in SourceAssetDB has modification time of '2025-06-09T21:16:08.5077597Z' while content on disk has modification time of '2025-06-09T21:16:14.0244707Z'
Number of updated asset objects reloaded before import = 0
Number of asset objects unloaded after import = 0
========================================================================
Received Import Request.
  Time since last request: 0.006975 seconds.
  path: Assets/Scripts/PlayerBuild.cs
  artifactKey: Guid(b6f2e12b533d8904cb36303221b348ed) Importer(815301076,1909f56bfc062723c751e8b465ee728b)
Start importing Assets/Scripts/PlayerBuild.cs using Guid(b6f2e12b533d8904cb36303221b348ed) Importer(815301076,1909f56bfc062723c751e8b465ee728b)  -> (artifact id: '00000000000000000000000000000000') in 0.000965 seconds
Import Error Code:(4)
Message: Build asset version error: assets/scripts/playerbuild.cs in SourceAssetDB has modification time of '2025-06-09T21:16:08.5077597Z' while content on disk has modification time of '2025-06-09T21:16:14.0244707Z'
  ERROR: Build asset version error: assets/scripts/playerbuild.cs in SourceAssetDB has modification time of '2025-06-09T21:16:08.5077597Z' while content on disk has modification time of '2025-06-09T21:16:14.0244707Z'
Number of updated asset objects reloaded before import = 0
Number of asset objects unloaded after import = 0
========================================================================
Received Import Request.
  Time since last request: 0.007105 seconds.
  path: Assets/Scripts/PlayerBuild.cs
  artifactKey: Guid(b6f2e12b533d8904cb36303221b348ed) Importer(815301076,1909f56bfc062723c751e8b465ee728b)
Start importing Assets/Scripts/PlayerBuild.cs using Guid(b6f2e12b533d8904cb36303221b348ed) Importer(815301076,1909f56bfc062723c751e8b465ee728b)  -> (artifact id: '00000000000000000000000000000000') in 0.000942 seconds
Import Error Code:(4)
Message: Build asset version error: assets/scripts/playerbuild.cs in SourceAssetDB has modification time of '2025-06-09T21:16:08.5077597Z' while content on disk has modification time of '2025-06-09T21:16:14.0244707Z'
  ERROR: Build asset version error: assets/scripts/playerbuild.cs in SourceAssetDB has modification time of '2025-06-09T21:16:08.5077597Z' while content on disk has modification time of '2025-06-09T21:16:14.0244707Z'
Number of updated asset objects reloaded before import = 0
Number of asset objects unloaded after import = 0
========================================================================
Received Import Request.
  Time since last request: 0.006713 seconds.
  path: Assets/Scripts/PlayerBuild.cs
  artifactKey: Guid(b6f2e12b533d8904cb36303221b348ed) Importer(815301076,1909f56bfc062723c751e8b465ee728b)
Start importing Assets/Scripts/PlayerBuild.cs using Guid(b6f2e12b533d8904cb36303221b348ed) Importer(815301076,1909f56bfc062723c751e8b465ee728b)  -> (artifact id: '00000000000000000000000000000000') in 0.000919 seconds
Import Error Code:(4)
Message: Build asset version error: assets/scripts/playerbuild.cs in SourceAssetDB has modification time of '2025-06-09T21:16:08.5077597Z' while content on disk has modification time of '2025-06-09T21:16:14.0244707Z'
  ERROR: Build asset version error: assets/scripts/playerbuild.cs in SourceAssetDB has modification time of '2025-06-09T21:16:08.5077597Z' while content on disk has modification time of '2025-06-09T21:16:14.0244707Z'
Number of updated asset objects reloaded before import = 0
Number of asset objects unloaded after import = 0
========================================================================
Received Import Request.
  Time since last request: 0.007746 seconds.
  path: Assets/Scripts/PlayerBuild.cs
  artifactKey: Guid(b6f2e12b533d8904cb36303221b348ed) Importer(815301076,1909f56bfc062723c751e8b465ee728b)
Start importing Assets/Scripts/PlayerBuild.cs using Guid(b6f2e12b533d8904cb36303221b348ed) Importer(815301076,1909f56bfc062723c751e8b465ee728b)  -> (artifact id: '00000000000000000000000000000000') in 0.000850 seconds
Import Error Code:(4)
Message: Build asset version error: assets/scripts/playerbuild.cs in SourceAssetDB has modification time of '2025-06-09T21:16:08.5077597Z' while content on disk has modification time of '2025-06-09T21:16:14.0244707Z'
  ERROR: Build asset version error: assets/scripts/playerbuild.cs in SourceAssetDB has modification time of '2025-06-09T21:16:08.5077597Z' while content on disk has modification time of '2025-06-09T21:16:14.0244707Z'
Number of updated asset objects reloaded before import = 0
Number of asset objects unloaded after import = 0
========================================================================
Received Import Request.
  Time since last request: 0.006800 seconds.
  path: Assets/Scripts/PlayerBuild.cs
  artifactKey: Guid(b6f2e12b533d8904cb36303221b348ed) Importer(815301076,1909f56bfc062723c751e8b465ee728b)
Start importing Assets/Scripts/PlayerBuild.cs using Guid(b6f2e12b533d8904cb36303221b348ed) Importer(815301076,1909f56bfc062723c751e8b465ee728b)  -> (artifact id: '00000000000000000000000000000000') in 0.000929 seconds
Import Error Code:(4)
Message: Build asset version error: assets/scripts/playerbuild.cs in SourceAssetDB has modification time of '2025-06-09T21:16:08.5077597Z' while content on disk has modification time of '2025-06-09T21:16:14.0244707Z'
  ERROR: Build asset version error: assets/scripts/playerbuild.cs in SourceAssetDB has modification time of '2025-06-09T21:16:08.5077597Z' while content on disk has modification time of '2025-06-09T21:16:14.0244707Z'
Number of updated asset objects reloaded before import = 0
Number of asset objects unloaded after import = 0
========================================================================
Received Import Request.
  Time since last request: 0.004743 seconds.
  path: Assets/Scripts/PlayerBuild.cs
  artifactKey: Guid(b6f2e12b533d8904cb36303221b348ed) Importer(815301076,1909f56bfc062723c751e8b465ee728b)
Start importing Assets/Scripts/PlayerBuild.cs using Guid(b6f2e12b533d8904cb36303221b348ed) Importer(815301076,1909f56bfc062723c751e8b465ee728b)  -> (artifact id: '00000000000000000000000000000000') in 0.000980 seconds
Import Error Code:(4)
Message: Build asset version error: assets/scripts/playerbuild.cs in SourceAssetDB has modification time of '2025-06-09T21:16:08.5077597Z' while content on disk has modification time of '2025-06-09T21:16:14.0244707Z'
  ERROR: Build asset version error: assets/scripts/playerbuild.cs in SourceAssetDB has modification time of '2025-06-09T21:16:08.5077597Z' while content on disk has modification time of '2025-06-09T21:16:14.0244707Z'
Number of updated asset objects reloaded before import = 0
Number of asset objects unloaded after import = 0
========================================================================
Received Import Request.
  Time since last request: 0.002315 seconds.
  path: Assets/Scripts/PlayerBuild.cs
  artifactKey: Guid(b6f2e12b533d8904cb36303221b348ed) Importer(815301076,1909f56bfc062723c751e8b465ee728b)
Start importing Assets/Scripts/PlayerBuild.cs using Guid(b6f2e12b533d8904cb36303221b348ed) Importer(815301076,1909f56bfc062723c751e8b465ee728b)  -> (artifact id: '00000000000000000000000000000000') in 0.000963 seconds
Import Error Code:(4)
Message: Build asset version error: assets/scripts/playerbuild.cs in SourceAssetDB has modification time of '2025-06-09T21:16:08.5077597Z' while content on disk has modification time of '2025-06-09T21:16:14.0244707Z'
  ERROR: Build asset version error: assets/scripts/playerbuild.cs in SourceAssetDB has modification time of '2025-06-09T21:16:08.5077597Z' while content on disk has modification time of '2025-06-09T21:16:14.0244707Z'
Number of updated asset objects reloaded before import = 0
Number of asset objects unloaded after import = 0
========================================================================
Received Import Request.
  Time since last request: 0.015689 seconds.
  path: Assets/Scripts/PlayerBuild.cs
  artifactKey: Guid(b6f2e12b533d8904cb36303221b348ed) Importer(815301076,1909f56bfc062723c751e8b465ee728b)
Start importing Assets/Scripts/PlayerBuild.cs using Guid(b6f2e12b533d8904cb36303221b348ed) Importer(815301076,1909f56bfc062723c751e8b465ee728b)  -> (artifact id: '00000000000000000000000000000000') in 0.001049 seconds
Import Error Code:(4)
Message: Build asset version error: assets/scripts/playerbuild.cs in SourceAssetDB has modification time of '2025-06-09T21:16:08.5077597Z' while content on disk has modification time of '2025-06-09T21:16:14.0244707Z'
  ERROR: Build asset version error: assets/scripts/playerbuild.cs in SourceAssetDB has modification time of '2025-06-09T21:16:08.5077597Z' while content on disk has modification time of '2025-06-09T21:16:14.0244707Z'
Number of updated asset objects reloaded before import = 0
Number of asset objects unloaded after import = 0
========================================================================
Received Import Request.
  Time since last request: 0.006089 seconds.
  path: Assets/Scripts/PlayerBuild.cs
  artifactKey: Guid(b6f2e12b533d8904cb36303221b348ed) Importer(815301076,1909f56bfc062723c751e8b465ee728b)
Start importing Assets/Scripts/PlayerBuild.cs using Guid(b6f2e12b533d8904cb36303221b348ed) Importer(815301076,1909f56bfc062723c751e8b465ee728b)  -> (artifact id: '00000000000000000000000000000000') in 0.001180 seconds
Import Error Code:(4)
Message: Build asset version error: assets/scripts/playerbuild.cs in SourceAssetDB has modification time of '2025-06-09T21:16:08.5077597Z' while content on disk has modification time of '2025-06-09T21:16:14.0244707Z'
  ERROR: Build asset version error: assets/scripts/playerbuild.cs in SourceAssetDB has modification time of '2025-06-09T21:16:08.5077597Z' while content on disk has modification time of '2025-06-09T21:16:14.0244707Z'
Number of updated asset objects reloaded before import = 0
Number of asset objects unloaded after import = 0
========================================================================
Received Import Request.
  Time since last request: 0.004628 seconds.
  path: Assets/Scripts/PlayerBuild.cs
  artifactKey: Guid(b6f2e12b533d8904cb36303221b348ed) Importer(815301076,1909f56bfc062723c751e8b465ee728b)
Start importing Assets/Scripts/PlayerBuild.cs using Guid(b6f2e12b533d8904cb36303221b348ed) Importer(815301076,1909f56bfc062723c751e8b465ee728b)  -> (artifact id: '00000000000000000000000000000000') in 0.001060 seconds
Import Error Code:(4)
Message: Build asset version error: assets/scripts/playerbuild.cs in SourceAssetDB has modification time of '2025-06-09T21:16:08.5077597Z' while content on disk has modification time of '2025-06-09T21:16:14.0244707Z'
  ERROR: Build asset version error: assets/scripts/playerbuild.cs in SourceAssetDB has modification time of '2025-06-09T21:16:08.5077597Z' while content on disk has modification time of '2025-06-09T21:16:14.0244707Z'
Number of updated asset objects reloaded before import = 0
Number of asset objects unloaded after import = 0
========================================================================
Received Import Request.
  Time since last request: 0.001959 seconds.
  path: Assets/Scripts/PlayerBuild.cs
  artifactKey: Guid(b6f2e12b533d8904cb36303221b348ed) Importer(815301076,1909f56bfc062723c751e8b465ee728b)
Start importing Assets/Scripts/PlayerBuild.cs using Guid(b6f2e12b533d8904cb36303221b348ed) Importer(815301076,1909f56bfc062723c751e8b465ee728b)  -> (artifact id: '00000000000000000000000000000000') in 0.000839 seconds
Import Error Code:(4)
Message: Build asset version error: assets/scripts/playerbuild.cs in SourceAssetDB has modification time of '2025-06-09T21:16:08.5077597Z' while content on disk has modification time of '2025-06-09T21:16:14.0244707Z'
  ERROR: Build asset version error: assets/scripts/playerbuild.cs in SourceAssetDB has modification time of '2025-06-09T21:16:08.5077597Z' while content on disk has modification time of '2025-06-09T21:16:14.0244707Z'
Number of updated asset objects reloaded before import = 0
Number of asset objects unloaded after import = 0
========================================================================
Received Import Request.
  Time since last request: 0.012749 seconds.
  path: Assets/Scripts/PlayerBuild.cs
  artifactKey: Guid(b6f2e12b533d8904cb36303221b348ed) Importer(815301076,1909f56bfc062723c751e8b465ee728b)
Start importing Assets/Scripts/PlayerBuild.cs using Guid(b6f2e12b533d8904cb36303221b348ed) Importer(815301076,1909f56bfc062723c751e8b465ee728b)  -> (artifact id: '00000000000000000000000000000000') in 0.001037 seconds
Import Error Code:(4)
Message: Build asset version error: assets/scripts/playerbuild.cs in SourceAssetDB has modification time of '2025-06-09T21:16:08.5077597Z' while content on disk has modification time of '2025-06-09T21:16:14.0244707Z'
  ERROR: Build asset version error: assets/scripts/playerbuild.cs in SourceAssetDB has modification time of '2025-06-09T21:16:08.5077597Z' while content on disk has modification time of '2025-06-09T21:16:14.0244707Z'
Number of updated asset objects reloaded before import = 0
Number of asset objects unloaded after import = 0
========================================================================
Received Import Request.
  Time since last request: 0.006637 seconds.
  path: Assets/Scripts/PlayerBuild.cs
  artifactKey: Guid(b6f2e12b533d8904cb36303221b348ed) Importer(815301076,1909f56bfc062723c751e8b465ee728b)
Start importing Assets/Scripts/PlayerBuild.cs using Guid(b6f2e12b533d8904cb36303221b348ed) Importer(815301076,1909f56bfc062723c751e8b465ee728b)  -> (artifact id: '00000000000000000000000000000000') in 0.000856 seconds
Import Error Code:(4)
Message: Build asset version error: assets/scripts/playerbuild.cs in SourceAssetDB has modification time of '2025-06-09T21:16:08.5077597Z' while content on disk has modification time of '2025-06-09T21:16:14.0244707Z'
  ERROR: Build asset version error: assets/scripts/playerbuild.cs in SourceAssetDB has modification time of '2025-06-09T21:16:08.5077597Z' while content on disk has modification time of '2025-06-09T21:16:14.0244707Z'
Number of updated asset objects reloaded before import = 0
Number of asset objects unloaded after import = 0
========================================================================
Received Import Request.
  Time since last request: 0.007814 seconds.
  path: Assets/Scripts/PlayerBuild.cs
  artifactKey: Guid(b6f2e12b533d8904cb36303221b348ed) Importer(815301076,1909f56bfc062723c751e8b465ee728b)
Start importing Assets/Scripts/PlayerBuild.cs using Guid(b6f2e12b533d8904cb36303221b348ed) Importer(815301076,1909f56bfc062723c751e8b465ee728b)  -> (artifact id: '00000000000000000000000000000000') in 0.001091 seconds
Import Error Code:(4)
Message: Build asset version error: assets/scripts/playerbuild.cs in SourceAssetDB has modification time of '2025-06-09T21:16:08.5077597Z' while content on disk has modification time of '2025-06-09T21:16:14.0244707Z'
  ERROR: Build asset version error: assets/scripts/playerbuild.cs in SourceAssetDB has modification time of '2025-06-09T21:16:08.5077597Z' while content on disk has modification time of '2025-06-09T21:16:14.0244707Z'
Number of updated asset objects reloaded before import = 0
Number of asset objects unloaded after import = 0
========================================================================
Received Import Request.
  Time since last request: 0.006076 seconds.
  path: Assets/Scripts/PlayerBuild.cs
  artifactKey: Guid(b6f2e12b533d8904cb36303221b348ed) Importer(815301076,1909f56bfc062723c751e8b465ee728b)
Start importing Assets/Scripts/PlayerBuild.cs using Guid(b6f2e12b533d8904cb36303221b348ed) Importer(815301076,1909f56bfc062723c751e8b465ee728b)  -> (artifact id: '00000000000000000000000000000000') in 0.001970 seconds
Import Error Code:(4)
Message: Build asset version error: assets/scripts/playerbuild.cs in SourceAssetDB has modification time of '2025-06-09T21:16:08.5077597Z' while content on disk has modification time of '2025-06-09T21:16:14.0244707Z'
  ERROR: Build asset version error: assets/scripts/playerbuild.cs in SourceAssetDB has modification time of '2025-06-09T21:16:08.5077597Z' while content on disk has modification time of '2025-06-09T21:16:14.0244707Z'
Number of updated asset objects reloaded before import = 0
Number of asset objects unloaded after import = 0
========================================================================
Received Import Request.
  Time since last request: 0.010622 seconds.
  path: Assets/Scripts/PlayerBuild.cs
  artifactKey: Guid(b6f2e12b533d8904cb36303221b348ed) Importer(815301076,1909f56bfc062723c751e8b465ee728b)
Start importing Assets/Scripts/PlayerBuild.cs using Guid(b6f2e12b533d8904cb36303221b348ed) Importer(815301076,1909f56bfc062723c751e8b465ee728b)  -> (artifact id: '00000000000000000000000000000000') in 0.000861 seconds
Import Error Code:(4)
Message: Build asset version error: assets/scripts/playerbuild.cs in SourceAssetDB has modification time of '2025-06-09T21:16:08.5077597Z' while content on disk has modification time of '2025-06-09T21:16:14.0244707Z'
  ERROR: Build asset version error: assets/scripts/playerbuild.cs in SourceAssetDB has modification time of '2025-06-09T21:16:08.5077597Z' while content on disk has modification time of '2025-06-09T21:16:14.0244707Z'
Number of updated asset objects reloaded before import = 0
Number of asset objects unloaded after import = 0
========================================================================
Received Import Request.
  Time since last request: 0.008377 seconds.
  path: Assets/Scripts/PlayerBuild.cs
  artifactKey: Guid(b6f2e12b533d8904cb36303221b348ed) Importer(815301076,1909f56bfc062723c751e8b465ee728b)
Start importing Assets/Scripts/PlayerBuild.cs using Guid(b6f2e12b533d8904cb36303221b348ed) Importer(815301076,1909f56bfc062723c751e8b465ee728b)  -> (artifact id: '00000000000000000000000000000000') in 0.001009 seconds
Import Error Code:(4)
Message: Build asset version error: assets/scripts/playerbuild.cs in SourceAssetDB has modification time of '2025-06-09T21:16:08.5077597Z' while content on disk has modification time of '2025-06-09T21:16:14.0244707Z'
  ERROR: Build asset version error: assets/scripts/playerbuild.cs in SourceAssetDB has modification time of '2025-06-09T21:16:08.5077597Z' while content on disk has modification time of '2025-06-09T21:16:14.0244707Z'
Number of updated asset objects reloaded before import = 0
Number of asset objects unloaded after import = 0
========================================================================
Received Import Request.
  Time since last request: 0.013143 seconds.
  path: Assets/Scripts/PlayerBuild.cs
  artifactKey: Guid(b6f2e12b533d8904cb36303221b348ed) Importer(815301076,1909f56bfc062723c751e8b465ee728b)
Start importing Assets/Scripts/PlayerBuild.cs using Guid(b6f2e12b533d8904cb36303221b348ed) Importer(815301076,1909f56bfc062723c751e8b465ee728b)  -> (artifact id: '00000000000000000000000000000000') in 0.001285 seconds
Import Error Code:(4)
Message: Build asset version error: assets/scripts/playerbuild.cs in SourceAssetDB has modification time of '2025-06-09T21:16:08.5077597Z' while content on disk has modification time of '2025-06-09T21:16:14.0244707Z'
  ERROR: Build asset version error: assets/scripts/playerbuild.cs in SourceAssetDB has modification time of '2025-06-09T21:16:08.5077597Z' while content on disk has modification time of '2025-06-09T21:16:14.0244707Z'
Number of updated asset objects reloaded before import = 0
Number of asset objects unloaded after import = 0
========================================================================
Received Import Request.
  Time since last request: 0.005607 seconds.
  path: Assets/Scripts/PlayerBuild.cs
  artifactKey: Guid(b6f2e12b533d8904cb36303221b348ed) Importer(815301076,1909f56bfc062723c751e8b465ee728b)
Start importing Assets/Scripts/PlayerBuild.cs using Guid(b6f2e12b533d8904cb36303221b348ed) Importer(815301076,1909f56bfc062723c751e8b465ee728b)  -> (artifact id: '00000000000000000000000000000000') in 0.001620 seconds
Import Error Code:(4)
Message: Build asset version error: assets/scripts/playerbuild.cs in SourceAssetDB has modification time of '2025-06-09T21:16:08.5077597Z' while content on disk has modification time of '2025-06-09T21:16:14.0244707Z'
  ERROR: Build asset version error: assets/scripts/playerbuild.cs in SourceAssetDB has modification time of '2025-06-09T21:16:08.5077597Z' while content on disk has modification time of '2025-06-09T21:16:14.0244707Z'
Number of updated asset objects reloaded before import = 0
Number of asset objects unloaded after import = 0
========================================================================
Received Import Request.
  Time since last request: 0.016348 seconds.
  path: Assets/Scripts/PlayerBuild.cs
  artifactKey: Guid(b6f2e12b533d8904cb36303221b348ed) Importer(815301076,1909f56bfc062723c751e8b465ee728b)
Start importing Assets/Scripts/PlayerBuild.cs using Guid(b6f2e12b533d8904cb36303221b348ed) Importer(815301076,1909f56bfc062723c751e8b465ee728b)  -> (artifact id: '00000000000000000000000000000000') in 0.001108 seconds
Import Error Code:(4)
Message: Build asset version error: assets/scripts/playerbuild.cs in SourceAssetDB has modification time of '2025-06-09T21:16:08.5077597Z' while content on disk has modification time of '2025-06-09T21:16:14.0244707Z'
  ERROR: Build asset version error: assets/scripts/playerbuild.cs in SourceAssetDB has modification time of '2025-06-09T21:16:08.5077597Z' while content on disk has modification time of '2025-06-09T21:16:14.0244707Z'
Number of updated asset objects reloaded before import = 0
Number of asset objects unloaded after import = 0
========================================================================
Received Import Request.
  Time since last request: 0.013047 seconds.
  path: Assets/Scripts/PlayerBuild.cs
  artifactKey: Guid(b6f2e12b533d8904cb36303221b348ed) Importer(815301076,1909f56bfc062723c751e8b465ee728b)
Start importing Assets/Scripts/PlayerBuild.cs using Guid(b6f2e12b533d8904cb36303221b348ed) Importer(815301076,1909f56bfc062723c751e8b465ee728b)  -> (artifact id: '00000000000000000000000000000000') in 0.000998 seconds
Import Error Code:(4)
Message: Build asset version error: assets/scripts/playerbuild.cs in SourceAssetDB has modification time of '2025-06-09T21:16:08.5077597Z' while content on disk has modification time of '2025-06-09T21:16:14.0244707Z'
  ERROR: Build asset version error: assets/scripts/playerbuild.cs in SourceAssetDB has modification time of '2025-06-09T21:16:08.5077597Z' while content on disk has modification time of '2025-06-09T21:16:14.0244707Z'
Number of updated asset objects reloaded before import = 0
Number of asset objects unloaded after import = 0
========================================================================
Received Import Request.
  Time since last request: 0.004805 seconds.
  path: Assets/Scripts/PlayerBuild.cs
  artifactKey: Guid(b6f2e12b533d8904cb36303221b348ed) Importer(815301076,1909f56bfc062723c751e8b465ee728b)
Start importing Assets/Scripts/PlayerBuild.cs using Guid(b6f2e12b533d8904cb36303221b348ed) Importer(815301076,1909f56bfc062723c751e8b465ee728b)  -> (artifact id: '00000000000000000000000000000000') in 0.000833 seconds
Import Error Code:(4)
Message: Build asset version error: assets/scripts/playerbuild.cs in SourceAssetDB has modification time of '2025-06-09T21:16:08.5077597Z' while content on disk has modification time of '2025-06-09T21:16:14.0244707Z'
  ERROR: Build asset version error: assets/scripts/playerbuild.cs in SourceAssetDB has modification time of '2025-06-09T21:16:08.5077597Z' while content on disk has modification time of '2025-06-09T21:16:14.0244707Z'
Number of updated asset objects reloaded before import = 0
Number of asset objects unloaded after import = 0
========================================================================
Received Import Request.
  Time since last request: 0.001669 seconds.
  path: Assets/Scripts/PlayerBuild.cs
  artifactKey: Guid(b6f2e12b533d8904cb36303221b348ed) Importer(815301076,1909f56bfc062723c751e8b465ee728b)
Start importing Assets/Scripts/PlayerBuild.cs using Guid(b6f2e12b533d8904cb36303221b348ed) Importer(815301076,1909f56bfc062723c751e8b465ee728b)  -> (artifact id: '00000000000000000000000000000000') in 0.001247 seconds
Import Error Code:(4)
Message: Build asset version error: assets/scripts/playerbuild.cs in SourceAssetDB has modification time of '2025-06-09T21:16:08.5077597Z' while content on disk has modification time of '2025-06-09T21:16:14.0244707Z'
  ERROR: Build asset version error: assets/scripts/playerbuild.cs in SourceAssetDB has modification time of '2025-06-09T21:16:08.5077597Z' while content on disk has modification time of '2025-06-09T21:16:14.0244707Z'
Number of updated asset objects reloaded before import = 0
Number of asset objects unloaded after import = 0
========================================================================
Received Import Request.
  Time since last request: 0.005727 seconds.
  path: Assets/Scripts/PlayerBuild.cs
  artifactKey: Guid(b6f2e12b533d8904cb36303221b348ed) Importer(815301076,1909f56bfc062723c751e8b465ee728b)
Start importing Assets/Scripts/PlayerBuild.cs using Guid(b6f2e12b533d8904cb36303221b348ed) Importer(815301076,1909f56bfc062723c751e8b465ee728b)  -> (artifact id: '00000000000000000000000000000000') in 0.001226 seconds
Import Error Code:(4)
Message: Build asset version error: assets/scripts/playerbuild.cs in SourceAssetDB has modification time of '2025-06-09T21:16:08.5077597Z' while content on disk has modification time of '2025-06-09T21:16:14.0244707Z'
  ERROR: Build asset version error: assets/scripts/playerbuild.cs in SourceAssetDB has modification time of '2025-06-09T21:16:08.5077597Z' while content on disk has modification time of '2025-06-09T21:16:14.0244707Z'
Number of updated asset objects reloaded before import = 0
Number of asset objects unloaded after import = 0
========================================================================
Received Import Request.
  Time since last request: 0.004164 seconds.
  path: Assets/Scripts/PlayerBuild.cs
  artifactKey: Guid(b6f2e12b533d8904cb36303221b348ed) Importer(815301076,1909f56bfc062723c751e8b465ee728b)
Start importing Assets/Scripts/PlayerBuild.cs using Guid(b6f2e12b533d8904cb36303221b348ed) Importer(815301076,1909f56bfc062723c751e8b465ee728b)  -> (artifact id: '00000000000000000000000000000000') in 0.000903 seconds
Import Error Code:(4)
Message: Build asset version error: assets/scripts/playerbuild.cs in SourceAssetDB has modification time of '2025-06-09T21:16:08.5077597Z' while content on disk has modification time of '2025-06-09T21:16:14.0244707Z'
  ERROR: Build asset version error: assets/scripts/playerbuild.cs in SourceAssetDB has modification time of '2025-06-09T21:16:08.5077597Z' while content on disk has modification time of '2025-06-09T21:16:14.0244707Z'
Number of updated asset objects reloaded before import = 0
Number of asset objects unloaded after import = 0
========================================================================
Received Import Request.
  Time since last request: 0.001994 seconds.
  path: Assets/Scripts/PlayerBuild.cs
  artifactKey: Guid(b6f2e12b533d8904cb36303221b348ed) Importer(815301076,1909f56bfc062723c751e8b465ee728b)
Start importing Assets/Scripts/PlayerBuild.cs using Guid(b6f2e12b533d8904cb36303221b348ed) Importer(815301076,1909f56bfc062723c751e8b465ee728b)  -> (artifact id: '00000000000000000000000000000000') in 0.000954 seconds
Import Error Code:(4)
Message: Build asset version error: assets/scripts/playerbuild.cs in SourceAssetDB has modification time of '2025-06-09T21:16:08.5077597Z' while content on disk has modification time of '2025-06-09T21:16:14.0244707Z'
  ERROR: Build asset version error: assets/scripts/playerbuild.cs in SourceAssetDB has modification time of '2025-06-09T21:16:08.5077597Z' while content on disk has modification time of '2025-06-09T21:16:14.0244707Z'
Number of updated asset objects reloaded before import = 0
Number of asset objects unloaded after import = 0
========================================================================
Received Import Request.
  Time since last request: 0.013894 seconds.
  path: Assets/Scripts/PlayerBuild.cs
  artifactKey: Guid(b6f2e12b533d8904cb36303221b348ed) Importer(815301076,1909f56bfc062723c751e8b465ee728b)
Start importing Assets/Scripts/PlayerBuild.cs using Guid(b6f2e12b533d8904cb36303221b348ed) Importer(815301076,1909f56bfc062723c751e8b465ee728b)  -> (artifact id: '00000000000000000000000000000000') in 0.000930 seconds
Import Error Code:(4)
Message: Build asset version error: assets/scripts/playerbuild.cs in SourceAssetDB has modification time of '2025-06-09T21:16:08.5077597Z' while content on disk has modification time of '2025-06-09T21:16:14.0244707Z'
  ERROR: Build asset version error: assets/scripts/playerbuild.cs in SourceAssetDB has modification time of '2025-06-09T21:16:08.5077597Z' while content on disk has modification time of '2025-06-09T21:16:14.0244707Z'
Number of updated asset objects reloaded before import = 0
Number of asset objects unloaded after import = 0
========================================================================
Received Import Request.
  Time since last request: 0.005603 seconds.
  path: Assets/Scripts/PlayerBuild.cs
  artifactKey: Guid(b6f2e12b533d8904cb36303221b348ed) Importer(815301076,1909f56bfc062723c751e8b465ee728b)
Start importing Assets/Scripts/PlayerBuild.cs using Guid(b6f2e12b533d8904cb36303221b348ed) Importer(815301076,1909f56bfc062723c751e8b465ee728b)  -> (artifact id: '00000000000000000000000000000000') in 0.000912 seconds
Import Error Code:(4)
Message: Build asset version error: assets/scripts/playerbuild.cs in SourceAssetDB has modification time of '2025-06-09T21:16:08.5077597Z' while content on disk has modification time of '2025-06-09T21:16:14.0244707Z'
  ERROR: Build asset version error: assets/scripts/playerbuild.cs in SourceAssetDB has modification time of '2025-06-09T21:16:08.5077597Z' while content on disk has modification time of '2025-06-09T21:16:14.0244707Z'
Number of updated asset objects reloaded before import = 0
Number of asset objects unloaded after import = 0
========================================================================
Received Import Request.
  Time since last request: 0.004049 seconds.
  path: Assets/Scripts/PlayerBuild.cs
  artifactKey: Guid(b6f2e12b533d8904cb36303221b348ed) Importer(815301076,1909f56bfc062723c751e8b465ee728b)
Start importing Assets/Scripts/PlayerBuild.cs using Guid(b6f2e12b533d8904cb36303221b348ed) Importer(815301076,1909f56bfc062723c751e8b465ee728b)  -> (artifact id: '00000000000000000000000000000000') in 0.001055 seconds
Import Error Code:(4)
Message: Build asset version error: assets/scripts/playerbuild.cs in SourceAssetDB has modification time of '2025-06-09T21:16:08.5077597Z' while content on disk has modification time of '2025-06-09T21:16:14.0244707Z'
  ERROR: Build asset version error: assets/scripts/playerbuild.cs in SourceAssetDB has modification time of '2025-06-09T21:16:08.5077597Z' while content on disk has modification time of '2025-06-09T21:16:14.0244707Z'
Number of updated asset objects reloaded before import = 0
Number of asset objects unloaded after import = 0
========================================================================
Received Import Request.
  Time since last request: 0.002129 seconds.
  path: Assets/Scripts/PlayerBuild.cs
  artifactKey: Guid(b6f2e12b533d8904cb36303221b348ed) Importer(815301076,1909f56bfc062723c751e8b465ee728b)
Start importing Assets/Scripts/PlayerBuild.cs using Guid(b6f2e12b533d8904cb36303221b348ed) Importer(815301076,1909f56bfc062723c751e8b465ee728b)  -> (artifact id: '00000000000000000000000000000000') in 0.000889 seconds
Import Error Code:(4)
Message: Build asset version error: assets/scripts/playerbuild.cs in SourceAssetDB has modification time of '2025-06-09T21:16:08.5077597Z' while content on disk has modification time of '2025-06-09T21:16:14.0244707Z'
  ERROR: Build asset version error: assets/scripts/playerbuild.cs in SourceAssetDB has modification time of '2025-06-09T21:16:08.5077597Z' while content on disk has modification time of '2025-06-09T21:16:14.0244707Z'
Number of updated asset objects reloaded before import = 0
Number of asset objects unloaded after import = 0
========================================================================
Received Import Request.
  Time since last request: 0.008069 seconds.
  path: Assets/Scripts/PlayerBuild.cs
  artifactKey: Guid(b6f2e12b533d8904cb36303221b348ed) Importer(815301076,1909f56bfc062723c751e8b465ee728b)
Start importing Assets/Scripts/PlayerBuild.cs using Guid(b6f2e12b533d8904cb36303221b348ed) Importer(815301076,1909f56bfc062723c751e8b465ee728b)  -> (artifact id: '00000000000000000000000000000000') in 0.000936 seconds
Import Error Code:(4)
Message: Build asset version error: assets/scripts/playerbuild.cs in SourceAssetDB has modification time of '2025-06-09T21:16:08.5077597Z' while content on disk has modification time of '2025-06-09T21:16:14.0244707Z'
  ERROR: Build asset version error: assets/scripts/playerbuild.cs in SourceAssetDB has modification time of '2025-06-09T21:16:08.5077597Z' while content on disk has modification time of '2025-06-09T21:16:14.0244707Z'
Number of updated asset objects reloaded before import = 0
Number of asset objects unloaded after import = 0
========================================================================
Received Import Request.
  Time since last request: 0.001216 seconds.
  path: Assets/Scripts/PlayerBuild.cs
  artifactKey: Guid(b6f2e12b533d8904cb36303221b348ed) Importer(815301076,1909f56bfc062723c751e8b465ee728b)
Start importing Assets/Scripts/PlayerBuild.cs using Guid(b6f2e12b533d8904cb36303221b348ed) Importer(815301076,1909f56bfc062723c751e8b465ee728b)  -> (artifact id: '00000000000000000000000000000000') in 0.001244 seconds
Import Error Code:(4)
Message: Build asset version error: assets/scripts/playerbuild.cs in SourceAssetDB has modification time of '2025-06-09T21:16:08.5077597Z' while content on disk has modification time of '2025-06-09T21:16:14.0244707Z'
  ERROR: Build asset version error: assets/scripts/playerbuild.cs in SourceAssetDB has modification time of '2025-06-09T21:16:08.5077597Z' while content on disk has modification time of '2025-06-09T21:16:14.0244707Z'
Number of updated asset objects reloaded before import = 0
Number of asset objects unloaded after import = 0
========================================================================
Received Import Request.
  Time since last request: 0.007706 seconds.
  path: Assets/Scripts/PlayerBuild.cs
  artifactKey: Guid(b6f2e12b533d8904cb36303221b348ed) Importer(815301076,1909f56bfc062723c751e8b465ee728b)
Start importing Assets/Scripts/PlayerBuild.cs using Guid(b6f2e12b533d8904cb36303221b348ed) Importer(815301076,1909f56bfc062723c751e8b465ee728b)  -> (artifact id: '00000000000000000000000000000000') in 0.000782 seconds
Import Error Code:(4)
Message: Build asset version error: assets/scripts/playerbuild.cs in SourceAssetDB has modification time of '2025-06-09T21:16:08.5077597Z' while content on disk has modification time of '2025-06-09T21:16:14.0244707Z'
  ERROR: Build asset version error: assets/scripts/playerbuild.cs in SourceAssetDB has modification time of '2025-06-09T21:16:08.5077597Z' while content on disk has modification time of '2025-06-09T21:16:14.0244707Z'
Number of updated asset objects reloaded before import = 0
Number of asset objects unloaded after import = 0
========================================================================
Received Import Request.
  Time since last request: 0.000665 seconds.
  path: Assets/Scripts/PlayerBuild.cs
  artifactKey: Guid(b6f2e12b533d8904cb36303221b348ed) Importer(815301076,1909f56bfc062723c751e8b465ee728b)
Start importing Assets/Scripts/PlayerBuild.cs using Guid(b6f2e12b533d8904cb36303221b348ed) Importer(815301076,1909f56bfc062723c751e8b465ee728b)  -> (artifact id: '00000000000000000000000000000000') in 0.000863 seconds
Import Error Code:(4)
Message: Build asset version error: assets/scripts/playerbuild.cs in SourceAssetDB has modification time of '2025-06-09T21:16:08.5077597Z' while content on disk has modification time of '2025-06-09T21:16:14.0244707Z'
  ERROR: Build asset version error: assets/scripts/playerbuild.cs in SourceAssetDB has modification time of '2025-06-09T21:16:08.5077597Z' while content on disk has modification time of '2025-06-09T21:16:14.0244707Z'
Number of updated asset objects reloaded before import = 0
Number of asset objects unloaded after import = 0
========================================================================
Received Import Request.
  Time since last request: 0.009459 seconds.
  path: Assets/Scripts/PlayerBuild.cs
  artifactKey: Guid(b6f2e12b533d8904cb36303221b348ed) Importer(815301076,1909f56bfc062723c751e8b465ee728b)
Start importing Assets/Scripts/PlayerBuild.cs using Guid(b6f2e12b533d8904cb36303221b348ed) Importer(815301076,1909f56bfc062723c751e8b465ee728b)  -> (artifact id: '00000000000000000000000000000000') in 0.001512 seconds
Import Error Code:(4)
Message: Build asset version error: assets/scripts/playerbuild.cs in SourceAssetDB has modification time of '2025-06-09T21:16:08.5077597Z' while content on disk has modification time of '2025-06-09T21:16:14.0244707Z'
  ERROR: Build asset version error: assets/scripts/playerbuild.cs in SourceAssetDB has modification time of '2025-06-09T21:16:08.5077597Z' while content on disk has modification time of '2025-06-09T21:16:14.0244707Z'
Number of updated asset objects reloaded before import = 0
Number of asset objects unloaded after import = 0
========================================================================
Received Import Request.
  Time since last request: 0.008433 seconds.
  path: Assets/Scripts/PlayerBuild.cs
  artifactKey: Guid(b6f2e12b533d8904cb36303221b348ed) Importer(815301076,1909f56bfc062723c751e8b465ee728b)
Start importing Assets/Scripts/PlayerBuild.cs using Guid(b6f2e12b533d8904cb36303221b348ed) Importer(815301076,1909f56bfc062723c751e8b465ee728b)  -> (artifact id: '00000000000000000000000000000000') in 0.000848 seconds
Import Error Code:(4)
Message: Build asset version error: assets/scripts/playerbuild.cs in SourceAssetDB has modification time of '2025-06-09T21:16:08.5077597Z' while content on disk has modification time of '2025-06-09T21:16:14.0244707Z'
  ERROR: Build asset version error: assets/scripts/playerbuild.cs in SourceAssetDB has modification time of '2025-06-09T21:16:08.5077597Z' while content on disk has modification time of '2025-06-09T21:16:14.0244707Z'
Number of updated asset objects reloaded before import = 0
Number of asset objects unloaded after import = 0
========================================================================
Received Import Request.
  Time since last request: 0.005881 seconds.
  path: Assets/Scripts/PlayerBuild.cs
  artifactKey: Guid(b6f2e12b533d8904cb36303221b348ed) Importer(815301076,1909f56bfc062723c751e8b465ee728b)
Start importing Assets/Scripts/PlayerBuild.cs using Guid(b6f2e12b533d8904cb36303221b348ed) Importer(815301076,1909f56bfc062723c751e8b465ee728b)  -> (artifact id: '00000000000000000000000000000000') in 0.000908 seconds
Import Error Code:(4)
Message: Build asset version error: assets/scripts/playerbuild.cs in SourceAssetDB has modification time of '2025-06-09T21:16:08.5077597Z' while content on disk has modification time of '2025-06-09T21:16:14.0244707Z'
  ERROR: Build asset version error: assets/scripts/playerbuild.cs in SourceAssetDB has modification time of '2025-06-09T21:16:08.5077597Z' while content on disk has modification time of '2025-06-09T21:16:14.0244707Z'
Number of updated asset objects reloaded before import = 0
Number of asset objects unloaded after import = 0
========================================================================
Received Import Request.
  Time since last request: 0.005450 seconds.
  path: Assets/Scripts/PlayerBuild.cs
  artifactKey: Guid(b6f2e12b533d8904cb36303221b348ed) Importer(815301076,1909f56bfc062723c751e8b465ee728b)
Start importing Assets/Scripts/PlayerBuild.cs using Guid(b6f2e12b533d8904cb36303221b348ed) Importer(815301076,1909f56bfc062723c751e8b465ee728b)  -> (artifact id: '00000000000000000000000000000000') in 0.002055 seconds
Import Error Code:(4)
Message: Build asset version error: assets/scripts/playerbuild.cs in SourceAssetDB has modification time of '2025-06-09T21:16:08.5077597Z' while content on disk has modification time of '2025-06-09T21:16:14.0244707Z'
  ERROR: Build asset version error: assets/scripts/playerbuild.cs in SourceAssetDB has modification time of '2025-06-09T21:16:08.5077597Z' while content on disk has modification time of '2025-06-09T21:16:14.0244707Z'
Number of updated asset objects reloaded before import = 0
Number of asset objects unloaded after import = 0
========================================================================
Received Import Request.
  Time since last request: 0.002921 seconds.
  path: Assets/Scripts/PlayerBuild.cs
  artifactKey: Guid(b6f2e12b533d8904cb36303221b348ed) Importer(815301076,1909f56bfc062723c751e8b465ee728b)
Start importing Assets/Scripts/PlayerBuild.cs using Guid(b6f2e12b533d8904cb36303221b348ed) Importer(815301076,1909f56bfc062723c751e8b465ee728b)  -> (artifact id: '00000000000000000000000000000000') in 0.001178 seconds
Import Error Code:(4)
Message: Build asset version error: assets/scripts/playerbuild.cs in SourceAssetDB has modification time of '2025-06-09T21:16:08.5077597Z' while content on disk has modification time of '2025-06-09T21:16:14.0244707Z'
  ERROR: Build asset version error: assets/scripts/playerbuild.cs in SourceAssetDB has modification time of '2025-06-09T21:16:08.5077597Z' while content on disk has modification time of '2025-06-09T21:16:14.0244707Z'
Number of updated asset objects reloaded before import = 0
Number of asset objects unloaded after import = 0
========================================================================
Received Import Request.
  Time since last request: 0.018769 seconds.
  path: Assets/Scripts/PlayerBuild.cs
  artifactKey: Guid(b6f2e12b533d8904cb36303221b348ed) Importer(815301076,1909f56bfc062723c751e8b465ee728b)
Start importing Assets/Scripts/PlayerBuild.cs using Guid(b6f2e12b533d8904cb36303221b348ed) Importer(815301076,1909f56bfc062723c751e8b465ee728b)  -> (artifact id: '00000000000000000000000000000000') in 0.000931 seconds
Import Error Code:(4)
Message: Build asset version error: assets/scripts/playerbuild.cs in SourceAssetDB has modification time of '2025-06-09T21:16:08.5077597Z' while content on disk has modification time of '2025-06-09T21:16:14.0244707Z'
  ERROR: Build asset version error: assets/scripts/playerbuild.cs in SourceAssetDB has modification time of '2025-06-09T21:16:08.5077597Z' while content on disk has modification time of '2025-06-09T21:16:14.0244707Z'
Number of updated asset objects reloaded before import = 0
Number of asset objects unloaded after import = 0
========================================================================
Received Import Request.
  Time since last request: 0.008512 seconds.
  path: Assets/Scripts/PlayerBuild.cs
  artifactKey: Guid(b6f2e12b533d8904cb36303221b348ed) Importer(815301076,1909f56bfc062723c751e8b465ee728b)
Start importing Assets/Scripts/PlayerBuild.cs using Guid(b6f2e12b533d8904cb36303221b348ed) Importer(815301076,1909f56bfc062723c751e8b465ee728b)  -> (artifact id: '00000000000000000000000000000000') in 0.001092 seconds
Import Error Code:(4)
Message: Build asset version error: assets/scripts/playerbuild.cs in SourceAssetDB has modification time of '2025-06-09T21:16:08.5077597Z' while content on disk has modification time of '2025-06-09T21:16:14.0244707Z'
  ERROR: Build asset version error: assets/scripts/playerbuild.cs in SourceAssetDB has modification time of '2025-06-09T21:16:08.5077597Z' while content on disk has modification time of '2025-06-09T21:16:14.0244707Z'
Number of updated asset objects reloaded before import = 0
Number of asset objects unloaded after import = 0
========================================================================
Received Import Request.
  Time since last request: 0.001949 seconds.
  path: Assets/Scripts/PlayerBuild.cs
  artifactKey: Guid(b6f2e12b533d8904cb36303221b348ed) Importer(815301076,1909f56bfc062723c751e8b465ee728b)
Start importing Assets/Scripts/PlayerBuild.cs using Guid(b6f2e12b533d8904cb36303221b348ed) Importer(815301076,1909f56bfc062723c751e8b465ee728b)  -> (artifact id: '00000000000000000000000000000000') in 0.000858 seconds
Import Error Code:(4)
Message: Build asset version error: assets/scripts/playerbuild.cs in SourceAssetDB has modification time of '2025-06-09T21:16:08.5077597Z' while content on disk has modification time of '2025-06-09T21:16:14.0244707Z'
  ERROR: Build asset version error: assets/scripts/playerbuild.cs in SourceAssetDB has modification time of '2025-06-09T21:16:08.5077597Z' while content on disk has modification time of '2025-06-09T21:16:14.0244707Z'
Number of updated asset objects reloaded before import = 0
Number of asset objects unloaded after import = 0
========================================================================
Received Import Request.
  Time since last request: 0.010074 seconds.
  path: Assets/Scripts/PlayerBuild.cs
  artifactKey: Guid(b6f2e12b533d8904cb36303221b348ed) Importer(815301076,1909f56bfc062723c751e8b465ee728b)
Start importing Assets/Scripts/PlayerBuild.cs using Guid(b6f2e12b533d8904cb36303221b348ed) Importer(815301076,1909f56bfc062723c751e8b465ee728b)  -> (artifact id: '00000000000000000000000000000000') in 0.001013 seconds
Import Error Code:(4)
Message: Build asset version error: assets/scripts/playerbuild.cs in SourceAssetDB has modification time of '2025-06-09T21:16:08.5077597Z' while content on disk has modification time of '2025-06-09T21:16:14.0244707Z'
  ERROR: Build asset version error: assets/scripts/playerbuild.cs in SourceAssetDB has modification time of '2025-06-09T21:16:08.5077597Z' while content on disk has modification time of '2025-06-09T21:16:14.0244707Z'
Number of updated asset objects reloaded before import = 0
Number of asset objects unloaded after import = 0
========================================================================
Received Import Request.
  Time since last request: 0.002240 seconds.
  path: Assets/Scripts/PlayerBuild.cs
  artifactKey: Guid(b6f2e12b533d8904cb36303221b348ed) Importer(815301076,1909f56bfc062723c751e8b465ee728b)
Start importing Assets/Scripts/PlayerBuild.cs using Guid(b6f2e12b533d8904cb36303221b348ed) Importer(815301076,1909f56bfc062723c751e8b465ee728b)  -> (artifact id: '00000000000000000000000000000000') in 0.000937 seconds
Import Error Code:(4)
Message: Build asset version error: assets/scripts/playerbuild.cs in SourceAssetDB has modification time of '2025-06-09T21:16:08.5077597Z' while content on disk has modification time of '2025-06-09T21:16:14.0244707Z'
  ERROR: Build asset version error: assets/scripts/playerbuild.cs in SourceAssetDB has modification time of '2025-06-09T21:16:08.5077597Z' while content on disk has modification time of '2025-06-09T21:16:14.0244707Z'
Number of updated asset objects reloaded before import = 0
Number of asset objects unloaded after import = 0
========================================================================
Received Import Request.
  Time since last request: 0.008353 seconds.
  path: Assets/Scripts/PlayerBuild.cs
  artifactKey: Guid(b6f2e12b533d8904cb36303221b348ed) Importer(815301076,1909f56bfc062723c751e8b465ee728b)
Start importing Assets/Scripts/PlayerBuild.cs using Guid(b6f2e12b533d8904cb36303221b348ed) Importer(815301076,1909f56bfc062723c751e8b465ee728b)  -> (artifact id: '00000000000000000000000000000000') in 0.000988 seconds
Import Error Code:(4)
Message: Build asset version error: assets/scripts/playerbuild.cs in SourceAssetDB has modification time of '2025-06-09T21:16:08.5077597Z' while content on disk has modification time of '2025-06-09T21:16:14.0244707Z'
  ERROR: Build asset version error: assets/scripts/playerbuild.cs in SourceAssetDB has modification time of '2025-06-09T21:16:08.5077597Z' while content on disk has modification time of '2025-06-09T21:16:14.0244707Z'
Number of updated asset objects reloaded before import = 0
Number of asset objects unloaded after import = 0
========================================================================
Received Import Request.
  Time since last request: 0.002487 seconds.
  path: Assets/Scripts/PlayerBuild.cs
  artifactKey: Guid(b6f2e12b533d8904cb36303221b348ed) Importer(815301076,1909f56bfc062723c751e8b465ee728b)
Start importing Assets/Scripts/PlayerBuild.cs using Guid(b6f2e12b533d8904cb36303221b348ed) Importer(815301076,1909f56bfc062723c751e8b465ee728b)  -> (artifact id: '00000000000000000000000000000000') in 0.000811 seconds
Import Error Code:(4)
Message: Build asset version error: assets/scripts/playerbuild.cs in SourceAssetDB has modification time of '2025-06-09T21:16:08.5077597Z' while content on disk has modification time of '2025-06-09T21:16:14.0244707Z'
  ERROR: Build asset version error: assets/scripts/playerbuild.cs in SourceAssetDB has modification time of '2025-06-09T21:16:08.5077597Z' while content on disk has modification time of '2025-06-09T21:16:14.0244707Z'
Number of updated asset objects reloaded before import = 0
Number of asset objects unloaded after import = 0
========================================================================
Received Import Request.
  Time since last request: 0.011479 seconds.
  path: Assets/Scripts/PlayerBuild.cs
  artifactKey: Guid(b6f2e12b533d8904cb36303221b348ed) Importer(815301076,1909f56bfc062723c751e8b465ee728b)
Start importing Assets/Scripts/PlayerBuild.cs using Guid(b6f2e12b533d8904cb36303221b348ed) Importer(815301076,1909f56bfc062723c751e8b465ee728b)  -> (artifact id: '00000000000000000000000000000000') in 0.001043 seconds
Import Error Code:(4)
Message: Build asset version error: assets/scripts/playerbuild.cs in SourceAssetDB has modification time of '2025-06-09T21:16:08.5077597Z' while content on disk has modification time of '2025-06-09T21:16:14.0244707Z'
  ERROR: Build asset version error: assets/scripts/playerbuild.cs in SourceAssetDB has modification time of '2025-06-09T21:16:08.5077597Z' while content on disk has modification time of '2025-06-09T21:16:14.0244707Z'
Number of updated asset objects reloaded before import = 0
Number of asset objects unloaded after import = 0
========================================================================
Received Import Request.
  Time since last request: 0.000624 seconds.
  path: Assets/Scripts/PlayerBuild.cs
  artifactKey: Guid(b6f2e12b533d8904cb36303221b348ed) Importer(815301076,1909f56bfc062723c751e8b465ee728b)
Start importing Assets/Scripts/PlayerBuild.cs using Guid(b6f2e12b533d8904cb36303221b348ed) Importer(815301076,1909f56bfc062723c751e8b465ee728b)  -> (artifact id: '00000000000000000000000000000000') in 0.001238 seconds
Import Error Code:(4)
Message: Build asset version error: assets/scripts/playerbuild.cs in SourceAssetDB has modification time of '2025-06-09T21:16:08.5077597Z' while content on disk has modification time of '2025-06-09T21:16:14.0244707Z'
  ERROR: Build asset version error: assets/scripts/playerbuild.cs in SourceAssetDB has modification time of '2025-06-09T21:16:08.5077597Z' while content on disk has modification time of '2025-06-09T21:16:14.0244707Z'
Number of updated asset objects reloaded before import = 0
Number of asset objects unloaded after import = 0
========================================================================
Received Import Request.
  Time since last request: 0.008911 seconds.
  path: Assets/Scripts/PlayerBuild.cs
  artifactKey: Guid(b6f2e12b533d8904cb36303221b348ed) Importer(815301076,1909f56bfc062723c751e8b465ee728b)
Start importing Assets/Scripts/PlayerBuild.cs using Guid(b6f2e12b533d8904cb36303221b348ed) Importer(815301076,1909f56bfc062723c751e8b465ee728b)  -> (artifact id: '00000000000000000000000000000000') in 0.001039 seconds
Import Error Code:(4)
Message: Build asset version error: assets/scripts/playerbuild.cs in SourceAssetDB has modification time of '2025-06-09T21:16:08.5077597Z' while content on disk has modification time of '2025-06-09T21:16:14.0244707Z'
  ERROR: Build asset version error: assets/scripts/playerbuild.cs in SourceAssetDB has modification time of '2025-06-09T21:16:08.5077597Z' while content on disk has modification time of '2025-06-09T21:16:14.0244707Z'
Number of updated asset objects reloaded before import = 0
Number of asset objects unloaded after import = 0
========================================================================
Received Import Request.
  Time since last request: 0.008104 seconds.
  path: Assets/Scripts/PlayerBuild.cs
  artifactKey: Guid(b6f2e12b533d8904cb36303221b348ed) Importer(815301076,1909f56bfc062723c751e8b465ee728b)
Start importing Assets/Scripts/PlayerBuild.cs using Guid(b6f2e12b533d8904cb36303221b348ed) Importer(815301076,1909f56bfc062723c751e8b465ee728b)  -> (artifact id: '00000000000000000000000000000000') in 0.000894 seconds
Import Error Code:(4)
Message: Build asset version error: assets/scripts/playerbuild.cs in SourceAssetDB has modification time of '2025-06-09T21:16:08.5077597Z' while content on disk has modification time of '2025-06-09T21:16:14.0244707Z'
  ERROR: Build asset version error: assets/scripts/playerbuild.cs in SourceAssetDB has modification time of '2025-06-09T21:16:08.5077597Z' while content on disk has modification time of '2025-06-09T21:16:14.0244707Z'
Number of updated asset objects reloaded before import = 0
Number of asset objects unloaded after import = 0
========================================================================
Received Import Request.
  Time since last request: 0.002447 seconds.
  path: Assets/Scripts/PlayerBuild.cs
  artifactKey: Guid(b6f2e12b533d8904cb36303221b348ed) Importer(815301076,1909f56bfc062723c751e8b465ee728b)
Start importing Assets/Scripts/PlayerBuild.cs using Guid(b6f2e12b533d8904cb36303221b348ed) Importer(815301076,1909f56bfc062723c751e8b465ee728b)  -> (artifact id: '00000000000000000000000000000000') in 0.000812 seconds
Import Error Code:(4)
Message: Build asset version error: assets/scripts/playerbuild.cs in SourceAssetDB has modification time of '2025-06-09T21:16:08.5077597Z' while content on disk has modification time of '2025-06-09T21:16:14.0244707Z'
  ERROR: Build asset version error: assets/scripts/playerbuild.cs in SourceAssetDB has modification time of '2025-06-09T21:16:08.5077597Z' while content on disk has modification time of '2025-06-09T21:16:14.0244707Z'
Number of updated asset objects reloaded before import = 0
Number of asset objects unloaded after import = 0
========================================================================
Received Import Request.
  Time since last request: 0.005084 seconds.
  path: Assets/Scripts/PlayerBuild.cs
  artifactKey: Guid(b6f2e12b533d8904cb36303221b348ed) Importer(815301076,1909f56bfc062723c751e8b465ee728b)
Start importing Assets/Scripts/PlayerBuild.cs using Guid(b6f2e12b533d8904cb36303221b348ed) Importer(815301076,1909f56bfc062723c751e8b465ee728b)  -> (artifact id: '00000000000000000000000000000000') in 0.001135 seconds
Import Error Code:(4)
Message: Build asset version error: assets/scripts/playerbuild.cs in SourceAssetDB has modification time of '2025-06-09T21:16:08.5077597Z' while content on disk has modification time of '2025-06-09T21:16:14.0244707Z'
  ERROR: Build asset version error: assets/scripts/playerbuild.cs in SourceAssetDB has modification time of '2025-06-09T21:16:08.5077597Z' while content on disk has modification time of '2025-06-09T21:16:14.0244707Z'
Number of updated asset objects reloaded before import = 0
Number of asset objects unloaded after import = 0
========================================================================
Received Import Request.
  Time since last request: 0.004645 seconds.
  path: Assets/Scripts/PlayerBuild.cs
  artifactKey: Guid(b6f2e12b533d8904cb36303221b348ed) Importer(815301076,1909f56bfc062723c751e8b465ee728b)
Start importing Assets/Scripts/PlayerBuild.cs using Guid(b6f2e12b533d8904cb36303221b348ed) Importer(815301076,1909f56bfc062723c751e8b465ee728b)  -> (artifact id: '00000000000000000000000000000000') in 0.001002 seconds
Import Error Code:(4)
Message: Build asset version error: assets/scripts/playerbuild.cs in SourceAssetDB has modification time of '2025-06-09T21:16:08.5077597Z' while content on disk has modification time of '2025-06-09T21:16:14.0244707Z'
  ERROR: Build asset version error: assets/scripts/playerbuild.cs in SourceAssetDB has modification time of '2025-06-09T21:16:08.5077597Z' while content on disk has modification time of '2025-06-09T21:16:14.0244707Z'
Number of updated asset objects reloaded before import = 0
Number of asset objects unloaded after import = 0
========================================================================
Received Import Request.
  Time since last request: 0.002385 seconds.
  path: Assets/Scripts/PlayerBuild.cs
  artifactKey: Guid(b6f2e12b533d8904cb36303221b348ed) Importer(815301076,1909f56bfc062723c751e8b465ee728b)
Start importing Assets/Scripts/PlayerBuild.cs using Guid(b6f2e12b533d8904cb36303221b348ed) Importer(815301076,1909f56bfc062723c751e8b465ee728b)  -> (artifact id: '00000000000000000000000000000000') in 0.000854 seconds
Import Error Code:(4)
Message: Build asset version error: assets/scripts/playerbuild.cs in SourceAssetDB has modification time of '2025-06-09T21:16:08.5077597Z' while content on disk has modification time of '2025-06-09T21:16:14.0244707Z'
  ERROR: Build asset version error: assets/scripts/playerbuild.cs in SourceAssetDB has modification time of '2025-06-09T21:16:08.5077597Z' while content on disk has modification time of '2025-06-09T21:16:14.0244707Z'
Number of updated asset objects reloaded before import = 0
Number of asset objects unloaded after import = 0
========================================================================
Received Import Request.
  Time since last request: 0.010055 seconds.
  path: Assets/Scripts/PlayerBuild.cs
  artifactKey: Guid(b6f2e12b533d8904cb36303221b348ed) Importer(815301076,1909f56bfc062723c751e8b465ee728b)
Start importing Assets/Scripts/PlayerBuild.cs using Guid(b6f2e12b533d8904cb36303221b348ed) Importer(815301076,1909f56bfc062723c751e8b465ee728b)  -> (artifact id: '00000000000000000000000000000000') in 0.001036 seconds
Import Error Code:(4)
Message: Build asset version error: assets/scripts/playerbuild.cs in SourceAssetDB has modification time of '2025-06-09T21:16:08.5077597Z' while content on disk has modification time of '2025-06-09T21:16:14.0244707Z'
  ERROR: Build asset version error: assets/scripts/playerbuild.cs in SourceAssetDB has modification time of '2025-06-09T21:16:08.5077597Z' while content on disk has modification time of '2025-06-09T21:16:14.0244707Z'
Number of updated asset objects reloaded before import = 0
Number of asset objects unloaded after import = 0
========================================================================
Received Import Request.
  Time since last request: 0.002526 seconds.
  path: Assets/Scripts/PlayerBuild.cs
  artifactKey: Guid(b6f2e12b533d8904cb36303221b348ed) Importer(815301076,1909f56bfc062723c751e8b465ee728b)
Start importing Assets/Scripts/PlayerBuild.cs using Guid(b6f2e12b533d8904cb36303221b348ed) Importer(815301076,1909f56bfc062723c751e8b465ee728b)  -> (artifact id: '00000000000000000000000000000000') in 0.001181 seconds
Import Error Code:(4)
Message: Build asset version error: assets/scripts/playerbuild.cs in SourceAssetDB has modification time of '2025-06-09T21:16:08.5077597Z' while content on disk has modification time of '2025-06-09T21:16:14.0244707Z'
  ERROR: Build asset version error: assets/scripts/playerbuild.cs in SourceAssetDB has modification time of '2025-06-09T21:16:08.5077597Z' while content on disk has modification time of '2025-06-09T21:16:14.0244707Z'
Number of updated asset objects reloaded before import = 0
Number of asset objects unloaded after import = 0
========================================================================
Received Import Request.
  Time since last request: 0.010502 seconds.
  path: Assets/Scripts/PlayerBuild.cs
  artifactKey: Guid(b6f2e12b533d8904cb36303221b348ed) Importer(815301076,1909f56bfc062723c751e8b465ee728b)
Start importing Assets/Scripts/PlayerBuild.cs using Guid(b6f2e12b533d8904cb36303221b348ed) Importer(815301076,1909f56bfc062723c751e8b465ee728b)  -> (artifact id: '00000000000000000000000000000000') in 0.001471 seconds
Import Error Code:(4)
Message: Build asset version error: assets/scripts/playerbuild.cs in SourceAssetDB has modification time of '2025-06-09T21:16:08.5077597Z' while content on disk has modification time of '2025-06-09T21:16:14.0244707Z'
  ERROR: Build asset version error: assets/scripts/playerbuild.cs in SourceAssetDB has modification time of '2025-06-09T21:16:08.5077597Z' while content on disk has modification time of '2025-06-09T21:16:14.0244707Z'
Number of updated asset objects reloaded before import = 0
Number of asset objects unloaded after import = 0
========================================================================
Received Import Request.
  Time since last request: 0.005007 seconds.
  path: Assets/Scripts/PlayerBuild.cs
  artifactKey: Guid(b6f2e12b533d8904cb36303221b348ed) Importer(815301076,1909f56bfc062723c751e8b465ee728b)
Start importing Assets/Scripts/PlayerBuild.cs using Guid(b6f2e12b533d8904cb36303221b348ed) Importer(815301076,1909f56bfc062723c751e8b465ee728b)  -> (artifact id: '00000000000000000000000000000000') in 0.000798 seconds
Import Error Code:(4)
Message: Build asset version error: assets/scripts/playerbuild.cs in SourceAssetDB has modification time of '2025-06-09T21:16:08.5077597Z' while content on disk has modification time of '2025-06-09T21:16:14.0244707Z'
  ERROR: Build asset version error: assets/scripts/playerbuild.cs in SourceAssetDB has modification time of '2025-06-09T21:16:08.5077597Z' while content on disk has modification time of '2025-06-09T21:16:14.0244707Z'
Number of updated asset objects reloaded before import = 0
Number of asset objects unloaded after import = 0
========================================================================
Received Import Request.
  Time since last request: 0.001375 seconds.
  path: Assets/Scripts/PlayerBuild.cs
  artifactKey: Guid(b6f2e12b533d8904cb36303221b348ed) Importer(815301076,1909f56bfc062723c751e8b465ee728b)
Start importing Assets/Scripts/PlayerBuild.cs using Guid(b6f2e12b533d8904cb36303221b348ed) Importer(815301076,1909f56bfc062723c751e8b465ee728b)  -> (artifact id: '00000000000000000000000000000000') in 0.000832 seconds
Import Error Code:(4)
Message: Build asset version error: assets/scripts/playerbuild.cs in SourceAssetDB has modification time of '2025-06-09T21:16:08.5077597Z' while content on disk has modification time of '2025-06-09T21:16:14.0244707Z'
  ERROR: Build asset version error: assets/scripts/playerbuild.cs in SourceAssetDB has modification time of '2025-06-09T21:16:08.5077597Z' while content on disk has modification time of '2025-06-09T21:16:14.0244707Z'
Number of updated asset objects reloaded before import = 0
Number of asset objects unloaded after import = 0
========================================================================
Received Import Request.
  Time since last request: 0.010121 seconds.
  path: Assets/Scripts/PlayerBuild.cs
  artifactKey: Guid(b6f2e12b533d8904cb36303221b348ed) Importer(815301076,1909f56bfc062723c751e8b465ee728b)
Start importing Assets/Scripts/PlayerBuild.cs using Guid(b6f2e12b533d8904cb36303221b348ed) Importer(815301076,1909f56bfc062723c751e8b465ee728b)  -> (artifact id: '00000000000000000000000000000000') in 0.001400 seconds
Import Error Code:(4)
Message: Build asset version error: assets/scripts/playerbuild.cs in SourceAssetDB has modification time of '2025-06-09T21:16:08.5077597Z' while content on disk has modification time of '2025-06-09T21:16:14.0244707Z'
  ERROR: Build asset version error: assets/scripts/playerbuild.cs in SourceAssetDB has modification time of '2025-06-09T21:16:08.5077597Z' while content on disk has modification time of '2025-06-09T21:16:14.0244707Z'
Number of updated asset objects reloaded before import = 0
Number of asset objects unloaded after import = 0
========================================================================
Received Import Request.
  Time since last request: 0.008929 seconds.
  path: Assets/Scripts/PlayerBuild.cs
  artifactKey: Guid(b6f2e12b533d8904cb36303221b348ed) Importer(815301076,1909f56bfc062723c751e8b465ee728b)
Start importing Assets/Scripts/PlayerBuild.cs using Guid(b6f2e12b533d8904cb36303221b348ed) Importer(815301076,1909f56bfc062723c751e8b465ee728b)  -> (artifact id: '00000000000000000000000000000000') in 0.001301 seconds
Import Error Code:(4)
Message: Build asset version error: assets/scripts/playerbuild.cs in SourceAssetDB has modification time of '2025-06-09T21:16:08.5077597Z' while content on disk has modification time of '2025-06-09T21:16:14.0244707Z'
  ERROR: Build asset version error: assets/scripts/playerbuild.cs in SourceAssetDB has modification time of '2025-06-09T21:16:08.5077597Z' while content on disk has modification time of '2025-06-09T21:16:14.0244707Z'
Number of updated asset objects reloaded before import = 0
Number of asset objects unloaded after import = 0
========================================================================
Received Import Request.
  Time since last request: 0.000683 seconds.
  path: Assets/Scripts/PlayerBuild.cs
  artifactKey: Guid(b6f2e12b533d8904cb36303221b348ed) Importer(815301076,1909f56bfc062723c751e8b465ee728b)
Start importing Assets/Scripts/PlayerBuild.cs using Guid(b6f2e12b533d8904cb36303221b348ed) Importer(815301076,1909f56bfc062723c751e8b465ee728b)  -> (artifact id: '00000000000000000000000000000000') in 0.000832 seconds
Import Error Code:(4)
Message: Build asset version error: assets/scripts/playerbuild.cs in SourceAssetDB has modification time of '2025-06-09T21:16:08.5077597Z' while content on disk has modification time of '2025-06-09T21:16:14.0244707Z'
  ERROR: Build asset version error: assets/scripts/playerbuild.cs in SourceAssetDB has modification time of '2025-06-09T21:16:08.5077597Z' while content on disk has modification time of '2025-06-09T21:16:14.0244707Z'
Number of updated asset objects reloaded before import = 0
Number of asset objects unloaded after import = 0
========================================================================
Received Import Request.
  Time since last request: 0.011978 seconds.
  path: Assets/Scripts/PlayerBuild.cs
  artifactKey: Guid(b6f2e12b533d8904cb36303221b348ed) Importer(815301076,1909f56bfc062723c751e8b465ee728b)
Start importing Assets/Scripts/PlayerBuild.cs using Guid(b6f2e12b533d8904cb36303221b348ed) Importer(815301076,1909f56bfc062723c751e8b465ee728b)  -> (artifact id: '00000000000000000000000000000000') in 0.001587 seconds
Import Error Code:(4)
Message: Build asset version error: assets/scripts/playerbuild.cs in SourceAssetDB has modification time of '2025-06-09T21:16:08.5077597Z' while content on disk has modification time of '2025-06-09T21:16:14.0244707Z'
  ERROR: Build asset version error: assets/scripts/playerbuild.cs in SourceAssetDB has modification time of '2025-06-09T21:16:08.5077597Z' while content on disk has modification time of '2025-06-09T21:16:14.0244707Z'
Number of updated asset objects reloaded before import = 0
Number of asset objects unloaded after import = 0
========================================================================
Received Import Request.
  Time since last request: 0.002643 seconds.
  path: Assets/Scripts/PlayerBuild.cs
  artifactKey: Guid(b6f2e12b533d8904cb36303221b348ed) Importer(815301076,1909f56bfc062723c751e8b465ee728b)
Start importing Assets/Scripts/PlayerBuild.cs using Guid(b6f2e12b533d8904cb36303221b348ed) Importer(815301076,1909f56bfc062723c751e8b465ee728b)  -> (artifact id: '00000000000000000000000000000000') in 0.000966 seconds
Import Error Code:(4)
Message: Build asset version error: assets/scripts/playerbuild.cs in SourceAssetDB has modification time of '2025-06-09T21:16:08.5077597Z' while content on disk has modification time of '2025-06-09T21:16:14.0244707Z'
  ERROR: Build asset version error: assets/scripts/playerbuild.cs in SourceAssetDB has modification time of '2025-06-09T21:16:08.5077597Z' while content on disk has modification time of '2025-06-09T21:16:14.0244707Z'
Number of updated asset objects reloaded before import = 0
Number of asset objects unloaded after import = 0
========================================================================
Received Import Request.
  Time since last request: 0.008866 seconds.
  path: Assets/Scripts/PlayerBuild.cs
  artifactKey: Guid(b6f2e12b533d8904cb36303221b348ed) Importer(815301076,1909f56bfc062723c751e8b465ee728b)
Start importing Assets/Scripts/PlayerBuild.cs using Guid(b6f2e12b533d8904cb36303221b348ed) Importer(815301076,1909f56bfc062723c751e8b465ee728b)  -> (artifact id: '00000000000000000000000000000000') in 0.000849 seconds
Import Error Code:(4)
Message: Build asset version error: assets/scripts/playerbuild.cs in SourceAssetDB has modification time of '2025-06-09T21:16:08.5077597Z' while content on disk has modification time of '2025-06-09T21:16:14.0244707Z'
  ERROR: Build asset version error: assets/scripts/playerbuild.cs in SourceAssetDB has modification time of '2025-06-09T21:16:08.5077597Z' while content on disk has modification time of '2025-06-09T21:16:14.0244707Z'
Number of updated asset objects reloaded before import = 0
Number of asset objects unloaded after import = 0
========================================================================
Received Import Request.
  Time since last request: 0.007547 seconds.
  path: Assets/Scripts/PlayerBuild.cs
  artifactKey: Guid(b6f2e12b533d8904cb36303221b348ed) Importer(815301076,1909f56bfc062723c751e8b465ee728b)
Start importing Assets/Scripts/PlayerBuild.cs using Guid(b6f2e12b533d8904cb36303221b348ed) Importer(815301076,1909f56bfc062723c751e8b465ee728b)  -> (artifact id: '00000000000000000000000000000000') in 0.000849 seconds
Import Error Code:(4)
Message: Build asset version error: assets/scripts/playerbuild.cs in SourceAssetDB has modification time of '2025-06-09T21:16:08.5077597Z' while content on disk has modification time of '2025-06-09T21:16:14.0244707Z'
  ERROR: Build asset version error: assets/scripts/playerbuild.cs in SourceAssetDB has modification time of '2025-06-09T21:16:08.5077597Z' while content on disk has modification time of '2025-06-09T21:16:14.0244707Z'
Number of updated asset objects reloaded before import = 0
Number of asset objects unloaded after import = 0
========================================================================
Received Import Request.
  Time since last request: 0.004141 seconds.
  path: Assets/Scripts/PlayerBuild.cs
  artifactKey: Guid(b6f2e12b533d8904cb36303221b348ed) Importer(815301076,1909f56bfc062723c751e8b465ee728b)
Start importing Assets/Scripts/PlayerBuild.cs using Guid(b6f2e12b533d8904cb36303221b348ed) Importer(815301076,1909f56bfc062723c751e8b465ee728b)  -> (artifact id: '00000000000000000000000000000000') in 0.000880 seconds
Import Error Code:(4)
Message: Build asset version error: assets/scripts/playerbuild.cs in SourceAssetDB has modification time of '2025-06-09T21:16:08.5077597Z' while content on disk has modification time of '2025-06-09T21:16:14.0244707Z'
  ERROR: Build asset version error: assets/scripts/playerbuild.cs in SourceAssetDB has modification time of '2025-06-09T21:16:08.5077597Z' while content on disk has modification time of '2025-06-09T21:16:14.0244707Z'
Number of updated asset objects reloaded before import = 0
Number of asset objects unloaded after import = 0
========================================================================
Received Import Request.
  Time since last request: 0.001644 seconds.
  path: Assets/Scripts/PlayerBuild.cs
  artifactKey: Guid(b6f2e12b533d8904cb36303221b348ed) Importer(815301076,1909f56bfc062723c751e8b465ee728b)
Start importing Assets/Scripts/PlayerBuild.cs using Guid(b6f2e12b533d8904cb36303221b348ed) Importer(815301076,1909f56bfc062723c751e8b465ee728b)  -> (artifact id: '00000000000000000000000000000000') in 0.000986 seconds
Import Error Code:(4)
Message: Build asset version error: assets/scripts/playerbuild.cs in SourceAssetDB has modification time of '2025-06-09T21:16:08.5077597Z' while content on disk has modification time of '2025-06-09T21:16:14.0244707Z'
  ERROR: Build asset version error: assets/scripts/playerbuild.cs in SourceAssetDB has modification time of '2025-06-09T21:16:08.5077597Z' while content on disk has modification time of '2025-06-09T21:16:14.0244707Z'
Number of updated asset objects reloaded before import = 0
Number of asset objects unloaded after import = 0
========================================================================
Received Import Request.
  Time since last request: 0.015645 seconds.
  path: Assets/Scripts/PlayerBuild.cs
  artifactKey: Guid(b6f2e12b533d8904cb36303221b348ed) Importer(815301076,1909f56bfc062723c751e8b465ee728b)
Start importing Assets/Scripts/PlayerBuild.cs using Guid(b6f2e12b533d8904cb36303221b348ed) Importer(815301076,1909f56bfc062723c751e8b465ee728b)  -> (artifact id: '00000000000000000000000000000000') in 0.000917 seconds
Import Error Code:(4)
Message: Build asset version error: assets/scripts/playerbuild.cs in SourceAssetDB has modification time of '2025-06-09T21:16:08.5077597Z' while content on disk has modification time of '2025-06-09T21:16:14.0244707Z'
  ERROR: Build asset version error: assets/scripts/playerbuild.cs in SourceAssetDB has modification time of '2025-06-09T21:16:08.5077597Z' while content on disk has modification time of '2025-06-09T21:16:14.0244707Z'
Number of updated asset objects reloaded before import = 0
Number of asset objects unloaded after import = 0
========================================================================
Received Import Request.
  Time since last request: 0.007074 seconds.
  path: Assets/Scripts/PlayerBuild.cs
  artifactKey: Guid(b6f2e12b533d8904cb36303221b348ed) Importer(815301076,1909f56bfc062723c751e8b465ee728b)
Start importing Assets/Scripts/PlayerBuild.cs using Guid(b6f2e12b533d8904cb36303221b348ed) Importer(815301076,1909f56bfc062723c751e8b465ee728b)  -> (artifact id: '00000000000000000000000000000000') in 0.000852 seconds
Import Error Code:(4)
Message: Build asset version error: assets/scripts/playerbuild.cs in SourceAssetDB has modification time of '2025-06-09T21:16:08.5077597Z' while content on disk has modification time of '2025-06-09T21:16:14.0244707Z'
  ERROR: Build asset version error: assets/scripts/playerbuild.cs in SourceAssetDB has modification time of '2025-06-09T21:16:08.5077597Z' while content on disk has modification time of '2025-06-09T21:16:14.0244707Z'
Number of updated asset objects reloaded before import = 0
Number of asset objects unloaded after import = 0
========================================================================
Received Import Request.
  Time since last request: 0.000423 seconds.
  path: Assets/Scripts/PlayerBuild.cs
  artifactKey: Guid(b6f2e12b533d8904cb36303221b348ed) Importer(815301076,1909f56bfc062723c751e8b465ee728b)
Start importing Assets/Scripts/PlayerBuild.cs using Guid(b6f2e12b533d8904cb36303221b348ed) Importer(815301076,1909f56bfc062723c751e8b465ee728b)  -> (artifact id: '00000000000000000000000000000000') in 0.001065 seconds
Import Error Code:(4)
Message: Build asset version error: assets/scripts/playerbuild.cs in SourceAssetDB has modification time of '2025-06-09T21:16:08.5077597Z' while content on disk has modification time of '2025-06-09T21:16:14.0244707Z'
  ERROR: Build asset version error: assets/scripts/playerbuild.cs in SourceAssetDB has modification time of '2025-06-09T21:16:08.5077597Z' while content on disk has modification time of '2025-06-09T21:16:14.0244707Z'
Number of updated asset objects reloaded before import = 0
Number of asset objects unloaded after import = 0
========================================================================
Received Import Request.
  Time since last request: 0.013267 seconds.
  path: Assets/Scripts/PlayerBuild.cs
  artifactKey: Guid(b6f2e12b533d8904cb36303221b348ed) Importer(815301076,1909f56bfc062723c751e8b465ee728b)
Start importing Assets/Scripts/PlayerBuild.cs using Guid(b6f2e12b533d8904cb36303221b348ed) Importer(815301076,1909f56bfc062723c751e8b465ee728b)  -> (artifact id: '00000000000000000000000000000000') in 0.000868 seconds
Import Error Code:(4)
Message: Build asset version error: assets/scripts/playerbuild.cs in SourceAssetDB has modification time of '2025-06-09T21:16:08.5077597Z' while content on disk has modification time of '2025-06-09T21:16:14.0244707Z'
  ERROR: Build asset version error: assets/scripts/playerbuild.cs in SourceAssetDB has modification time of '2025-06-09T21:16:08.5077597Z' while content on disk has modification time of '2025-06-09T21:16:14.0244707Z'
Number of updated asset objects reloaded before import = 0
Number of asset objects unloaded after import = 0
========================================================================
Received Import Request.
  Time since last request: 0.002858 seconds.
  path: Assets/Scripts/PlayerBuild.cs
  artifactKey: Guid(b6f2e12b533d8904cb36303221b348ed) Importer(815301076,1909f56bfc062723c751e8b465ee728b)
Start importing Assets/Scripts/PlayerBuild.cs using Guid(b6f2e12b533d8904cb36303221b348ed) Importer(815301076,1909f56bfc062723c751e8b465ee728b)  -> (artifact id: '00000000000000000000000000000000') in 0.001113 seconds
Import Error Code:(4)
Message: Build asset version error: assets/scripts/playerbuild.cs in SourceAssetDB has modification time of '2025-06-09T21:16:08.5077597Z' while content on disk has modification time of '2025-06-09T21:16:14.0244707Z'
  ERROR: Build asset version error: assets/scripts/playerbuild.cs in SourceAssetDB has modification time of '2025-06-09T21:16:08.5077597Z' while content on disk has modification time of '2025-06-09T21:16:14.0244707Z'
Number of updated asset objects reloaded before import = 0
Number of asset objects unloaded after import = 0
========================================================================
Received Import Request.
  Time since last request: 0.007716 seconds.
  path: Assets/Scripts/PlayerBuild.cs
  artifactKey: Guid(b6f2e12b533d8904cb36303221b348ed) Importer(815301076,1909f56bfc062723c751e8b465ee728b)
Start importing Assets/Scripts/PlayerBuild.cs using Guid(b6f2e12b533d8904cb36303221b348ed) Importer(815301076,1909f56bfc062723c751e8b465ee728b)  -> (artifact id: '00000000000000000000000000000000') in 0.001894 seconds
Import Error Code:(4)
Message: Build asset version error: assets/scripts/playerbuild.cs in SourceAssetDB has modification time of '2025-06-09T21:16:08.5077597Z' while content on disk has modification time of '2025-06-09T21:16:14.0244707Z'
  ERROR: Build asset version error: assets/scripts/playerbuild.cs in SourceAssetDB has modification time of '2025-06-09T21:16:08.5077597Z' while content on disk has modification time of '2025-06-09T21:16:14.0244707Z'
Number of updated asset objects reloaded before import = 0
Number of asset objects unloaded after import = 0
========================================================================
Received Import Request.
  Time since last request: 0.001651 seconds.
  path: Assets/Scripts/PlayerBuild.cs
  artifactKey: Guid(b6f2e12b533d8904cb36303221b348ed) Importer(815301076,1909f56bfc062723c751e8b465ee728b)
Start importing Assets/Scripts/PlayerBuild.cs using Guid(b6f2e12b533d8904cb36303221b348ed) Importer(815301076,1909f56bfc062723c751e8b465ee728b)  -> (artifact id: '00000000000000000000000000000000') in 0.001068 seconds
Import Error Code:(4)
Message: Build asset version error: assets/scripts/playerbuild.cs in SourceAssetDB has modification time of '2025-06-09T21:16:08.5077597Z' while content on disk has modification time of '2025-06-09T21:16:14.0244707Z'
  ERROR: Build asset version error: assets/scripts/playerbuild.cs in SourceAssetDB has modification time of '2025-06-09T21:16:08.5077597Z' while content on disk has modification time of '2025-06-09T21:16:14.0244707Z'
Number of updated asset objects reloaded before import = 0
Number of asset objects unloaded after import = 0
========================================================================
Received Import Request.
  Time since last request: 0.011851 seconds.
  path: Assets/Scripts/PlayerBuild.cs
  artifactKey: Guid(b6f2e12b533d8904cb36303221b348ed) Importer(815301076,1909f56bfc062723c751e8b465ee728b)
Start importing Assets/Scripts/PlayerBuild.cs using Guid(b6f2e12b533d8904cb36303221b348ed) Importer(815301076,1909f56bfc062723c751e8b465ee728b)  -> (artifact id: '00000000000000000000000000000000') in 0.001048 seconds
Import Error Code:(4)
Message: Build asset version error: assets/scripts/playerbuild.cs in SourceAssetDB has modification time of '2025-06-09T21:16:08.5077597Z' while content on disk has modification time of '2025-06-09T21:16:14.0244707Z'
  ERROR: Build asset version error: assets/scripts/playerbuild.cs in SourceAssetDB has modification time of '2025-06-09T21:16:08.5077597Z' while content on disk has modification time of '2025-06-09T21:16:14.0244707Z'
Number of updated asset objects reloaded before import = 0
Number of asset objects unloaded after import = 0
========================================================================
Received Import Request.
  Time since last request: 0.004568 seconds.
  path: Assets/Scripts/PlayerBuild.cs
  artifactKey: Guid(b6f2e12b533d8904cb36303221b348ed) Importer(815301076,1909f56bfc062723c751e8b465ee728b)
Start importing Assets/Scripts/PlayerBuild.cs using Guid(b6f2e12b533d8904cb36303221b348ed) Importer(815301076,1909f56bfc062723c751e8b465ee728b)  -> (artifact id: '00000000000000000000000000000000') in 0.001471 seconds
Import Error Code:(4)
Message: Build asset version error: assets/scripts/playerbuild.cs in SourceAssetDB has modification time of '2025-06-09T21:16:08.5077597Z' while content on disk has modification time of '2025-06-09T21:16:14.0244707Z'
  ERROR: Build asset version error: assets/scripts/playerbuild.cs in SourceAssetDB has modification time of '2025-06-09T21:16:08.5077597Z' while content on disk has modification time of '2025-06-09T21:16:14.0244707Z'
Number of updated asset objects reloaded before import = 0
Number of asset objects unloaded after import = 0
========================================================================
Received Import Request.
  Time since last request: 0.005208 seconds.
  path: Assets/Scripts/PlayerBuild.cs
  artifactKey: Guid(b6f2e12b533d8904cb36303221b348ed) Importer(815301076,1909f56bfc062723c751e8b465ee728b)
Start importing Assets/Scripts/PlayerBuild.cs using Guid(b6f2e12b533d8904cb36303221b348ed) Importer(815301076,1909f56bfc062723c751e8b465ee728b)  -> (artifact id: '00000000000000000000000000000000') in 0.000826 seconds
Import Error Code:(4)
Message: Build asset version error: assets/scripts/playerbuild.cs in SourceAssetDB has modification time of '2025-06-09T21:16:08.5077597Z' while content on disk has modification time of '2025-06-09T21:16:14.0244707Z'
  ERROR: Build asset version error: assets/scripts/playerbuild.cs in SourceAssetDB has modification time of '2025-06-09T21:16:08.5077597Z' while content on disk has modification time of '2025-06-09T21:16:14.0244707Z'
Number of updated asset objects reloaded before import = 0
Number of asset objects unloaded after import = 0
========================================================================
Received Import Request.
  Time since last request: 0.003105 seconds.
  path: Assets/Scripts/PlayerBuild.cs
  artifactKey: Guid(b6f2e12b533d8904cb36303221b348ed) Importer(815301076,1909f56bfc062723c751e8b465ee728b)
Start importing Assets/Scripts/PlayerBuild.cs using Guid(b6f2e12b533d8904cb36303221b348ed) Importer(815301076,1909f56bfc062723c751e8b465ee728b)  -> (artifact id: '00000000000000000000000000000000') in 0.001072 seconds
Import Error Code:(4)
Message: Build asset version error: assets/scripts/playerbuild.cs in SourceAssetDB has modification time of '2025-06-09T21:16:08.5077597Z' while content on disk has modification time of '2025-06-09T21:16:14.0244707Z'
  ERROR: Build asset version error: assets/scripts/playerbuild.cs in SourceAssetDB has modification time of '2025-06-09T21:16:08.5077597Z' while content on disk has modification time of '2025-06-09T21:16:14.0244707Z'
Number of updated asset objects reloaded before import = 0
Number of asset objects unloaded after import = 0
========================================================================
Received Import Request.
  Time since last request: 0.007794 seconds.
  path: Assets/Scripts/PlayerBuild.cs
  artifactKey: Guid(b6f2e12b533d8904cb36303221b348ed) Importer(815301076,1909f56bfc062723c751e8b465ee728b)
Start importing Assets/Scripts/PlayerBuild.cs using Guid(b6f2e12b533d8904cb36303221b348ed) Importer(815301076,1909f56bfc062723c751e8b465ee728b)  -> (artifact id: '00000000000000000000000000000000') in 0.001140 seconds
Import Error Code:(4)
Message: Build asset version error: assets/scripts/playerbuild.cs in SourceAssetDB has modification time of '2025-06-09T21:16:08.5077597Z' while content on disk has modification time of '2025-06-09T21:16:14.0244707Z'
  ERROR: Build asset version error: assets/scripts/playerbuild.cs in SourceAssetDB has modification time of '2025-06-09T21:16:08.5077597Z' while content on disk has modification time of '2025-06-09T21:16:14.0244707Z'
Number of updated asset objects reloaded before import = 0
Number of asset objects unloaded after import = 0
========================================================================
Received Import Request.
  Time since last request: 0.001912 seconds.
  path: Assets/Scripts/PlayerBuild.cs
  artifactKey: Guid(b6f2e12b533d8904cb36303221b348ed) Importer(815301076,1909f56bfc062723c751e8b465ee728b)
Start importing Assets/Scripts/PlayerBuild.cs using Guid(b6f2e12b533d8904cb36303221b348ed) Importer(815301076,1909f56bfc062723c751e8b465ee728b)  -> (artifact id: '00000000000000000000000000000000') in 0.000891 seconds
Import Error Code:(4)
Message: Build asset version error: assets/scripts/playerbuild.cs in SourceAssetDB has modification time of '2025-06-09T21:16:08.5077597Z' while content on disk has modification time of '2025-06-09T21:16:14.0244707Z'
  ERROR: Build asset version error: assets/scripts/playerbuild.cs in SourceAssetDB has modification time of '2025-06-09T21:16:08.5077597Z' while content on disk has modification time of '2025-06-09T21:16:14.0244707Z'
Number of updated asset objects reloaded before import = 0
Number of asset objects unloaded after import = 0
========================================================================
Received Import Request.
  Time since last request: 0.005674 seconds.
  path: Assets/Scripts/PlayerBuild.cs
  artifactKey: Guid(b6f2e12b533d8904cb36303221b348ed) Importer(815301076,1909f56bfc062723c751e8b465ee728b)
Start importing Assets/Scripts/PlayerBuild.cs using Guid(b6f2e12b533d8904cb36303221b348ed) Importer(815301076,1909f56bfc062723c751e8b465ee728b)  -> (artifact id: '00000000000000000000000000000000') in 0.001192 seconds
Import Error Code:(4)
Message: Build asset version error: assets/scripts/playerbuild.cs in SourceAssetDB has modification time of '2025-06-09T21:16:08.5077597Z' while content on disk has modification time of '2025-06-09T21:16:14.0244707Z'
  ERROR: Build asset version error: assets/scripts/playerbuild.cs in SourceAssetDB has modification time of '2025-06-09T21:16:08.5077597Z' while content on disk has modification time of '2025-06-09T21:16:14.0244707Z'
Number of updated asset objects reloaded before import = 0
Number of asset objects unloaded after import = 0
========================================================================
Received Import Request.
  Time since last request: 0.001264 seconds.
  path: Assets/Scripts/PlayerBuild.cs
  artifactKey: Guid(b6f2e12b533d8904cb36303221b348ed) Importer(815301076,1909f56bfc062723c751e8b465ee728b)
Start importing Assets/Scripts/PlayerBuild.cs using Guid(b6f2e12b533d8904cb36303221b348ed) Importer(815301076,1909f56bfc062723c751e8b465ee728b)  -> (artifact id: '00000000000000000000000000000000') in 0.001511 seconds
Import Error Code:(4)
Message: Build asset version error: assets/scripts/playerbuild.cs in SourceAssetDB has modification time of '2025-06-09T21:16:08.5077597Z' while content on disk has modification time of '2025-06-09T21:16:14.0244707Z'
  ERROR: Build asset version error: assets/scripts/playerbuild.cs in SourceAssetDB has modification time of '2025-06-09T21:16:08.5077597Z' while content on disk has modification time of '2025-06-09T21:16:14.0244707Z'
Number of updated asset objects reloaded before import = 0
Number of asset objects unloaded after import = 0
========================================================================
Received Import Request.
  Time since last request: 0.005397 seconds.
  path: Assets/Scripts/PlayerBuild.cs
  artifactKey: Guid(b6f2e12b533d8904cb36303221b348ed) Importer(815301076,1909f56bfc062723c751e8b465ee728b)
Start importing Assets/Scripts/PlayerBuild.cs using Guid(b6f2e12b533d8904cb36303221b348ed) Importer(815301076,1909f56bfc062723c751e8b465ee728b)  -> (artifact id: '00000000000000000000000000000000') in 0.000917 seconds
Import Error Code:(4)
Message: Build asset version error: assets/scripts/playerbuild.cs in SourceAssetDB has modification time of '2025-06-09T21:16:08.5077597Z' while content on disk has modification time of '2025-06-09T21:16:14.0244707Z'
  ERROR: Build asset version error: assets/scripts/playerbuild.cs in SourceAssetDB has modification time of '2025-06-09T21:16:08.5077597Z' while content on disk has modification time of '2025-06-09T21:16:14.0244707Z'
Number of updated asset objects reloaded before import = 0
Number of asset objects unloaded after import = 0
========================================================================
Received Import Request.
  Time since last request: 0.006176 seconds.
  path: Assets/Scripts/PlayerBuild.cs
  artifactKey: Guid(b6f2e12b533d8904cb36303221b348ed) Importer(815301076,1909f56bfc062723c751e8b465ee728b)
Start importing Assets/Scripts/PlayerBuild.cs using Guid(b6f2e12b533d8904cb36303221b348ed) Importer(815301076,1909f56bfc062723c751e8b465ee728b)  -> (artifact id: '00000000000000000000000000000000') in 0.001274 seconds
Import Error Code:(4)
Message: Build asset version error: assets/scripts/playerbuild.cs in SourceAssetDB has modification time of '2025-06-09T21:16:08.5077597Z' while content on disk has modification time of '2025-06-09T21:16:14.0244707Z'
  ERROR: Build asset version error: assets/scripts/playerbuild.cs in SourceAssetDB has modification time of '2025-06-09T21:16:08.5077597Z' while content on disk has modification time of '2025-06-09T21:16:14.0244707Z'
Number of updated asset objects reloaded before import = 0
Number of asset objects unloaded after import = 0
========================================================================
Received Import Request.
  Time since last request: 0.002139 seconds.
  path: Assets/Scripts/PlayerBuild.cs
  artifactKey: Guid(b6f2e12b533d8904cb36303221b348ed) Importer(815301076,1909f56bfc062723c751e8b465ee728b)
Start importing Assets/Scripts/PlayerBuild.cs using Guid(b6f2e12b533d8904cb36303221b348ed) Importer(815301076,1909f56bfc062723c751e8b465ee728b)  -> (artifact id: '00000000000000000000000000000000') in 0.000850 seconds
Import Error Code:(4)
Message: Build asset version error: assets/scripts/playerbuild.cs in SourceAssetDB has modification time of '2025-06-09T21:16:08.5077597Z' while content on disk has modification time of '2025-06-09T21:16:14.0244707Z'
  ERROR: Build asset version error: assets/scripts/playerbuild.cs in SourceAssetDB has modification time of '2025-06-09T21:16:08.5077597Z' while content on disk has modification time of '2025-06-09T21:16:14.0244707Z'
Number of updated asset objects reloaded before import = 0
Number of asset objects unloaded after import = 0
========================================================================
Received Import Request.
  Time since last request: 0.008162 seconds.
  path: Assets/Scripts/PlayerBuild.cs
  artifactKey: Guid(b6f2e12b533d8904cb36303221b348ed) Importer(815301076,1909f56bfc062723c751e8b465ee728b)
Start importing Assets/Scripts/PlayerBuild.cs using Guid(b6f2e12b533d8904cb36303221b348ed) Importer(815301076,1909f56bfc062723c751e8b465ee728b)  -> (artifact id: '00000000000000000000000000000000') in 0.001333 seconds
Import Error Code:(4)
Message: Build asset version error: assets/scripts/playerbuild.cs in SourceAssetDB has modification time of '2025-06-09T21:16:08.5077597Z' while content on disk has modification time of '2025-06-09T21:16:14.0244707Z'
  ERROR: Build asset version error: assets/scripts/playerbuild.cs in SourceAssetDB has modification time of '2025-06-09T21:16:08.5077597Z' while content on disk has modification time of '2025-06-09T21:16:14.0244707Z'
Number of updated asset objects reloaded before import = 0
Number of asset objects unloaded after import = 0
========================================================================
Received Import Request.
  Time since last request: 0.007787 seconds.
  path: Assets/Scripts/PlayerBuild.cs
  artifactKey: Guid(b6f2e12b533d8904cb36303221b348ed) Importer(815301076,1909f56bfc062723c751e8b465ee728b)
Start importing Assets/Scripts/PlayerBuild.cs using Guid(b6f2e12b533d8904cb36303221b348ed) Importer(815301076,1909f56bfc062723c751e8b465ee728b)  -> (artifact id: '00000000000000000000000000000000') in 0.001090 seconds
Import Error Code:(4)
Message: Build asset version error: assets/scripts/playerbuild.cs in SourceAssetDB has modification time of '2025-06-09T21:16:08.5077597Z' while content on disk has modification time of '2025-06-09T21:16:14.0244707Z'
  ERROR: Build asset version error: assets/scripts/playerbuild.cs in SourceAssetDB has modification time of '2025-06-09T21:16:08.5077597Z' while content on disk has modification time of '2025-06-09T21:16:14.0244707Z'
Number of updated asset objects reloaded before import = 0
Number of asset objects unloaded after import = 0
========================================================================
Received Import Request.
  Time since last request: 0.025906 seconds.
  path: Assets/Scripts/PlayerBuild.cs
  artifactKey: Guid(b6f2e12b533d8904cb36303221b348ed) Importer(815301076,1909f56bfc062723c751e8b465ee728b)
Start importing Assets/Scripts/PlayerBuild.cs using Guid(b6f2e12b533d8904cb36303221b348ed) Importer(815301076,1909f56bfc062723c751e8b465ee728b)  -> (artifact id: '2522dc18c9c1e192fedf0e37b9aa7aa9') in 0.000957 seconds
Number of updated asset objects reloaded before import = 0
Number of asset objects unloaded after import = 0
========================================================================
Received Import Request.
  Time since last request: 24.161517 seconds.
  path: Assets/Scripts/PlayerBuild.cs
  artifactKey: Guid(b6f2e12b533d8904cb36303221b348ed) Importer(815301076,1909f56bfc062723c751e8b465ee728b)
Start importing Assets/Scripts/PlayerBuild.cs using Guid(b6f2e12b533d8904cb36303221b348ed) Importer(815301076,1909f56bfc062723c751e8b465ee728b)  -> (artifact id: '00000000000000000000000000000000') in 0.000728 seconds
Import Error Code:(4)
Message: Build asset version error: assets/scripts/playerbuild.cs in SourceAssetDB has modification time of '2025-06-09T21:16:50.6256618Z' while content on disk has modification time of '2025-06-09T21:16:50.9704242Z'
  ERROR: Build asset version error: assets/scripts/playerbuild.cs in SourceAssetDB has modification time of '2025-06-09T21:16:50.6256618Z' while content on disk has modification time of '2025-06-09T21:16:50.9704242Z'
Number of updated asset objects reloaded before import = 0
Number of asset objects unloaded after import = 0
========================================================================
Received Import Request.
  Time since last request: 0.531798 seconds.
  path: Assets/Scripts/PlayerBuild.cs
  artifactKey: Guid(b6f2e12b533d8904cb36303221b348ed) Importer(815301076,1909f56bfc062723c751e8b465ee728b)
Start importing Assets/Scripts/PlayerBuild.cs using Guid(b6f2e12b533d8904cb36303221b348ed) Importer(815301076,1909f56bfc062723c751e8b465ee728b)  -> (artifact id: '00000000000000000000000000000000') in 0.000956 seconds
Import Error Code:(4)
Message: Build asset version error: assets/scripts/playerbuild.cs in SourceAssetDB has modification time of '2025-06-09T21:16:50.6256618Z' while content on disk has modification time of '2025-06-09T21:16:50.9704242Z'
  ERROR: Build asset version error: assets/scripts/playerbuild.cs in SourceAssetDB has modification time of '2025-06-09T21:16:50.6256618Z' while content on disk has modification time of '2025-06-09T21:16:50.9704242Z'
Number of updated asset objects reloaded before import = 0
Number of asset objects unloaded after import = 0
========================================================================
Received Import Request.
  Time since last request: 0.034026 seconds.
  path: Assets/Scripts/PlayerBuild.cs
  artifactKey: Guid(b6f2e12b533d8904cb36303221b348ed) Importer(815301076,1909f56bfc062723c751e8b465ee728b)
Start importing Assets/Scripts/PlayerBuild.cs using Guid(b6f2e12b533d8904cb36303221b348ed) Importer(815301076,1909f56bfc062723c751e8b465ee728b)  -> (artifact id: '2950d8685b3b69a495f744a3def90a8c') in 0.000984 seconds
Number of updated asset objects reloaded before import = 0
Number of asset objects unloaded after import = 0
========================================================================
Received Prepare
Begin MonoManager ReloadAssembly
- Loaded All Assemblies, in  1.174 seconds
Refreshing native plugins compatible for Editor in 10.37 ms, found 3 plugins.
Native extension for WindowsStandalone target not found
Native extension for Android target not found
Native extension for WebGL target not found
Mono: successfully reloaded assembly
- Finished resetting the current domain, in  3.691 seconds
Domain Reload Profiling: 4854ms
	BeginReloadAssembly (362ms)
		ExecutionOrderSort (0ms)
		DisableScriptedObjects (11ms)
		BackupInstance (0ms)
		ReleaseScriptingObjects (0ms)
		CreateAndSetChildDomain (67ms)
	RebuildCommonClasses (65ms)
	RebuildNativeTypeToScriptingClass (23ms)
	initialDomainReloadingComplete (62ms)
	LoadAllAssembliesAndSetupDomain (649ms)
		LoadAssemblies (764ms)
		RebuildTransferFunctionScriptingTraits (0ms)
		AnalyzeDomain (100ms)
			TypeCache.Refresh (19ms)
				TypeCache.ScanAssembly (1ms)
			ScanForSourceGeneratedMonoScriptInfo (51ms)
			ResolveRequiredComponents (25ms)
	FinalizeReload (3692ms)
		ReleaseScriptCaches (0ms)
		RebuildScriptCaches (0ms)
		SetupLoadedEditorAssemblies (1396ms)
			LogAssemblyErrors (0ms)
			InitializePlatformSupportModulesInManaged (98ms)
			SetLoadedEditorAssemblies (9ms)
			RefreshPlugins (0ms)
			BeforeProcessingInitializeOnLoad (194ms)
			ProcessInitializeOnLoadAttributes (908ms)
			ProcessInitializeOnLoadMethodAttributes (166ms)
			AfterProcessingInitializeOnLoad (21ms)
			EditorAssembliesLoaded (1ms)
		ExecutionOrderSort2 (0ms)
		AwakeInstancesAfterBackupRestoration (35ms)
Script is not up to date after domain reload: guid(b6f2e12b533d8904cb36303221b348ed) path("Assets/Scripts/PlayerBuild.cs") state(2)
Refreshing native plugins compatible for Editor in 9.99 ms, found 3 plugins.
Preloading 0 native plugins for Editor in 0.00 ms.
Unloading 5913 Unused Serialized files (Serialized files now loaded: 0)
Unloading 46 unused Assets / (434.1 KB). Loaded Objects now: 7443.
Memory consumption went from 302.1 MB to 301.6 MB.
Total: 7.094300 ms (FindLiveObjects: 0.860800 ms CreateObjectMapping: 0.604500 ms MarkObjects: 5.226500 ms  DeleteObjects: 0.400800 ms)

Prepare: number of updated asset objects reloaded= 0
AssetImportParameters requested are different than current active one (requested -> active):
  custom:container-demuxer-ogg: 62fdf1f143b41e24485cea50d1cbac27 -> 
  custom:video-codec-MediaFoundation-h265: 746d11721c4dcdbdad8f713fa42b33f4 -> 
  custom:video-decoder-ogg-theora: a1e56fd34408186e4bbccfd4996cb3dc -> 
  custom:framework-win-MediaFoundation: 216162199b28c13a410421893ffa2e32 -> 
  custom:CustomObjectIndexerAttribute: 72b91833f83ae208fae7752999fa3104 -> 
  custom:container-demuxer-webm: 4f35f7cbe854078d1ac9338744f61a02 -> 
  custom:container-muxer-webm: aa71ff27fc2769a1b78a27578f13a17b -> 
  custom:video-decoder-webm-vp8: 9c59270c3fd7afecdb556c50c9e8de78 -> 
  custom:SearchIndexIgnoredProperties: e643bd26f0fe6173181afceb89e7c659 -> 
  custom:AudioImporter_EditorPlatform: d09bf68614088b80899f8185d706f6e7 -> 
  custom:video-encoder-webm-vp8: eb34c28f22e8b96e1ab97ce403110664 -> 
  custom:audio-decoder-ogg-vorbis: bf7c407c2cedff20999df2af8eb42d56 -> 
  custom:audio-encoder-webm-vorbis: bf7c407c2cedff20999df2af8eb42d56 -> 
========================================================================
Received Import Request.
  Time since last request: 12.785927 seconds.
  path: Assets/Scripts/PlayerBuild.cs
  artifactKey: Guid(b6f2e12b533d8904cb36303221b348ed) Importer(815301076,1909f56bfc062723c751e8b465ee728b)
Start importing Assets/Scripts/PlayerBuild.cs using Guid(b6f2e12b533d8904cb36303221b348ed) Importer(815301076,1909f56bfc062723c751e8b465ee728b)  -> (artifact id: 'a0c61513a6baec8c8ccd59e25a59c750') in 0.005300 seconds
Number of updated asset objects reloaded before import = 0
Number of asset objects unloaded after import = 0
========================================================================
Received Prepare
Begin MonoManager ReloadAssembly
- Loaded All Assemblies, in  1.117 seconds
Refreshing native plugins compatible for Editor in 20.64 ms, found 3 plugins.
Native extension for WindowsStandalone target not found
Native extension for Android target not found
Native extension for WebGL target not found
Mono: successfully reloaded assembly
- Finished resetting the current domain, in  3.084 seconds
Domain Reload Profiling: 4195ms
	BeginReloadAssembly (352ms)
		ExecutionOrderSort (0ms)
		DisableScriptedObjects (26ms)
		BackupInstance (0ms)
		ReleaseScriptingObjects (0ms)
		CreateAndSetChildDomain (61ms)
	RebuildCommonClasses (72ms)
	RebuildNativeTypeToScriptingClass (24ms)
	initialDomainReloadingComplete (65ms)
	LoadAllAssembliesAndSetupDomain (598ms)
		LoadAssemblies (680ms)
		RebuildTransferFunctionScriptingTraits (0ms)
		AnalyzeDomain (107ms)
			TypeCache.Refresh (19ms)
				TypeCache.ScanAssembly (1ms)
			ScanForSourceGeneratedMonoScriptInfo (55ms)
			ResolveRequiredComponents (27ms)
	FinalizeReload (3084ms)
		ReleaseScriptCaches (0ms)
		RebuildScriptCaches (0ms)
		SetupLoadedEditorAssemblies (1213ms)
			LogAssemblyErrors (0ms)
			InitializePlatformSupportModulesInManaged (56ms)
			SetLoadedEditorAssemblies (10ms)
			RefreshPlugins (0ms)
			BeforeProcessingInitializeOnLoad (176ms)
			ProcessInitializeOnLoadAttributes (822ms)
			ProcessInitializeOnLoadMethodAttributes (137ms)
			AfterProcessingInitializeOnLoad (12ms)
			EditorAssembliesLoaded (0ms)
		ExecutionOrderSort2 (0ms)
		AwakeInstancesAfterBackupRestoration (28ms)
Refreshing native plugins compatible for Editor in 9.43 ms, found 3 plugins.
Preloading 0 native plugins for Editor in 0.00 ms.
Unloading 5914 Unused Serialized files (Serialized files now loaded: 0)
Unloading 46 unused Assets / (450.1 KB). Loaded Objects now: 7460.
Memory consumption went from 304.0 MB to 303.6 MB.
Total: 7.124400 ms (FindLiveObjects: 0.933900 ms CreateObjectMapping: 0.638200 ms MarkObjects: 5.200700 ms  DeleteObjects: 0.349700 ms)

Prepare: number of updated asset objects reloaded= 0
AssetImportParameters requested are different than current active one (requested -> active):
  custom:container-demuxer-ogg: 62fdf1f143b41e24485cea50d1cbac27 -> 
  custom:video-codec-MediaFoundation-h265: 746d11721c4dcdbdad8f713fa42b33f4 -> 
  custom:video-decoder-ogg-theora: a1e56fd34408186e4bbccfd4996cb3dc -> 
  custom:framework-win-MediaFoundation: 216162199b28c13a410421893ffa2e32 -> 
  custom:CustomObjectIndexerAttribute: 72b91833f83ae208fae7752999fa3104 -> 
  custom:container-demuxer-webm: 4f35f7cbe854078d1ac9338744f61a02 -> 
  custom:container-muxer-webm: aa71ff27fc2769a1b78a27578f13a17b -> 
  custom:video-decoder-webm-vp8: 9c59270c3fd7afecdb556c50c9e8de78 -> 
  custom:SearchIndexIgnoredProperties: e643bd26f0fe6173181afceb89e7c659 -> 
  custom:AudioImporter_EditorPlatform: d09bf68614088b80899f8185d706f6e7 -> 
  custom:video-encoder-webm-vp8: eb34c28f22e8b96e1ab97ce403110664 -> 
  custom:audio-decoder-ogg-vorbis: bf7c407c2cedff20999df2af8eb42d56 -> 
  custom:audio-encoder-webm-vorbis: bf7c407c2cedff20999df2af8eb42d56 -> 
========================================================================
Received Import Request.
  Time since last request: 64.355227 seconds.
  path: Assets/Scripts/PlayerBuild.cs
  artifactKey: Guid(b6f2e12b533d8904cb36303221b348ed) Importer(815301076,1909f56bfc062723c751e8b465ee728b)
Start importing Assets/Scripts/PlayerBuild.cs using Guid(b6f2e12b533d8904cb36303221b348ed) Importer(815301076,1909f56bfc062723c751e8b465ee728b)  -> (artifact id: '341693201870369eaf9fd831138bde3c') in 0.002413 seconds
Number of updated asset objects reloaded before import = 0
Number of asset objects unloaded after import = 0
========================================================================
Received Prepare
Begin MonoManager ReloadAssembly
- Loaded All Assemblies, in  1.213 seconds
Refreshing native plugins compatible for Editor in 9.11 ms, found 3 plugins.
Native extension for WindowsStandalone target not found
Native extension for Android target not found
Native extension for WebGL target not found
Mono: successfully reloaded assembly
- Finished resetting the current domain, in  3.557 seconds
Domain Reload Profiling: 4764ms
	BeginReloadAssembly (341ms)
		ExecutionOrderSort (0ms)
		DisableScriptedObjects (9ms)
		BackupInstance (0ms)
		ReleaseScriptingObjects (0ms)
		CreateAndSetChildDomain (78ms)
	RebuildCommonClasses (85ms)
	RebuildNativeTypeToScriptingClass (30ms)
	initialDomainReloadingComplete (69ms)
	LoadAllAssembliesAndSetupDomain (682ms)
		LoadAssemblies (762ms)
		RebuildTransferFunctionScriptingTraits (0ms)
		AnalyzeDomain (95ms)
			TypeCache.Refresh (19ms)
				TypeCache.ScanAssembly (1ms)
			ScanForSourceGeneratedMonoScriptInfo (47ms)
			ResolveRequiredComponents (23ms)
	FinalizeReload (3558ms)
		ReleaseScriptCaches (0ms)
		RebuildScriptCaches (0ms)
		SetupLoadedEditorAssemblies (1299ms)
			LogAssemblyErrors (0ms)
			InitializePlatformSupportModulesInManaged (52ms)
			SetLoadedEditorAssemblies (10ms)
			RefreshPlugins (0ms)
			BeforeProcessingInitializeOnLoad (186ms)
			ProcessInitializeOnLoadAttributes (894ms)
			ProcessInitializeOnLoadMethodAttributes (139ms)
			AfterProcessingInitializeOnLoad (16ms)
			EditorAssembliesLoaded (1ms)
		ExecutionOrderSort2 (0ms)
		AwakeInstancesAfterBackupRestoration (36ms)
Script is not up to date after domain reload: guid(071980355a146f1428244ef07a9be196) path("Assets/Player/Scripts/PlayerController.cs") state(2)
Refreshing native plugins compatible for Editor in 10.13 ms, found 3 plugins.
Preloading 0 native plugins for Editor in 0.00 ms.
Unloading 5913 Unused Serialized files (Serialized files now loaded: 0)
Unloading 46 unused Assets / (434.2 KB). Loaded Objects now: 7475.
Memory consumption went from 305.9 MB to 305.4 MB.
Total: 7.351000 ms (FindLiveObjects: 0.889400 ms CreateObjectMapping: 0.509800 ms MarkObjects: 5.563400 ms  DeleteObjects: 0.386700 ms)

Prepare: number of updated asset objects reloaded= 0
AssetImportParameters requested are different than current active one (requested -> active):
  custom:container-demuxer-ogg: 62fdf1f143b41e24485cea50d1cbac27 -> 
  custom:video-codec-MediaFoundation-h265: 746d11721c4dcdbdad8f713fa42b33f4 -> 
  custom:video-decoder-ogg-theora: a1e56fd34408186e4bbccfd4996cb3dc -> 
  custom:framework-win-MediaFoundation: 216162199b28c13a410421893ffa2e32 -> 
  custom:CustomObjectIndexerAttribute: 72b91833f83ae208fae7752999fa3104 -> 
  custom:container-demuxer-webm: 4f35f7cbe854078d1ac9338744f61a02 -> 
  custom:container-muxer-webm: aa71ff27fc2769a1b78a27578f13a17b -> 
  custom:video-decoder-webm-vp8: 9c59270c3fd7afecdb556c50c9e8de78 -> 
  custom:SearchIndexIgnoredProperties: e643bd26f0fe6173181afceb89e7c659 -> 
  custom:AudioImporter_EditorPlatform: d09bf68614088b80899f8185d706f6e7 -> 
  custom:video-encoder-webm-vp8: eb34c28f22e8b96e1ab97ce403110664 -> 
  custom:audio-decoder-ogg-vorbis: bf7c407c2cedff20999df2af8eb42d56 -> 
  custom:audio-encoder-webm-vorbis: bf7c407c2cedff20999df2af8eb42d56 -> 
========================================================================
Received Prepare
Begin MonoManager ReloadAssembly
- Loaded All Assemblies, in  1.194 seconds
Refreshing native plugins compatible for Editor in 13.18 ms, found 3 plugins.
Native extension for WindowsStandalone target not found
Native extension for Android target not found
Native extension for WebGL target not found
Mono: successfully reloaded assembly
- Finished resetting the current domain, in  3.220 seconds
Domain Reload Profiling: 4407ms
	BeginReloadAssembly (372ms)
		ExecutionOrderSort (0ms)
		DisableScriptedObjects (19ms)
		BackupInstance (0ms)
		ReleaseScriptingObjects (0ms)
		CreateAndSetChildDomain (69ms)
	RebuildCommonClasses (64ms)
	RebuildNativeTypeToScriptingClass (28ms)
	initialDomainReloadingComplete (72ms)
	LoadAllAssembliesAndSetupDomain (650ms)
		LoadAssemblies (726ms)
		RebuildTransferFunctionScriptingTraits (0ms)
		AnalyzeDomain (113ms)
			TypeCache.Refresh (19ms)
				TypeCache.ScanAssembly (1ms)
			ScanForSourceGeneratedMonoScriptInfo (61ms)
			ResolveRequiredComponents (26ms)
	FinalizeReload (3221ms)
		ReleaseScriptCaches (0ms)
		RebuildScriptCaches (0ms)
		SetupLoadedEditorAssemblies (1224ms)
			LogAssemblyErrors (0ms)
			InitializePlatformSupportModulesInManaged (54ms)
			SetLoadedEditorAssemblies (9ms)
			RefreshPlugins (0ms)
			BeforeProcessingInitializeOnLoad (175ms)
			ProcessInitializeOnLoadAttributes (817ms)
			ProcessInitializeOnLoadMethodAttributes (152ms)
			AfterProcessingInitializeOnLoad (16ms)
			EditorAssembliesLoaded (1ms)
		ExecutionOrderSort2 (0ms)
		AwakeInstancesAfterBackupRestoration (29ms)
Refreshing native plugins compatible for Editor in 9.25 ms, found 3 plugins.
Preloading 0 native plugins for Editor in 0.00 ms.
Unloading 5914 Unused Serialized files (Serialized files now loaded: 0)
Unloading 46 unused Assets / (458.4 KB). Loaded Objects now: 7492.
Memory consumption went from 307.9 MB to 307.4 MB.
Total: 7.056900 ms (FindLiveObjects: 0.973600 ms CreateObjectMapping: 0.538700 ms MarkObjects: 5.192900 ms  DeleteObjects: 0.349400 ms)

Prepare: number of updated asset objects reloaded= 0
AssetImportParameters requested are different than current active one (requested -> active):
  custom:container-demuxer-ogg: 62fdf1f143b41e24485cea50d1cbac27 -> 
  custom:video-codec-MediaFoundation-h265: 746d11721c4dcdbdad8f713fa42b33f4 -> 
  custom:video-decoder-ogg-theora: a1e56fd34408186e4bbccfd4996cb3dc -> 
  custom:framework-win-MediaFoundation: 216162199b28c13a410421893ffa2e32 -> 
  custom:CustomObjectIndexerAttribute: 72b91833f83ae208fae7752999fa3104 -> 
  custom:container-demuxer-webm: 4f35f7cbe854078d1ac9338744f61a02 -> 
  custom:container-muxer-webm: aa71ff27fc2769a1b78a27578f13a17b -> 
  custom:video-decoder-webm-vp8: 9c59270c3fd7afecdb556c50c9e8de78 -> 
  custom:SearchIndexIgnoredProperties: e643bd26f0fe6173181afceb89e7c659 -> 
  custom:AudioImporter_EditorPlatform: d09bf68614088b80899f8185d706f6e7 -> 
  custom:video-encoder-webm-vp8: eb34c28f22e8b96e1ab97ce403110664 -> 
  custom:audio-decoder-ogg-vorbis: bf7c407c2cedff20999df2af8eb42d56 -> 
  custom:audio-encoder-webm-vorbis: bf7c407c2cedff20999df2af8eb42d56 -> 
========================================================================
Received Import Request.
  Time since last request: 38.181970 seconds.
  path: Assets/Scripts/PlayerBuild.cs
  artifactKey: Guid(b6f2e12b533d8904cb36303221b348ed) Importer(815301076,1909f56bfc062723c751e8b465ee728b)
Start importing Assets/Scripts/PlayerBuild.cs using Guid(b6f2e12b533d8904cb36303221b348ed) Importer(815301076,1909f56bfc062723c751e8b465ee728b)  -> (artifact id: 'e406ef120e3fe5bd616b739972843c64') in 0.003188 seconds
Number of updated asset objects reloaded before import = 0
Number of asset objects unloaded after import = 0
========================================================================
Received Import Request.
  Time since last request: 13.094275 seconds.
  path: Assets/Scripts/PlayerBuild.cs
  artifactKey: Guid(b6f2e12b533d8904cb36303221b348ed) Importer(815301076,1909f56bfc062723c751e8b465ee728b)
Start importing Assets/Scripts/PlayerBuild.cs using Guid(b6f2e12b533d8904cb36303221b348ed) Importer(815301076,1909f56bfc062723c751e8b465ee728b)  -> (artifact id: '040ed1dc035a8d4d1ccdfa44dd8aeb3c') in 0.000891 seconds
Number of updated asset objects reloaded before import = 0
Number of asset objects unloaded after import = 0
========================================================================
Received Prepare
Begin MonoManager ReloadAssembly
- Loaded All Assemblies, in  1.294 seconds
Refreshing native plugins compatible for Editor in 38.14 ms, found 3 plugins.
Native extension for WindowsStandalone target not found
Native extension for Android target not found
Native extension for WebGL target not found
Mono: successfully reloaded assembly
- Finished resetting the current domain, in  3.857 seconds
Domain Reload Profiling: 5146ms
	BeginReloadAssembly (421ms)
		ExecutionOrderSort (0ms)
		DisableScriptedObjects (17ms)
		BackupInstance (0ms)
		ReleaseScriptingObjects (0ms)
		CreateAndSetChildDomain (77ms)
	RebuildCommonClasses (66ms)
	RebuildNativeTypeToScriptingClass (21ms)
	initialDomainReloadingComplete (64ms)
	LoadAllAssembliesAndSetupDomain (714ms)
		LoadAssemblies (741ms)
		RebuildTransferFunctionScriptingTraits (0ms)
		AnalyzeDomain (168ms)
			TypeCache.Refresh (20ms)
				TypeCache.ScanAssembly (1ms)
			ScanForSourceGeneratedMonoScriptInfo (92ms)
			ResolveRequiredComponents (48ms)
	FinalizeReload (3858ms)
		ReleaseScriptCaches (0ms)
		RebuildScriptCaches (0ms)
		SetupLoadedEditorAssemblies (1367ms)
			LogAssemblyErrors (0ms)
			InitializePlatformSupportModulesInManaged (68ms)
			SetLoadedEditorAssemblies (11ms)
			RefreshPlugins (0ms)
			BeforeProcessingInitializeOnLoad (181ms)
			ProcessInitializeOnLoadAttributes (932ms)
			ProcessInitializeOnLoadMethodAttributes (158ms)
			AfterProcessingInitializeOnLoad (18ms)
			EditorAssembliesLoaded (1ms)
		ExecutionOrderSort2 (0ms)
		AwakeInstancesAfterBackupRestoration (31ms)
Refreshing native plugins compatible for Editor in 10.48 ms, found 3 plugins.
Preloading 0 native plugins for Editor in 0.00 ms.
Unloading 5914 Unused Serialized files (Serialized files now loaded: 0)
Unloading 46 unused Assets / (434.3 KB). Loaded Objects now: 7508.
Memory consumption went from 309.8 MB to 309.4 MB.
Total: 6.781000 ms (FindLiveObjects: 0.847400 ms CreateObjectMapping: 0.457400 ms MarkObjects: 5.099100 ms  DeleteObjects: 0.375300 ms)

Prepare: number of updated asset objects reloaded= 0
AssetImportParameters requested are different than current active one (requested -> active):
  custom:container-demuxer-ogg: 62fdf1f143b41e24485cea50d1cbac27 -> 
  custom:video-codec-MediaFoundation-h265: 746d11721c4dcdbdad8f713fa42b33f4 -> 
  custom:video-decoder-ogg-theora: a1e56fd34408186e4bbccfd4996cb3dc -> 
  custom:framework-win-MediaFoundation: 216162199b28c13a410421893ffa2e32 -> 
  custom:CustomObjectIndexerAttribute: 72b91833f83ae208fae7752999fa3104 -> 
  custom:container-demuxer-webm: 4f35f7cbe854078d1ac9338744f61a02 -> 
  custom:container-muxer-webm: aa71ff27fc2769a1b78a27578f13a17b -> 
  custom:video-decoder-webm-vp8: 9c59270c3fd7afecdb556c50c9e8de78 -> 
  custom:SearchIndexIgnoredProperties: e643bd26f0fe6173181afceb89e7c659 -> 
  custom:AudioImporter_EditorPlatform: d09bf68614088b80899f8185d706f6e7 -> 
  custom:video-encoder-webm-vp8: eb34c28f22e8b96e1ab97ce403110664 -> 
  custom:audio-decoder-ogg-vorbis: bf7c407c2cedff20999df2af8eb42d56 -> 
  custom:audio-encoder-webm-vorbis: bf7c407c2cedff20999df2af8eb42d56 -> 
========================================================================
Received Import Request.
  Time since last request: 28.090444 seconds.
  path: Assets/Scripts/PlayerBuild.cs
  artifactKey: Guid(b6f2e12b533d8904cb36303221b348ed) Importer(815301076,1909f56bfc062723c751e8b465ee728b)
Start importing Assets/Scripts/PlayerBuild.cs using Guid(b6f2e12b533d8904cb36303221b348ed) Importer(815301076,1909f56bfc062723c751e8b465ee728b)  -> (artifact id: '61f15cda6d110e00d67ad6d950372ba7') in 0.002935 seconds
Number of updated asset objects reloaded before import = 0
Number of asset objects unloaded after import = 0
========================================================================
Received Prepare
Begin MonoManager ReloadAssembly
- Loaded All Assemblies, in  1.483 seconds
Refreshing native plugins compatible for Editor in 15.30 ms, found 3 plugins.
Native extension for WindowsStandalone target not found
Native extension for Android target not found
Native extension for WebGL target not found
Mono: successfully reloaded assembly
- Finished resetting the current domain, in  3.443 seconds
Domain Reload Profiling: 4918ms
	BeginReloadAssembly (405ms)
		ExecutionOrderSort (0ms)
		DisableScriptedObjects (11ms)
		BackupInstance (0ms)
		ReleaseScriptingObjects (0ms)
		CreateAndSetChildDomain (74ms)
	RebuildCommonClasses (93ms)
	RebuildNativeTypeToScriptingClass (28ms)
	initialDomainReloadingComplete (67ms)
	LoadAllAssembliesAndSetupDomain (880ms)
		LoadAssemblies (956ms)
		RebuildTransferFunctionScriptingTraits (0ms)
		AnalyzeDomain (156ms)
			TypeCache.Refresh (24ms)
				TypeCache.ScanAssembly (1ms)
			ScanForSourceGeneratedMonoScriptInfo (78ms)
			ResolveRequiredComponents (41ms)
	FinalizeReload (3445ms)
		ReleaseScriptCaches (0ms)
		RebuildScriptCaches (0ms)
		SetupLoadedEditorAssemblies (1285ms)
			LogAssemblyErrors (0ms)
			InitializePlatformSupportModulesInManaged (82ms)
			SetLoadedEditorAssemblies (15ms)
			RefreshPlugins (0ms)
			BeforeProcessingInitializeOnLoad (200ms)
			ProcessInitializeOnLoadAttributes (807ms)
			ProcessInitializeOnLoadMethodAttributes (169ms)
			AfterProcessingInitializeOnLoad (12ms)
			EditorAssembliesLoaded (1ms)
		ExecutionOrderSort2 (0ms)
		AwakeInstancesAfterBackupRestoration (39ms)
Script is not up to date after domain reload: guid(071980355a146f1428244ef07a9be196) path("Assets/Player/Scripts/PlayerController.cs") state(2)
Script is not up to date after domain reload: guid(b6f2e12b533d8904cb36303221b348ed) path("Assets/Scripts/PlayerBuild.cs") state(2)
Refreshing native plugins compatible for Editor in 9.14 ms, found 3 plugins.
Preloading 0 native plugins for Editor in 0.00 ms.
Unloading 5912 Unused Serialized files (Serialized files now loaded: 0)
Unloading 46 unused Assets / (450.1 KB). Loaded Objects now: 7522.
Memory consumption went from 311.7 MB to 311.3 MB.
Total: 8.634100 ms (FindLiveObjects: 0.942800 ms CreateObjectMapping: 0.617300 ms MarkObjects: 6.706900 ms  DeleteObjects: 0.365100 ms)

Prepare: number of updated asset objects reloaded= 0
AssetImportParameters requested are different than current active one (requested -> active):
  custom:container-demuxer-ogg: 62fdf1f143b41e24485cea50d1cbac27 -> 
  custom:video-codec-MediaFoundation-h265: 746d11721c4dcdbdad8f713fa42b33f4 -> 
  custom:video-decoder-ogg-theora: a1e56fd34408186e4bbccfd4996cb3dc -> 
  custom:framework-win-MediaFoundation: 216162199b28c13a410421893ffa2e32 -> 
  custom:CustomObjectIndexerAttribute: 72b91833f83ae208fae7752999fa3104 -> 
  custom:container-demuxer-webm: 4f35f7cbe854078d1ac9338744f61a02 -> 
  custom:container-muxer-webm: aa71ff27fc2769a1b78a27578f13a17b -> 
  custom:video-decoder-webm-vp8: 9c59270c3fd7afecdb556c50c9e8de78 -> 
  custom:SearchIndexIgnoredProperties: e643bd26f0fe6173181afceb89e7c659 -> 
  custom:AudioImporter_EditorPlatform: d09bf68614088b80899f8185d706f6e7 -> 
  custom:video-encoder-webm-vp8: eb34c28f22e8b96e1ab97ce403110664 -> 
  custom:audio-decoder-ogg-vorbis: bf7c407c2cedff20999df2af8eb42d56 -> 
  custom:audio-encoder-webm-vorbis: bf7c407c2cedff20999df2af8eb42d56 -> 
========================================================================
Received Prepare
Begin MonoManager ReloadAssembly
- Loaded All Assemblies, in  1.128 seconds
Refreshing native plugins compatible for Editor in 11.02 ms, found 3 plugins.
Native extension for WindowsStandalone target not found
Native extension for Android target not found
Native extension for WebGL target not found
Mono: successfully reloaded assembly
- Finished resetting the current domain, in  2.839 seconds
Domain Reload Profiling: 3959ms
	BeginReloadAssembly (327ms)
		ExecutionOrderSort (0ms)
		DisableScriptedObjects (11ms)
		BackupInstance (0ms)
		ReleaseScriptingObjects (0ms)
		CreateAndSetChildDomain (100ms)
	RebuildCommonClasses (81ms)
	RebuildNativeTypeToScriptingClass (32ms)
	initialDomainReloadingComplete (68ms)
	LoadAllAssembliesAndSetupDomain (611ms)
		LoadAssemblies (639ms)
		RebuildTransferFunctionScriptingTraits (0ms)
		AnalyzeDomain (116ms)
			TypeCache.Refresh (21ms)
				TypeCache.ScanAssembly (1ms)
			ScanForSourceGeneratedMonoScriptInfo (58ms)
			ResolveRequiredComponents (32ms)
	FinalizeReload (2841ms)
		ReleaseScriptCaches (0ms)
		RebuildScriptCaches (0ms)
		SetupLoadedEditorAssemblies (1153ms)
			LogAssemblyErrors (0ms)
			InitializePlatformSupportModulesInManaged (52ms)
			SetLoadedEditorAssemblies (8ms)
			RefreshPlugins (0ms)
			BeforeProcessingInitializeOnLoad (167ms)
			ProcessInitializeOnLoadAttributes (776ms)
			ProcessInitializeOnLoadMethodAttributes (132ms)
			AfterProcessingInitializeOnLoad (17ms)
			EditorAssembliesLoaded (0ms)
		ExecutionOrderSort2 (0ms)
		AwakeInstancesAfterBackupRestoration (30ms)
Refreshing native plugins compatible for Editor in 9.79 ms, found 3 plugins.
Preloading 0 native plugins for Editor in 0.00 ms.
Unloading 5914 Unused Serialized files (Serialized files now loaded: 0)
Unloading 46 unused Assets / (450.3 KB). Loaded Objects now: 7540.
Memory consumption went from 313.7 MB to 313.2 MB.
Total: 7.049700 ms (FindLiveObjects: 0.949100 ms CreateObjectMapping: 0.523800 ms MarkObjects: 5.231000 ms  DeleteObjects: 0.344100 ms)

Prepare: number of updated asset objects reloaded= 0
AssetImportParameters requested are different than current active one (requested -> active):
  custom:container-demuxer-ogg: 62fdf1f143b41e24485cea50d1cbac27 -> 
  custom:video-codec-MediaFoundation-h265: 746d11721c4dcdbdad8f713fa42b33f4 -> 
  custom:video-decoder-ogg-theora: a1e56fd34408186e4bbccfd4996cb3dc -> 
  custom:framework-win-MediaFoundation: 216162199b28c13a410421893ffa2e32 -> 
  custom:CustomObjectIndexerAttribute: 72b91833f83ae208fae7752999fa3104 -> 
  custom:container-demuxer-webm: 4f35f7cbe854078d1ac9338744f61a02 -> 
  custom:container-muxer-webm: aa71ff27fc2769a1b78a27578f13a17b -> 
  custom:video-decoder-webm-vp8: 9c59270c3fd7afecdb556c50c9e8de78 -> 
  custom:SearchIndexIgnoredProperties: e643bd26f0fe6173181afceb89e7c659 -> 
  custom:AudioImporter_EditorPlatform: d09bf68614088b80899f8185d706f6e7 -> 
  custom:video-encoder-webm-vp8: eb34c28f22e8b96e1ab97ce403110664 -> 
  custom:audio-decoder-ogg-vorbis: bf7c407c2cedff20999df2af8eb42d56 -> 
  custom:audio-encoder-webm-vorbis: bf7c407c2cedff20999df2af8eb42d56 -> 
========================================================================
Received Prepare
Begin MonoManager ReloadAssembly
- Loaded All Assemblies, in  1.188 seconds
Refreshing native plugins compatible for Editor in 8.69 ms, found 3 plugins.
Native extension for WindowsStandalone target not found
Native extension for Android target not found
Native extension for WebGL target not found
Mono: successfully reloaded assembly
- Finished resetting the current domain, in  3.458 seconds
Domain Reload Profiling: 4639ms
	BeginReloadAssembly (337ms)
		ExecutionOrderSort (0ms)
		DisableScriptedObjects (13ms)
		BackupInstance (0ms)
		ReleaseScriptingObjects (0ms)
		CreateAndSetChildDomain (64ms)
	RebuildCommonClasses (78ms)
	RebuildNativeTypeToScriptingClass (24ms)
	initialDomainReloadingComplete (64ms)
	LoadAllAssembliesAndSetupDomain (678ms)
		LoadAssemblies (734ms)
		RebuildTransferFunctionScriptingTraits (0ms)
		AnalyzeDomain (116ms)
			TypeCache.Refresh (20ms)
				TypeCache.ScanAssembly (1ms)
			ScanForSourceGeneratedMonoScriptInfo (64ms)
			ResolveRequiredComponents (24ms)
	FinalizeReload (3459ms)
		ReleaseScriptCaches (0ms)
		RebuildScriptCaches (0ms)
		SetupLoadedEditorAssemblies (1257ms)
			LogAssemblyErrors (0ms)
			InitializePlatformSupportModulesInManaged (59ms)
			SetLoadedEditorAssemblies (9ms)
			RefreshPlugins (0ms)
			BeforeProcessingInitializeOnLoad (179ms)
			ProcessInitializeOnLoadAttributes (850ms)
			ProcessInitializeOnLoadMethodAttributes (144ms)
			AfterProcessingInitializeOnLoad (15ms)
			EditorAssembliesLoaded (1ms)
		ExecutionOrderSort2 (0ms)
		AwakeInstancesAfterBackupRestoration (30ms)
Refreshing native plugins compatible for Editor in 10.13 ms, found 3 plugins.
Preloading 0 native plugins for Editor in 0.00 ms.
Unloading 5914 Unused Serialized files (Serialized files now loaded: 0)
Unloading 46 unused Assets / (458.1 KB). Loaded Objects now: 7556.
Memory consumption went from 315.5 MB to 315.1 MB.
Total: 7.253000 ms (FindLiveObjects: 1.107300 ms CreateObjectMapping: 0.536200 ms MarkObjects: 5.216800 ms  DeleteObjects: 0.390600 ms)

Prepare: number of updated asset objects reloaded= 0
AssetImportParameters requested are different than current active one (requested -> active):
  custom:container-demuxer-ogg: 62fdf1f143b41e24485cea50d1cbac27 -> 
  custom:video-codec-MediaFoundation-h265: 746d11721c4dcdbdad8f713fa42b33f4 -> 
  custom:video-decoder-ogg-theora: a1e56fd34408186e4bbccfd4996cb3dc -> 
  custom:framework-win-MediaFoundation: 216162199b28c13a410421893ffa2e32 -> 
  custom:CustomObjectIndexerAttribute: 72b91833f83ae208fae7752999fa3104 -> 
  custom:container-demuxer-webm: 4f35f7cbe854078d1ac9338744f61a02 -> 
  custom:container-muxer-webm: aa71ff27fc2769a1b78a27578f13a17b -> 
  custom:video-decoder-webm-vp8: 9c59270c3fd7afecdb556c50c9e8de78 -> 
  custom:SearchIndexIgnoredProperties: e643bd26f0fe6173181afceb89e7c659 -> 
  custom:AudioImporter_EditorPlatform: d09bf68614088b80899f8185d706f6e7 -> 
  custom:video-encoder-webm-vp8: eb34c28f22e8b96e1ab97ce403110664 -> 
  custom:audio-decoder-ogg-vorbis: bf7c407c2cedff20999df2af8eb42d56 -> 
  custom:audio-encoder-webm-vorbis: bf7c407c2cedff20999df2af8eb42d56 -> 
========================================================================
Received Import Request.
  Time since last request: 128.467280 seconds.
  path: Assets/Scripts/PlayerBuild.cs
  artifactKey: Guid(b6f2e12b533d8904cb36303221b348ed) Importer(815301076,1909f56bfc062723c751e8b465ee728b)
Start importing Assets/Scripts/PlayerBuild.cs using Guid(b6f2e12b533d8904cb36303221b348ed) Importer(815301076,1909f56bfc062723c751e8b465ee728b)  -> (artifact id: '0efb662b7213020e81cd8e5ecebb4136') in 0.003067 seconds
Number of updated asset objects reloaded before import = 0
Number of asset objects unloaded after import = 0
========================================================================
Received Prepare
Begin MonoManager ReloadAssembly
- Loaded All Assemblies, in  1.075 seconds
Refreshing native plugins compatible for Editor in 9.41 ms, found 3 plugins.
Native extension for WindowsStandalone target not found
Native extension for Android target not found
Native extension for WebGL target not found
Mono: successfully reloaded assembly
- Finished resetting the current domain, in  3.367 seconds
Domain Reload Profiling: 4434ms
	BeginReloadAssembly (310ms)
		ExecutionOrderSort (0ms)
		DisableScriptedObjects (9ms)
		BackupInstance (0ms)
		ReleaseScriptingObjects (0ms)
		CreateAndSetChildDomain (64ms)
	RebuildCommonClasses (73ms)
	RebuildNativeTypeToScriptingClass (27ms)
	initialDomainReloadingComplete (70ms)
	LoadAllAssembliesAndSetupDomain (586ms)
		LoadAssemblies (649ms)
		RebuildTransferFunctionScriptingTraits (0ms)
		AnalyzeDomain (105ms)
			TypeCache.Refresh (21ms)
				TypeCache.ScanAssembly (1ms)
			ScanForSourceGeneratedMonoScriptInfo (54ms)
			ResolveRequiredComponents (24ms)
	FinalizeReload (3368ms)
		ReleaseScriptCaches (0ms)
		RebuildScriptCaches (0ms)
		SetupLoadedEditorAssemblies (1461ms)
			LogAssemblyErrors (0ms)
			InitializePlatformSupportModulesInManaged (75ms)
			SetLoadedEditorAssemblies (14ms)
			RefreshPlugins (0ms)
			BeforeProcessingInitializeOnLoad (216ms)
			ProcessInitializeOnLoadAttributes (999ms)
			ProcessInitializeOnLoadMethodAttributes (143ms)
			AfterProcessingInitializeOnLoad (14ms)
			EditorAssembliesLoaded (0ms)
		ExecutionOrderSort2 (0ms)
		AwakeInstancesAfterBackupRestoration (28ms)
Refreshing native plugins compatible for Editor in 9.88 ms, found 3 plugins.
Preloading 0 native plugins for Editor in 0.00 ms.
Unloading 5914 Unused Serialized files (Serialized files now loaded: 0)
Unloading 46 unused Assets / (434.2 KB). Loaded Objects now: 7572.
Memory consumption went from 317.5 MB to 317.1 MB.
Total: 6.863000 ms (FindLiveObjects: 0.880100 ms CreateObjectMapping: 0.561400 ms MarkObjects: 5.099600 ms  DeleteObjects: 0.319500 ms)

Prepare: number of updated asset objects reloaded= 0
AssetImportParameters requested are different than current active one (requested -> active):
  custom:container-demuxer-ogg: 62fdf1f143b41e24485cea50d1cbac27 -> 
  custom:video-codec-MediaFoundation-h265: 746d11721c4dcdbdad8f713fa42b33f4 -> 
  custom:video-decoder-ogg-theora: a1e56fd34408186e4bbccfd4996cb3dc -> 
  custom:framework-win-MediaFoundation: 216162199b28c13a410421893ffa2e32 -> 
  custom:CustomObjectIndexerAttribute: 72b91833f83ae208fae7752999fa3104 -> 
  custom:container-demuxer-webm: 4f35f7cbe854078d1ac9338744f61a02 -> 
  custom:container-muxer-webm: aa71ff27fc2769a1b78a27578f13a17b -> 
  custom:video-decoder-webm-vp8: 9c59270c3fd7afecdb556c50c9e8de78 -> 
  custom:SearchIndexIgnoredProperties: e643bd26f0fe6173181afceb89e7c659 -> 
  custom:AudioImporter_EditorPlatform: d09bf68614088b80899f8185d706f6e7 -> 
  custom:video-encoder-webm-vp8: eb34c28f22e8b96e1ab97ce403110664 -> 
  custom:audio-decoder-ogg-vorbis: bf7c407c2cedff20999df2af8eb42d56 -> 
  custom:audio-encoder-webm-vorbis: bf7c407c2cedff20999df2af8eb42d56 -> 
========================================================================
Received Import Request.
  Time since last request: 24.558290 seconds.
  path: Assets/Scripts/PlayerBuild.cs
  artifactKey: Guid(b6f2e12b533d8904cb36303221b348ed) Importer(815301076,1909f56bfc062723c751e8b465ee728b)
Start importing Assets/Scripts/PlayerBuild.cs using Guid(b6f2e12b533d8904cb36303221b348ed) Importer(815301076,1909f56bfc062723c751e8b465ee728b)  -> (artifact id: '069ab844a245b553dec909aebae01e7f') in 0.003557 seconds
Number of updated asset objects reloaded before import = 0
Number of asset objects unloaded after import = 0
========================================================================
Received Prepare
Begin MonoManager ReloadAssembly
- Loaded All Assemblies, in  1.137 seconds
Refreshing native plugins compatible for Editor in 10.17 ms, found 3 plugins.
Native extension for WindowsStandalone target not found
Native extension for Android target not found
Native extension for WebGL target not found
Mono: successfully reloaded assembly
- Finished resetting the current domain, in  2.929 seconds
Domain Reload Profiling: 4057ms
	BeginReloadAssembly (327ms)
		ExecutionOrderSort (0ms)
		DisableScriptedObjects (13ms)
		BackupInstance (0ms)
		ReleaseScriptingObjects (0ms)
		CreateAndSetChildDomain (60ms)
	RebuildCommonClasses (68ms)
	RebuildNativeTypeToScriptingClass (32ms)
	initialDomainReloadingComplete (70ms)
	LoadAllAssembliesAndSetupDomain (631ms)
		LoadAssemblies (707ms)
		RebuildTransferFunctionScriptingTraits (0ms)
		AnalyzeDomain (96ms)
			TypeCache.Refresh (19ms)
				TypeCache.ScanAssembly (1ms)
			ScanForSourceGeneratedMonoScriptInfo (47ms)
			ResolveRequiredComponents (23ms)
	FinalizeReload (2930ms)
		ReleaseScriptCaches (0ms)
		RebuildScriptCaches (0ms)
		SetupLoadedEditorAssemblies (1192ms)
			LogAssemblyErrors (0ms)
			InitializePlatformSupportModulesInManaged (53ms)
			SetLoadedEditorAssemblies (9ms)
			RefreshPlugins (0ms)
			BeforeProcessingInitializeOnLoad (192ms)
			ProcessInitializeOnLoadAttributes (798ms)
			ProcessInitializeOnLoadMethodAttributes (128ms)
			AfterProcessingInitializeOnLoad (12ms)
			EditorAssembliesLoaded (0ms)
		ExecutionOrderSort2 (0ms)
		AwakeInstancesAfterBackupRestoration (27ms)
Refreshing native plugins compatible for Editor in 9.95 ms, found 3 plugins.
Preloading 0 native plugins for Editor in 0.00 ms.
Unloading 5914 Unused Serialized files (Serialized files now loaded: 0)
Unloading 46 unused Assets / (458.5 KB). Loaded Objects now: 7588.
Memory consumption went from 319.5 MB to 319.0 MB.
Total: 7.374000 ms (FindLiveObjects: 0.917000 ms CreateObjectMapping: 0.577000 ms MarkObjects: 5.450500 ms  DeleteObjects: 0.427500 ms)

Prepare: number of updated asset objects reloaded= 0
AssetImportParameters requested are different than current active one (requested -> active):
  custom:container-demuxer-ogg: 62fdf1f143b41e24485cea50d1cbac27 -> 
  custom:video-codec-MediaFoundation-h265: 746d11721c4dcdbdad8f713fa42b33f4 -> 
  custom:video-decoder-ogg-theora: a1e56fd34408186e4bbccfd4996cb3dc -> 
  custom:framework-win-MediaFoundation: 216162199b28c13a410421893ffa2e32 -> 
  custom:CustomObjectIndexerAttribute: 72b91833f83ae208fae7752999fa3104 -> 
  custom:container-demuxer-webm: 4f35f7cbe854078d1ac9338744f61a02 -> 
  custom:container-muxer-webm: aa71ff27fc2769a1b78a27578f13a17b -> 
  custom:video-decoder-webm-vp8: 9c59270c3fd7afecdb556c50c9e8de78 -> 
  custom:SearchIndexIgnoredProperties: e643bd26f0fe6173181afceb89e7c659 -> 
  custom:AudioImporter_EditorPlatform: d09bf68614088b80899f8185d706f6e7 -> 
  custom:video-encoder-webm-vp8: eb34c28f22e8b96e1ab97ce403110664 -> 
  custom:audio-decoder-ogg-vorbis: bf7c407c2cedff20999df2af8eb42d56 -> 
  custom:audio-encoder-webm-vorbis: bf7c407c2cedff20999df2af8eb42d56 -> 
========================================================================
Received Prepare
Begin MonoManager ReloadAssembly
- Loaded All Assemblies, in  0.606 seconds
Refreshing native plugins compatible for Editor in 5.02 ms, found 3 plugins.
Native extension for WindowsStandalone target not found
Native extension for Android target not found
Native extension for WebGL target not found
Mono: successfully reloaded assembly
- Finished resetting the current domain, in  1.680 seconds
Domain Reload Profiling: 2283ms
	BeginReloadAssembly (200ms)
		ExecutionOrderSort (0ms)
		DisableScriptedObjects (5ms)
		BackupInstance (0ms)
		ReleaseScriptingObjects (0ms)
		CreateAndSetChildDomain (46ms)
	RebuildCommonClasses (41ms)
	RebuildNativeTypeToScriptingClass (15ms)
	initialDomainReloadingComplete (40ms)
	LoadAllAssembliesAndSetupDomain (307ms)
		LoadAssemblies (380ms)
		RebuildTransferFunctionScriptingTraits (0ms)
		AnalyzeDomain (31ms)
			TypeCache.Refresh (9ms)
				TypeCache.ScanAssembly (0ms)
			ScanForSourceGeneratedMonoScriptInfo (0ms)
			ResolveRequiredComponents (16ms)
	FinalizeReload (1680ms)
		ReleaseScriptCaches (0ms)
		RebuildScriptCaches (0ms)
		SetupLoadedEditorAssemblies (829ms)
			LogAssemblyErrors (0ms)
			InitializePlatformSupportModulesInManaged (35ms)
			SetLoadedEditorAssemblies (6ms)
			RefreshPlugins (0ms)
			BeforeProcessingInitializeOnLoad (114ms)
			ProcessInitializeOnLoadAttributes (576ms)
			ProcessInitializeOnLoadMethodAttributes (92ms)
			AfterProcessingInitializeOnLoad (6ms)
			EditorAssembliesLoaded (0ms)
		ExecutionOrderSort2 (0ms)
		AwakeInstancesAfterBackupRestoration (17ms)
Refreshing native plugins compatible for Editor in 7.56 ms, found 3 plugins.
Preloading 0 native plugins for Editor in 0.00 ms.
Unloading 5914 Unused Serialized files (Serialized files now loaded: 0)
Unloading 46 unused Assets / (450.1 KB). Loaded Objects now: 7604.
Memory consumption went from 321.4 MB to 320.9 MB.
Total: 6.827400 ms (FindLiveObjects: 0.726300 ms CreateObjectMapping: 0.559100 ms MarkObjects: 5.153900 ms  DeleteObjects: 0.386200 ms)

Prepare: number of updated asset objects reloaded= 0
AssetImportParameters requested are different than current active one (requested -> active):
  custom:container-demuxer-ogg: 62fdf1f143b41e24485cea50d1cbac27 -> 
  custom:video-codec-MediaFoundation-h265: 746d11721c4dcdbdad8f713fa42b33f4 -> 
  custom:video-decoder-ogg-theora: a1e56fd34408186e4bbccfd4996cb3dc -> 
  custom:framework-win-MediaFoundation: 216162199b28c13a410421893ffa2e32 -> 
  custom:CustomObjectIndexerAttribute: 72b91833f83ae208fae7752999fa3104 -> 
  custom:container-demuxer-webm: 4f35f7cbe854078d1ac9338744f61a02 -> 
  custom:container-muxer-webm: aa71ff27fc2769a1b78a27578f13a17b -> 
  custom:video-decoder-webm-vp8: 9c59270c3fd7afecdb556c50c9e8de78 -> 
  custom:SearchIndexIgnoredProperties: e643bd26f0fe6173181afceb89e7c659 -> 
  custom:AudioImporter_EditorPlatform: d09bf68614088b80899f8185d706f6e7 -> 
  custom:video-encoder-webm-vp8: eb34c28f22e8b96e1ab97ce403110664 -> 
  custom:audio-decoder-ogg-vorbis: bf7c407c2cedff20999df2af8eb42d56 -> 
  custom:audio-encoder-webm-vorbis: bf7c407c2cedff20999df2af8eb42d56 -> 
========================================================================
Received Prepare
Begin MonoManager ReloadAssembly
- Loaded All Assemblies, in  0.601 seconds
Refreshing native plugins compatible for Editor in 5.11 ms, found 3 plugins.
Native extension for WindowsStandalone target not found
Native extension for Android target not found
Native extension for WebGL target not found
Mono: successfully reloaded assembly
- Finished resetting the current domain, in  1.662 seconds
Domain Reload Profiling: 2259ms
	BeginReloadAssembly (190ms)
		ExecutionOrderSort (0ms)
		DisableScriptedObjects (5ms)
		BackupInstance (0ms)
		ReleaseScriptingObjects (0ms)
		CreateAndSetChildDomain (44ms)
	RebuildCommonClasses (43ms)
	RebuildNativeTypeToScriptingClass (15ms)
	initialDomainReloadingComplete (35ms)
	LoadAllAssembliesAndSetupDomain (314ms)
		LoadAssemblies (380ms)
		RebuildTransferFunctionScriptingTraits (0ms)
		AnalyzeDomain (31ms)
			TypeCache.Refresh (9ms)
				TypeCache.ScanAssembly (0ms)
			ScanForSourceGeneratedMonoScriptInfo (0ms)
			ResolveRequiredComponents (16ms)
	FinalizeReload (1662ms)
		ReleaseScriptCaches (0ms)
		RebuildScriptCaches (0ms)
		SetupLoadedEditorAssemblies (795ms)
			LogAssemblyErrors (0ms)
			InitializePlatformSupportModulesInManaged (37ms)
			SetLoadedEditorAssemblies (6ms)
			RefreshPlugins (0ms)
			BeforeProcessingInitializeOnLoad (112ms)
			ProcessInitializeOnLoadAttributes (532ms)
			ProcessInitializeOnLoadMethodAttributes (99ms)
			AfterProcessingInitializeOnLoad (8ms)
			EditorAssembliesLoaded (1ms)
		ExecutionOrderSort2 (0ms)
		AwakeInstancesAfterBackupRestoration (20ms)
Refreshing native plugins compatible for Editor in 8.89 ms, found 3 plugins.
Preloading 0 native plugins for Editor in 0.00 ms.
Unloading 5914 Unused Serialized files (Serialized files now loaded: 0)
Unloading 46 unused Assets / (434.1 KB). Loaded Objects now: 7620.
Memory consumption went from 323.3 MB to 322.9 MB.
Total: 7.061700 ms (FindLiveObjects: 0.748200 ms CreateObjectMapping: 0.466100 ms MarkObjects: 5.453000 ms  DeleteObjects: 0.392600 ms)

Prepare: number of updated asset objects reloaded= 0
AssetImportParameters requested are different than current active one (requested -> active):
  custom:container-demuxer-ogg: 62fdf1f143b41e24485cea50d1cbac27 -> 
  custom:video-codec-MediaFoundation-h265: 746d11721c4dcdbdad8f713fa42b33f4 -> 
  custom:video-decoder-ogg-theora: a1e56fd34408186e4bbccfd4996cb3dc -> 
  custom:framework-win-MediaFoundation: 216162199b28c13a410421893ffa2e32 -> 
  custom:CustomObjectIndexerAttribute: 72b91833f83ae208fae7752999fa3104 -> 
  custom:container-demuxer-webm: 4f35f7cbe854078d1ac9338744f61a02 -> 
  custom:container-muxer-webm: aa71ff27fc2769a1b78a27578f13a17b -> 
  custom:video-decoder-webm-vp8: 9c59270c3fd7afecdb556c50c9e8de78 -> 
  custom:SearchIndexIgnoredProperties: e643bd26f0fe6173181afceb89e7c659 -> 
  custom:AudioImporter_EditorPlatform: d09bf68614088b80899f8185d706f6e7 -> 
  custom:video-encoder-webm-vp8: eb34c28f22e8b96e1ab97ce403110664 -> 
  custom:audio-decoder-ogg-vorbis: bf7c407c2cedff20999df2af8eb42d56 -> 
  custom:audio-encoder-webm-vorbis: bf7c407c2cedff20999df2af8eb42d56 -> 
========================================================================
Received Prepare
Begin MonoManager ReloadAssembly
- Loaded All Assemblies, in  0.608 seconds
Refreshing native plugins compatible for Editor in 4.73 ms, found 3 plugins.
Native extension for WindowsStandalone target not found
Native extension for Android target not found
Native extension for WebGL target not found
Mono: successfully reloaded assembly
- Finished resetting the current domain, in  1.626 seconds
Domain Reload Profiling: 2231ms
	BeginReloadAssembly (192ms)
		ExecutionOrderSort (0ms)
		DisableScriptedObjects (6ms)
		BackupInstance (0ms)
		ReleaseScriptingObjects (0ms)
		CreateAndSetChildDomain (44ms)
	RebuildCommonClasses (44ms)
	RebuildNativeTypeToScriptingClass (13ms)
	initialDomainReloadingComplete (36ms)
	LoadAllAssembliesAndSetupDomain (319ms)
		LoadAssemblies (384ms)
		RebuildTransferFunctionScriptingTraits (0ms)
		AnalyzeDomain (31ms)
			TypeCache.Refresh (10ms)
				TypeCache.ScanAssembly (0ms)
			ScanForSourceGeneratedMonoScriptInfo (0ms)
			ResolveRequiredComponents (18ms)
	FinalizeReload (1627ms)
		ReleaseScriptCaches (0ms)
		RebuildScriptCaches (0ms)
		SetupLoadedEditorAssemblies (794ms)
			LogAssemblyErrors (0ms)
			InitializePlatformSupportModulesInManaged (36ms)
			SetLoadedEditorAssemblies (6ms)
			RefreshPlugins (0ms)
			BeforeProcessingInitializeOnLoad (116ms)
			ProcessInitializeOnLoadAttributes (524ms)
			ProcessInitializeOnLoadMethodAttributes (104ms)
			AfterProcessingInitializeOnLoad (7ms)
			EditorAssembliesLoaded (0ms)
		ExecutionOrderSort2 (0ms)
		AwakeInstancesAfterBackupRestoration (21ms)
Refreshing native plugins compatible for Editor in 8.38 ms, found 3 plugins.
Preloading 0 native plugins for Editor in 0.00 ms.
Unloading 5914 Unused Serialized files (Serialized files now loaded: 0)
Unloading 46 unused Assets / (434.2 KB). Loaded Objects now: 7636.
Memory consumption went from 325.2 MB to 324.7 MB.
Total: 6.800200 ms (FindLiveObjects: 0.777200 ms CreateObjectMapping: 0.553700 ms MarkObjects: 5.100900 ms  DeleteObjects: 0.366700 ms)

Prepare: number of updated asset objects reloaded= 0
AssetImportParameters requested are different than current active one (requested -> active):
  custom:container-demuxer-ogg: 62fdf1f143b41e24485cea50d1cbac27 -> 
  custom:video-codec-MediaFoundation-h265: 746d11721c4dcdbdad8f713fa42b33f4 -> 
  custom:video-decoder-ogg-theora: a1e56fd34408186e4bbccfd4996cb3dc -> 
  custom:framework-win-MediaFoundation: 216162199b28c13a410421893ffa2e32 -> 
  custom:CustomObjectIndexerAttribute: 72b91833f83ae208fae7752999fa3104 -> 
  custom:container-demuxer-webm: 4f35f7cbe854078d1ac9338744f61a02 -> 
  custom:container-muxer-webm: aa71ff27fc2769a1b78a27578f13a17b -> 
  custom:video-decoder-webm-vp8: 9c59270c3fd7afecdb556c50c9e8de78 -> 
  custom:SearchIndexIgnoredProperties: e643bd26f0fe6173181afceb89e7c659 -> 
  custom:AudioImporter_EditorPlatform: d09bf68614088b80899f8185d706f6e7 -> 
  custom:video-encoder-webm-vp8: eb34c28f22e8b96e1ab97ce403110664 -> 
  custom:audio-decoder-ogg-vorbis: bf7c407c2cedff20999df2af8eb42d56 -> 
  custom:audio-encoder-webm-vorbis: bf7c407c2cedff20999df2af8eb42d56 -> 
========================================================================
Received Prepare
Begin MonoManager ReloadAssembly
- Loaded All Assemblies, in  1.053 seconds
Refreshing native plugins compatible for Editor in 13.32 ms, found 3 plugins.
Native extension for WindowsStandalone target not found
Native extension for Android target not found
Native extension for WebGL target not found
Mono: successfully reloaded assembly
- Finished resetting the current domain, in  3.152 seconds
Domain Reload Profiling: 4199ms
	BeginReloadAssembly (322ms)
		ExecutionOrderSort (0ms)
		DisableScriptedObjects (9ms)
		BackupInstance (0ms)
		ReleaseScriptingObjects (0ms)
		CreateAndSetChildDomain (86ms)
	RebuildCommonClasses (61ms)
	RebuildNativeTypeToScriptingClass (21ms)
	initialDomainReloadingComplete (57ms)
	LoadAllAssembliesAndSetupDomain (586ms)
		LoadAssemblies (615ms)
		RebuildTransferFunctionScriptingTraits (0ms)
		AnalyzeDomain (117ms)
			TypeCache.Refresh (19ms)
				TypeCache.ScanAssembly (1ms)
			ScanForSourceGeneratedMonoScriptInfo (53ms)
			ResolveRequiredComponents (35ms)
	FinalizeReload (3153ms)
		ReleaseScriptCaches (0ms)
		RebuildScriptCaches (0ms)
		SetupLoadedEditorAssemblies (1216ms)
			LogAssemblyErrors (0ms)
			InitializePlatformSupportModulesInManaged (53ms)
			SetLoadedEditorAssemblies (9ms)
			RefreshPlugins (0ms)
			BeforeProcessingInitializeOnLoad (177ms)
			ProcessInitializeOnLoadAttributes (819ms)
			ProcessInitializeOnLoadMethodAttributes (140ms)
			AfterProcessingInitializeOnLoad (19ms)
			EditorAssembliesLoaded (1ms)
		ExecutionOrderSort2 (0ms)
		AwakeInstancesAfterBackupRestoration (44ms)
Script is not up to date after domain reload: guid(b6f2e12b533d8904cb36303221b348ed) path("Assets/Scripts/PlayerBuild.cs") state(2)
Refreshing native plugins compatible for Editor in 11.63 ms, found 3 plugins.
Preloading 0 native plugins for Editor in 0.00 ms.
Unloading 5913 Unused Serialized files (Serialized files now loaded: 0)
Unloading 46 unused Assets / (458.2 KB). Loaded Objects now: 7651.
Memory consumption went from 327.2 MB to 326.7 MB.
Total: 8.160300 ms (FindLiveObjects: 0.830500 ms CreateObjectMapping: 0.522800 ms MarkObjects: 6.459300 ms  DeleteObjects: 0.346100 ms)

Prepare: number of updated asset objects reloaded= 0
AssetImportParameters requested are different than current active one (requested -> active):
  custom:container-demuxer-ogg: 62fdf1f143b41e24485cea50d1cbac27 -> 
  custom:video-codec-MediaFoundation-h265: 746d11721c4dcdbdad8f713fa42b33f4 -> 
  custom:video-decoder-ogg-theora: a1e56fd34408186e4bbccfd4996cb3dc -> 
  custom:framework-win-MediaFoundation: 216162199b28c13a410421893ffa2e32 -> 
  custom:CustomObjectIndexerAttribute: 72b91833f83ae208fae7752999fa3104 -> 
  custom:container-demuxer-webm: 4f35f7cbe854078d1ac9338744f61a02 -> 
  custom:container-muxer-webm: aa71ff27fc2769a1b78a27578f13a17b -> 
  custom:video-decoder-webm-vp8: 9c59270c3fd7afecdb556c50c9e8de78 -> 
  custom:SearchIndexIgnoredProperties: e643bd26f0fe6173181afceb89e7c659 -> 
  custom:AudioImporter_EditorPlatform: d09bf68614088b80899f8185d706f6e7 -> 
  custom:video-encoder-webm-vp8: eb34c28f22e8b96e1ab97ce403110664 -> 
  custom:audio-decoder-ogg-vorbis: bf7c407c2cedff20999df2af8eb42d56 -> 
  custom:audio-encoder-webm-vorbis: bf7c407c2cedff20999df2af8eb42d56 -> 
========================================================================
Received Prepare
Begin MonoManager ReloadAssembly
- Loaded All Assemblies, in  1.102 seconds
Refreshing native plugins compatible for Editor in 9.82 ms, found 3 plugins.
Native extension for WindowsStandalone target not found
Native extension for Android target not found
Native extension for WebGL target not found
Mono: successfully reloaded assembly
- Finished resetting the current domain, in  3.314 seconds
Domain Reload Profiling: 4408ms
	BeginReloadAssembly (291ms)
		ExecutionOrderSort (0ms)
		DisableScriptedObjects (9ms)
		BackupInstance (0ms)
		ReleaseScriptingObjects (0ms)
		CreateAndSetChildDomain (67ms)
	RebuildCommonClasses (72ms)
	RebuildNativeTypeToScriptingClass (25ms)
	initialDomainReloadingComplete (73ms)
	LoadAllAssembliesAndSetupDomain (632ms)
		LoadAssemblies (685ms)
		RebuildTransferFunctionScriptingTraits (0ms)
		AnalyzeDomain (95ms)
			TypeCache.Refresh (19ms)
				TypeCache.ScanAssembly (1ms)
			ScanForSourceGeneratedMonoScriptInfo (47ms)
			ResolveRequiredComponents (23ms)
	FinalizeReload (3314ms)
		ReleaseScriptCaches (0ms)
		RebuildScriptCaches (0ms)
		SetupLoadedEditorAssemblies (1270ms)
			LogAssemblyErrors (0ms)
			InitializePlatformSupportModulesInManaged (53ms)
			SetLoadedEditorAssemblies (9ms)
			RefreshPlugins (0ms)
			BeforeProcessingInitializeOnLoad (189ms)
			ProcessInitializeOnLoadAttributes (872ms)
			ProcessInitializeOnLoadMethodAttributes (135ms)
			AfterProcessingInitializeOnLoad (12ms)
			EditorAssembliesLoaded (0ms)
		ExecutionOrderSort2 (0ms)
		AwakeInstancesAfterBackupRestoration (31ms)
Refreshing native plugins compatible for Editor in 8.82 ms, found 3 plugins.
Preloading 0 native plugins for Editor in 0.00 ms.
Unloading 5914 Unused Serialized files (Serialized files now loaded: 0)
Unloading 46 unused Assets / (450.1 KB). Loaded Objects now: 7668.
Memory consumption went from 329.1 MB to 328.7 MB.
Total: 6.989700 ms (FindLiveObjects: 0.970400 ms CreateObjectMapping: 0.551800 ms MarkObjects: 5.105100 ms  DeleteObjects: 0.360700 ms)

Prepare: number of updated asset objects reloaded= 0
AssetImportParameters requested are different than current active one (requested -> active):
  custom:container-demuxer-ogg: 62fdf1f143b41e24485cea50d1cbac27 -> 
  custom:video-codec-MediaFoundation-h265: 746d11721c4dcdbdad8f713fa42b33f4 -> 
  custom:video-decoder-ogg-theora: a1e56fd34408186e4bbccfd4996cb3dc -> 
  custom:framework-win-MediaFoundation: 216162199b28c13a410421893ffa2e32 -> 
  custom:CustomObjectIndexerAttribute: 72b91833f83ae208fae7752999fa3104 -> 
  custom:container-demuxer-webm: 4f35f7cbe854078d1ac9338744f61a02 -> 
  custom:container-muxer-webm: aa71ff27fc2769a1b78a27578f13a17b -> 
  custom:video-decoder-webm-vp8: 9c59270c3fd7afecdb556c50c9e8de78 -> 
  custom:SearchIndexIgnoredProperties: e643bd26f0fe6173181afceb89e7c659 -> 
  custom:AudioImporter_EditorPlatform: d09bf68614088b80899f8185d706f6e7 -> 
  custom:video-encoder-webm-vp8: eb34c28f22e8b96e1ab97ce403110664 -> 
  custom:audio-decoder-ogg-vorbis: bf7c407c2cedff20999df2af8eb42d56 -> 
  custom:audio-encoder-webm-vorbis: bf7c407c2cedff20999df2af8eb42d56 -> 
========================================================================
Received Prepare
Begin MonoManager ReloadAssembly
- Loaded All Assemblies, in  0.639 seconds
Refreshing native plugins compatible for Editor in 5.24 ms, found 3 plugins.
Native extension for WindowsStandalone target not found
Native extension for Android target not found
Native extension for WebGL target not found
Mono: successfully reloaded assembly
- Finished resetting the current domain, in  1.603 seconds
Domain Reload Profiling: 2239ms
	BeginReloadAssembly (192ms)
		ExecutionOrderSort (0ms)
		DisableScriptedObjects (5ms)
		BackupInstance (0ms)
		ReleaseScriptingObjects (0ms)
		CreateAndSetChildDomain (43ms)
	RebuildCommonClasses (40ms)
	RebuildNativeTypeToScriptingClass (13ms)
	initialDomainReloadingComplete (36ms)
	LoadAllAssembliesAndSetupDomain (355ms)
		LoadAssemblies (383ms)
		RebuildTransferFunctionScriptingTraits (0ms)
		AnalyzeDomain (68ms)
			TypeCache.Refresh (15ms)
				TypeCache.ScanAssembly (1ms)
			ScanForSourceGeneratedMonoScriptInfo (32ms)
			ResolveRequiredComponents (15ms)
	FinalizeReload (1603ms)
		ReleaseScriptCaches (0ms)
		RebuildScriptCaches (0ms)
		SetupLoadedEditorAssemblies (783ms)
			LogAssemblyErrors (0ms)
			InitializePlatformSupportModulesInManaged (38ms)
			SetLoadedEditorAssemblies (6ms)
			RefreshPlugins (0ms)
			BeforeProcessingInitializeOnLoad (122ms)
			ProcessInitializeOnLoadAttributes (522ms)
			ProcessInitializeOnLoadMethodAttributes (88ms)
			AfterProcessingInitializeOnLoad (7ms)
			EditorAssembliesLoaded (0ms)
		ExecutionOrderSort2 (0ms)
		AwakeInstancesAfterBackupRestoration (16ms)
Refreshing native plugins compatible for Editor in 7.98 ms, found 3 plugins.
Preloading 0 native plugins for Editor in 0.00 ms.
Unloading 5914 Unused Serialized files (Serialized files now loaded: 0)
Unloading 46 unused Assets / (458.2 KB). Loaded Objects now: 7684.
Memory consumption went from 331.0 MB to 330.6 MB.
Total: 7.576300 ms (FindLiveObjects: 0.789500 ms CreateObjectMapping: 0.527800 ms MarkObjects: 5.890700 ms  DeleteObjects: 0.366300 ms)

Prepare: number of updated asset objects reloaded= 0
AssetImportParameters requested are different than current active one (requested -> active):
  custom:container-demuxer-ogg: 62fdf1f143b41e24485cea50d1cbac27 -> 
  custom:video-codec-MediaFoundation-h265: 746d11721c4dcdbdad8f713fa42b33f4 -> 
  custom:video-decoder-ogg-theora: a1e56fd34408186e4bbccfd4996cb3dc -> 
  custom:framework-win-MediaFoundation: 216162199b28c13a410421893ffa2e32 -> 
  custom:CustomObjectIndexerAttribute: 72b91833f83ae208fae7752999fa3104 -> 
  custom:container-demuxer-webm: 4f35f7cbe854078d1ac9338744f61a02 -> 
  custom:container-muxer-webm: aa71ff27fc2769a1b78a27578f13a17b -> 
  custom:video-decoder-webm-vp8: 9c59270c3fd7afecdb556c50c9e8de78 -> 
  custom:SearchIndexIgnoredProperties: e643bd26f0fe6173181afceb89e7c659 -> 
  custom:AudioImporter_EditorPlatform: d09bf68614088b80899f8185d706f6e7 -> 
  custom:video-encoder-webm-vp8: eb34c28f22e8b96e1ab97ce403110664 -> 
  custom:audio-decoder-ogg-vorbis: bf7c407c2cedff20999df2af8eb42d56 -> 
  custom:audio-encoder-webm-vorbis: bf7c407c2cedff20999df2af8eb42d56 -> 
========================================================================
Received Prepare
Begin MonoManager ReloadAssembly
- Loaded All Assemblies, in  0.609 seconds
Refreshing native plugins compatible for Editor in 4.54 ms, found 3 plugins.
Native extension for WindowsStandalone target not found
Native extension for Android target not found
Native extension for WebGL target not found
Mono: successfully reloaded assembly
- Finished resetting the current domain, in  1.634 seconds
Domain Reload Profiling: 2240ms
	BeginReloadAssembly (193ms)
		ExecutionOrderSort (0ms)
		DisableScriptedObjects (6ms)
		BackupInstance (0ms)
		ReleaseScriptingObjects (0ms)
		CreateAndSetChildDomain (43ms)
	RebuildCommonClasses (42ms)
	RebuildNativeTypeToScriptingClass (13ms)
	initialDomainReloadingComplete (37ms)
	LoadAllAssembliesAndSetupDomain (320ms)
		LoadAssemblies (390ms)
		RebuildTransferFunctionScriptingTraits (0ms)
		AnalyzeDomain (29ms)
			TypeCache.Refresh (9ms)
				TypeCache.ScanAssembly (0ms)
			ScanForSourceGeneratedMonoScriptInfo (0ms)
			ResolveRequiredComponents (16ms)
	FinalizeReload (1635ms)
		ReleaseScriptCaches (0ms)
		RebuildScriptCaches (0ms)
		SetupLoadedEditorAssemblies (777ms)
			LogAssemblyErrors (0ms)
			InitializePlatformSupportModulesInManaged (34ms)
			SetLoadedEditorAssemblies (6ms)
			RefreshPlugins (0ms)
			BeforeProcessingInitializeOnLoad (112ms)
			ProcessInitializeOnLoadAttributes (518ms)
			ProcessInitializeOnLoadMethodAttributes (100ms)
			AfterProcessingInitializeOnLoad (7ms)
			EditorAssembliesLoaded (0ms)
		ExecutionOrderSort2 (0ms)
		AwakeInstancesAfterBackupRestoration (19ms)
Refreshing native plugins compatible for Editor in 8.43 ms, found 3 plugins.
Preloading 0 native plugins for Editor in 0.00 ms.
Unloading 5914 Unused Serialized files (Serialized files now loaded: 0)
Unloading 46 unused Assets / (450.3 KB). Loaded Objects now: 7700.
Memory consumption went from 333.0 MB to 332.5 MB.
Total: 7.397000 ms (FindLiveObjects: 0.830700 ms CreateObjectMapping: 0.456000 ms MarkObjects: 5.398100 ms  DeleteObjects: 0.710000 ms)

Prepare: number of updated asset objects reloaded= 0
AssetImportParameters requested are different than current active one (requested -> active):
  custom:container-demuxer-ogg: 62fdf1f143b41e24485cea50d1cbac27 -> 
  custom:video-codec-MediaFoundation-h265: 746d11721c4dcdbdad8f713fa42b33f4 -> 
  custom:video-decoder-ogg-theora: a1e56fd34408186e4bbccfd4996cb3dc -> 
  custom:framework-win-MediaFoundation: 216162199b28c13a410421893ffa2e32 -> 
  custom:CustomObjectIndexerAttribute: 72b91833f83ae208fae7752999fa3104 -> 
  custom:container-demuxer-webm: 4f35f7cbe854078d1ac9338744f61a02 -> 
  custom:container-muxer-webm: aa71ff27fc2769a1b78a27578f13a17b -> 
  custom:video-decoder-webm-vp8: 9c59270c3fd7afecdb556c50c9e8de78 -> 
  custom:SearchIndexIgnoredProperties: e643bd26f0fe6173181afceb89e7c659 -> 
  custom:AudioImporter_EditorPlatform: d09bf68614088b80899f8185d706f6e7 -> 
  custom:video-encoder-webm-vp8: eb34c28f22e8b96e1ab97ce403110664 -> 
  custom:audio-decoder-ogg-vorbis: bf7c407c2cedff20999df2af8eb42d56 -> 
  custom:audio-encoder-webm-vorbis: bf7c407c2cedff20999df2af8eb42d56 -> 
========================================================================
Received Import Request.
  Time since last request: 465.407899 seconds.
  path: Assets/Player/PlayerControls.inputactions
  artifactKey: Guid(feca80d0539181c4e8a0f6fb4ed40a25) Importer(815301076,1909f56bfc062723c751e8b465ee728b)
Start importing Assets/Player/PlayerControls.inputactions using Guid(feca80d0539181c4e8a0f6fb4ed40a25) Importer(815301076,1909f56bfc062723c751e8b465ee728b)  -> (artifact id: '1e7c12fd48a0c5c77738d9f6af2244d1') in 0.030189 seconds
Number of updated asset objects reloaded before import = 0
Number of asset objects unloaded after import = 9
========================================================================
Received Import Request.
  Time since last request: 0.409325 seconds.
  path: Assets/Prefab/Player.prefab
  artifactKey: Guid(e93980672e8e2e24e9f0631a8fc5a9d3) Importer(815301076,1909f56bfc062723c751e8b465ee728b)
Start importing Assets/Prefab/Player.prefab using Guid(e93980672e8e2e24e9f0631a8fc5a9d3) Importer(815301076,1909f56bfc062723c751e8b465ee728b)  -> (artifact id: '612e3ac1041ec082c777f47464e4912b') in 0.364802 seconds
Number of updated asset objects reloaded before import = 0
Number of asset objects unloaded after import = 49
========================================================================
Received Import Request.
  Time since last request: 9.468518 seconds.
  path: Assets/Prefab/MachineGunSentry.prefab
  artifactKey: Guid(cbbb0fbff609e9141b3b5fa8dc63e666) Importer(815301076,1909f56bfc062723c751e8b465ee728b)
Start importing Assets/Prefab/MachineGunSentry.prefab using Guid(cbbb0fbff609e9141b3b5fa8dc63e666) Importer(815301076,1909f56bfc062723c751e8b465ee728b)  -> (artifact id: 'aa08cd549fbbe08ed6ec75c364931360') in 0.058694 seconds
Number of updated asset objects reloaded before import = 0
Number of asset objects unloaded after import = 27
========================================================================
Received Import Request.
  Time since last request: 5.740419 seconds.
  path: Assets/Prefab/MachineGunSentry.prefab
  artifactKey: Guid(cbbb0fbff609e9141b3b5fa8dc63e666) Importer(815301076,1909f56bfc062723c751e8b465ee728b)
Start importing Assets/Prefab/MachineGunSentry.prefab using Guid(cbbb0fbff609e9141b3b5fa8dc63e666) Importer(815301076,1909f56bfc062723c751e8b465ee728b)  -> (artifact id: '11f45236c75662418099f467353d6b61') in 0.004607 seconds
Number of updated asset objects reloaded before import = 0
Number of asset objects unloaded after import = 27
========================================================================
Received Import Request.
  Time since last request: 1.973327 seconds.
  path: Assets/Prefab/MachineGunSentry.prefab
  artifactKey: Guid(cbbb0fbff609e9141b3b5fa8dc63e666) Importer(815301076,1909f56bfc062723c751e8b465ee728b)
Start importing Assets/Prefab/MachineGunSentry.prefab using Guid(cbbb0fbff609e9141b3b5fa8dc63e666) Importer(815301076,1909f56bfc062723c751e8b465ee728b)  -> (artifact id: 'c1e8930022ca3b3d4a3367ba3630359c') in 0.006743 seconds
Number of updated asset objects reloaded before import = 0
Number of asset objects unloaded after import = 27
========================================================================
Received Import Request.
  Time since last request: 2.024877 seconds.
  path: Assets/Prefab/MachineGunSentry.prefab
  artifactKey: Guid(cbbb0fbff609e9141b3b5fa8dc63e666) Importer(815301076,1909f56bfc062723c751e8b465ee728b)
Start importing Assets/Prefab/MachineGunSentry.prefab using Guid(cbbb0fbff609e9141b3b5fa8dc63e666) Importer(815301076,1909f56bfc062723c751e8b465ee728b)  -> (artifact id: '117419c51c9a82628ab22560518ba4dc') in 0.003904 seconds
Number of updated asset objects reloaded before import = 0
Number of asset objects unloaded after import = 27
========================================================================
Received Import Request.
  Time since last request: 1.190604 seconds.
  path: Assets/Prefab/MachineGunSentry.prefab
  artifactKey: Guid(cbbb0fbff609e9141b3b5fa8dc63e666) Importer(815301076,1909f56bfc062723c751e8b465ee728b)
Start importing Assets/Prefab/MachineGunSentry.prefab using Guid(cbbb0fbff609e9141b3b5fa8dc63e666) Importer(815301076,1909f56bfc062723c751e8b465ee728b)  -> (artifact id: '38f3c0d1e46d5b639d9bb72a99921e2a') in 0.004381 seconds
Number of updated asset objects reloaded before import = 0
Number of asset objects unloaded after import = 27
========================================================================
Received Import Request.
  Time since last request: 5.023226 seconds.
  path: Assets/Prefab/MachineGunSentry.prefab
  artifactKey: Guid(cbbb0fbff609e9141b3b5fa8dc63e666) Importer(815301076,1909f56bfc062723c751e8b465ee728b)
Start importing Assets/Prefab/MachineGunSentry.prefab using Guid(cbbb0fbff609e9141b3b5fa8dc63e666) Importer(815301076,1909f56bfc062723c751e8b465ee728b)  -> (artifact id: '0548937f6a177f42bf51f251a2e7b293') in 0.004365 seconds
Number of updated asset objects reloaded before import = 0
Number of asset objects unloaded after import = 27
========================================================================
Received Import Request.
  Time since last request: 4.668699 seconds.
  path: Assets/Prefab/MachineGunSentry.prefab
  artifactKey: Guid(cbbb0fbff609e9141b3b5fa8dc63e666) Importer(815301076,1909f56bfc062723c751e8b465ee728b)
Start importing Assets/Prefab/MachineGunSentry.prefab using Guid(cbbb0fbff609e9141b3b5fa8dc63e666) Importer(815301076,1909f56bfc062723c751e8b465ee728b)  -> (artifact id: 'ed31eca2841de868b4721dbc97383bf6') in 0.004359 seconds
Number of updated asset objects reloaded before import = 0
Number of asset objects unloaded after import = 27
========================================================================
Received Prepare
Begin MonoManager ReloadAssembly
- Loaded All Assemblies, in  0.619 seconds
Refreshing native plugins compatible for Editor in 4.49 ms, found 3 plugins.
Native extension for WindowsStandalone target not found
Native extension for Android target not found
Native extension for WebGL target not found
Mono: successfully reloaded assembly
- Finished resetting the current domain, in  1.713 seconds
Domain Reload Profiling: 2329ms
	BeginReloadAssembly (207ms)
		ExecutionOrderSort (0ms)
		DisableScriptedObjects (13ms)
		BackupInstance (0ms)
		ReleaseScriptingObjects (0ms)
		CreateAndSetChildDomain (53ms)
	RebuildCommonClasses (40ms)
	RebuildNativeTypeToScriptingClass (14ms)
	initialDomainReloadingComplete (38ms)
	LoadAllAssembliesAndSetupDomain (316ms)
		LoadAssemblies (383ms)
		RebuildTransferFunctionScriptingTraits (0ms)
		AnalyzeDomain (30ms)
			TypeCache.Refresh (9ms)
				TypeCache.ScanAssembly (0ms)
			ScanForSourceGeneratedMonoScriptInfo (0ms)
			ResolveRequiredComponents (17ms)
	FinalizeReload (1714ms)
		ReleaseScriptCaches (0ms)
		RebuildScriptCaches (0ms)
		SetupLoadedEditorAssemblies (865ms)
			LogAssemblyErrors (0ms)
			InitializePlatformSupportModulesInManaged (36ms)
			SetLoadedEditorAssemblies (6ms)
			RefreshPlugins (0ms)
			BeforeProcessingInitializeOnLoad (120ms)
			ProcessInitializeOnLoadAttributes (596ms)
			ProcessInitializeOnLoadMethodAttributes (98ms)
			AfterProcessingInitializeOnLoad (7ms)
			EditorAssembliesLoaded (1ms)
		ExecutionOrderSort2 (0ms)
		AwakeInstancesAfterBackupRestoration (21ms)
Refreshing native plugins compatible for Editor in 10.54 ms, found 3 plugins.
Preloading 0 native plugins for Editor in 0.00 ms.
Unloading 5914 Unused Serialized files (Serialized files now loaded: 0)
Unloading 46 unused Assets / (434.2 KB). Loaded Objects now: 7753.
Memory consumption went from 335.0 MB to 334.6 MB.
Total: 6.856800 ms (FindLiveObjects: 0.892500 ms CreateObjectMapping: 0.547000 ms MarkObjects: 5.095900 ms  DeleteObjects: 0.319500 ms)

Prepare: number of updated asset objects reloaded= 0
AssetImportParameters requested are different than current active one (requested -> active):
  custom:container-demuxer-ogg: 62fdf1f143b41e24485cea50d1cbac27 -> 
  custom:video-codec-MediaFoundation-h265: 746d11721c4dcdbdad8f713fa42b33f4 -> 
  custom:video-decoder-ogg-theora: a1e56fd34408186e4bbccfd4996cb3dc -> 
  custom:framework-win-MediaFoundation: 216162199b28c13a410421893ffa2e32 -> 
  custom:CustomObjectIndexerAttribute: 72b91833f83ae208fae7752999fa3104 -> 
  custom:container-demuxer-webm: 4f35f7cbe854078d1ac9338744f61a02 -> 
  custom:container-muxer-webm: aa71ff27fc2769a1b78a27578f13a17b -> 
  custom:video-decoder-webm-vp8: 9c59270c3fd7afecdb556c50c9e8de78 -> 
  custom:SearchIndexIgnoredProperties: e643bd26f0fe6173181afceb89e7c659 -> 
  custom:AudioImporter_EditorPlatform: d09bf68614088b80899f8185d706f6e7 -> 
  custom:video-encoder-webm-vp8: eb34c28f22e8b96e1ab97ce403110664 -> 
  custom:audio-decoder-ogg-vorbis: bf7c407c2cedff20999df2af8eb42d56 -> 
  custom:audio-encoder-webm-vorbis: bf7c407c2cedff20999df2af8eb42d56 -> 
========================================================================
Received Prepare
Begin MonoManager ReloadAssembly
- Loaded All Assemblies, in  0.604 seconds
Refreshing native plugins compatible for Editor in 4.61 ms, found 3 plugins.
Native extension for WindowsStandalone target not found
Native extension for Android target not found
Native extension for WebGL target not found
Mono: successfully reloaded assembly
- Finished resetting the current domain, in  1.641 seconds
Domain Reload Profiling: 2241ms
	BeginReloadAssembly (189ms)
		ExecutionOrderSort (0ms)
		DisableScriptedObjects (5ms)
		BackupInstance (0ms)
		ReleaseScriptingObjects (0ms)
		CreateAndSetChildDomain (42ms)
	RebuildCommonClasses (42ms)
	RebuildNativeTypeToScriptingClass (14ms)
	initialDomainReloadingComplete (38ms)
	LoadAllAssembliesAndSetupDomain (316ms)
		LoadAssemblies (380ms)
		RebuildTransferFunctionScriptingTraits (0ms)
		AnalyzeDomain (33ms)
			TypeCache.Refresh (9ms)
				TypeCache.ScanAssembly (0ms)
			ScanForSourceGeneratedMonoScriptInfo (0ms)
			ResolveRequiredComponents (17ms)
	FinalizeReload (1642ms)
		ReleaseScriptCaches (0ms)
		RebuildScriptCaches (0ms)
		SetupLoadedEditorAssemblies (794ms)
			LogAssemblyErrors (0ms)
			InitializePlatformSupportModulesInManaged (34ms)
			SetLoadedEditorAssemblies (6ms)
			RefreshPlugins (0ms)
			BeforeProcessingInitializeOnLoad (112ms)
			ProcessInitializeOnLoadAttributes (532ms)
			ProcessInitializeOnLoadMethodAttributes (100ms)
			AfterProcessingInitializeOnLoad (8ms)
			EditorAssembliesLoaded (0ms)
		ExecutionOrderSort2 (0ms)
		AwakeInstancesAfterBackupRestoration (20ms)
Refreshing native plugins compatible for Editor in 8.99 ms, found 3 plugins.
Preloading 0 native plugins for Editor in 0.00 ms.
Unloading 5914 Unused Serialized files (Serialized files now loaded: 0)
Unloading 46 unused Assets / (450.1 KB). Loaded Objects now: 7769.
Memory consumption went from 336.9 MB to 336.5 MB.
Total: 6.967700 ms (FindLiveObjects: 0.837100 ms CreateObjectMapping: 0.548100 ms MarkObjects: 5.220500 ms  DeleteObjects: 0.359900 ms)

Prepare: number of updated asset objects reloaded= 0
AssetImportParameters requested are different than current active one (requested -> active):
  custom:container-demuxer-ogg: 62fdf1f143b41e24485cea50d1cbac27 -> 
  custom:video-codec-MediaFoundation-h265: 746d11721c4dcdbdad8f713fa42b33f4 -> 
  custom:video-decoder-ogg-theora: a1e56fd34408186e4bbccfd4996cb3dc -> 
  custom:framework-win-MediaFoundation: 216162199b28c13a410421893ffa2e32 -> 
  custom:CustomObjectIndexerAttribute: 72b91833f83ae208fae7752999fa3104 -> 
  custom:container-demuxer-webm: 4f35f7cbe854078d1ac9338744f61a02 -> 
  custom:container-muxer-webm: aa71ff27fc2769a1b78a27578f13a17b -> 
  custom:video-decoder-webm-vp8: 9c59270c3fd7afecdb556c50c9e8de78 -> 
  custom:SearchIndexIgnoredProperties: e643bd26f0fe6173181afceb89e7c659 -> 
  custom:AudioImporter_EditorPlatform: d09bf68614088b80899f8185d706f6e7 -> 
  custom:video-encoder-webm-vp8: eb34c28f22e8b96e1ab97ce403110664 -> 
  custom:audio-decoder-ogg-vorbis: bf7c407c2cedff20999df2af8eb42d56 -> 
  custom:audio-encoder-webm-vorbis: bf7c407c2cedff20999df2af8eb42d56 -> 
========================================================================
Received Import Request.
  Time since last request: 170.930695 seconds.
  path: Assets/Prefab/MachineGunSentry.prefab
  artifactKey: Guid(cbbb0fbff609e9141b3b5fa8dc63e666) Importer(815301076,1909f56bfc062723c751e8b465ee728b)
Start importing Assets/Prefab/MachineGunSentry.prefab using Guid(cbbb0fbff609e9141b3b5fa8dc63e666) Importer(815301076,1909f56bfc062723c751e8b465ee728b)  -> (artifact id: '3894c318d713ce74c9ddbe886a05bffd') in 0.108857 seconds
Number of updated asset objects reloaded before import = 0
Number of asset objects unloaded after import = 28
========================================================================
Received Import Request.
  Time since last request: 24.887989 seconds.
  path: Assets/Prefab/MachineGunSentry.prefab
  artifactKey: Guid(cbbb0fbff609e9141b3b5fa8dc63e666) Importer(815301076,1909f56bfc062723c751e8b465ee728b)
Start importing Assets/Prefab/MachineGunSentry.prefab using Guid(cbbb0fbff609e9141b3b5fa8dc63e666) Importer(815301076,1909f56bfc062723c751e8b465ee728b)  -> (artifact id: '10c1830672b08bafd589d759990d0ac5') in 0.004146 seconds
Number of updated asset objects reloaded before import = 0
Number of asset objects unloaded after import = 28
========================================================================
Received Prepare
Begin MonoManager ReloadAssembly
- Loaded All Assemblies, in  0.595 seconds
Refreshing native plugins compatible for Editor in 5.03 ms, found 3 plugins.
Native extension for WindowsStandalone target not found
Native extension for Android target not found
Native extension for WebGL target not found
Mono: successfully reloaded assembly
- Finished resetting the current domain, in  1.697 seconds
Domain Reload Profiling: 2289ms
	BeginReloadAssembly (191ms)
		ExecutionOrderSort (0ms)
		DisableScriptedObjects (6ms)
		BackupInstance (0ms)
		ReleaseScriptingObjects (0ms)
		CreateAndSetChildDomain (44ms)
	RebuildCommonClasses (42ms)
	RebuildNativeTypeToScriptingClass (14ms)
	initialDomainReloadingComplete (38ms)
	LoadAllAssembliesAndSetupDomain (306ms)
		LoadAssemblies (373ms)
		RebuildTransferFunctionScriptingTraits (0ms)
		AnalyzeDomain (30ms)
			TypeCache.Refresh (9ms)
				TypeCache.ScanAssembly (0ms)
			ScanForSourceGeneratedMonoScriptInfo (0ms)
			ResolveRequiredComponents (17ms)
	FinalizeReload (1698ms)
		ReleaseScriptCaches (0ms)
		RebuildScriptCaches (0ms)
		SetupLoadedEditorAssemblies (848ms)
			LogAssemblyErrors (0ms)
			InitializePlatformSupportModulesInManaged (36ms)
			SetLoadedEditorAssemblies (6ms)
			RefreshPlugins (0ms)
			BeforeProcessingInitializeOnLoad (116ms)
			ProcessInitializeOnLoadAttributes (581ms)
			ProcessInitializeOnLoadMethodAttributes (102ms)
			AfterProcessingInitializeOnLoad (6ms)
			EditorAssembliesLoaded (0ms)
		ExecutionOrderSort2 (0ms)
		AwakeInstancesAfterBackupRestoration (21ms)
Refreshing native plugins compatible for Editor in 9.11 ms, found 3 plugins.
Preloading 0 native plugins for Editor in 0.00 ms.
Unloading 5914 Unused Serialized files (Serialized files now loaded: 0)
Unloading 46 unused Assets / (434.9 KB). Loaded Objects now: 7785.
Memory consumption went from 338.8 MB to 338.4 MB.
Total: 7.095700 ms (FindLiveObjects: 0.744800 ms CreateObjectMapping: 0.500500 ms MarkObjects: 5.477900 ms  DeleteObjects: 0.370800 ms)

Prepare: number of updated asset objects reloaded= 0
AssetImportParameters requested are different than current active one (requested -> active):
  custom:container-demuxer-ogg: 62fdf1f143b41e24485cea50d1cbac27 -> 
  custom:video-codec-MediaFoundation-h265: 746d11721c4dcdbdad8f713fa42b33f4 -> 
  custom:video-decoder-ogg-theora: a1e56fd34408186e4bbccfd4996cb3dc -> 
  custom:framework-win-MediaFoundation: 216162199b28c13a410421893ffa2e32 -> 
  custom:CustomObjectIndexerAttribute: 72b91833f83ae208fae7752999fa3104 -> 
  custom:container-demuxer-webm: 4f35f7cbe854078d1ac9338744f61a02 -> 
  custom:container-muxer-webm: aa71ff27fc2769a1b78a27578f13a17b -> 
  custom:video-decoder-webm-vp8: 9c59270c3fd7afecdb556c50c9e8de78 -> 
  custom:SearchIndexIgnoredProperties: e643bd26f0fe6173181afceb89e7c659 -> 
  custom:AudioImporter_EditorPlatform: d09bf68614088b80899f8185d706f6e7 -> 
  custom:video-encoder-webm-vp8: eb34c28f22e8b96e1ab97ce403110664 -> 
  custom:audio-decoder-ogg-vorbis: bf7c407c2cedff20999df2af8eb42d56 -> 
  custom:audio-encoder-webm-vorbis: bf7c407c2cedff20999df2af8eb42d56 -> 
========================================================================
Received Import Request.
  Time since last request: 88.977593 seconds.
  path: Assets/Prefab/Player.prefab
  artifactKey: Guid(e93980672e8e2e24e9f0631a8fc5a9d3) Importer(815301076,1909f56bfc062723c751e8b465ee728b)
Start importing Assets/Prefab/Player.prefab using Guid(e93980672e8e2e24e9f0631a8fc5a9d3) Importer(815301076,1909f56bfc062723c751e8b465ee728b)  -> (artifact id: '9a1804308818a23d5557714be73537a8') in 0.765914 seconds
Number of updated asset objects reloaded before import = 0
Number of asset objects unloaded after import = 49
========================================================================
Received Import Request.
  Time since last request: 17.464871 seconds.
  path: Assets/Prefab/Player.prefab
  artifactKey: Guid(e93980672e8e2e24e9f0631a8fc5a9d3) Importer(815301076,1909f56bfc062723c751e8b465ee728b)
Start importing Assets/Prefab/Player.prefab using Guid(e93980672e8e2e24e9f0631a8fc5a9d3) Importer(815301076,1909f56bfc062723c751e8b465ee728b)  -> (artifact id: '3b46a2cc12e80006deb5a4227277846f') in 0.027890 seconds
Number of updated asset objects reloaded before import = 0
Number of asset objects unloaded after import = 31
========================================================================
Received Import Request.
  Time since last request: 67.791940 seconds.
  path: Assets/Prefab/Player.prefab
  artifactKey: Guid(e93980672e8e2e24e9f0631a8fc5a9d3) Importer(815301076,1909f56bfc062723c751e8b465ee728b)
Start importing Assets/Prefab/Player.prefab using Guid(e93980672e8e2e24e9f0631a8fc5a9d3) Importer(815301076,1909f56bfc062723c751e8b465ee728b)  -> (artifact id: '3d1cd404ce2240db68323806798c9fc5') in 0.025650 seconds
Number of updated asset objects reloaded before import = 0
Number of asset objects unloaded after import = 31
========================================================================
Received Import Request.
  Time since last request: 14.789266 seconds.
  path: Assets/Prefab/Player.prefab
  artifactKey: Guid(e93980672e8e2e24e9f0631a8fc5a9d3) Importer(815301076,1909f56bfc062723c751e8b465ee728b)
Start importing Assets/Prefab/Player.prefab using Guid(e93980672e8e2e24e9f0631a8fc5a9d3) Importer(815301076,1909f56bfc062723c751e8b465ee728b)  -> (artifact id: 'dcdc800695eb6bc43a901bfe7c2a922d') in 0.022128 seconds
Number of updated asset objects reloaded before import = 0
Number of asset objects unloaded after import = 31
========================================================================
Received Import Request.
  Time since last request: 7.339927 seconds.
  path: Assets/Prefab/Player.prefab
  artifactKey: Guid(e93980672e8e2e24e9f0631a8fc5a9d3) Importer(815301076,1909f56bfc062723c751e8b465ee728b)
Start importing Assets/Prefab/Player.prefab using Guid(e93980672e8e2e24e9f0631a8fc5a9d3) Importer(815301076,1909f56bfc062723c751e8b465ee728b)  -> (artifact id: '92c9dd9a70f622ed43e19fe2683088b9') in 0.030693 seconds
Number of updated asset objects reloaded before import = 0
Number of asset objects unloaded after import = 31
========================================================================
Received Import Request.
  Time since last request: 30.894047 seconds.
  path: Assets/Prefab/Player.prefab
  artifactKey: Guid(e93980672e8e2e24e9f0631a8fc5a9d3) Importer(815301076,1909f56bfc062723c751e8b465ee728b)
Start importing Assets/Prefab/Player.prefab using Guid(e93980672e8e2e24e9f0631a8fc5a9d3) Importer(815301076,1909f56bfc062723c751e8b465ee728b)  -> (artifact id: 'a54513bd6b44ae7a97fa3f64204920ff') in 0.030260 seconds
Number of updated asset objects reloaded before import = 0
Number of asset objects unloaded after import = 31
========================================================================
Received Import Request.
  Time since last request: 30.091844 seconds.
  path: Assets/Prefab/Player.prefab
  artifactKey: Guid(e93980672e8e2e24e9f0631a8fc5a9d3) Importer(815301076,1909f56bfc062723c751e8b465ee728b)
Start importing Assets/Prefab/Player.prefab using Guid(e93980672e8e2e24e9f0631a8fc5a9d3) Importer(815301076,1909f56bfc062723c751e8b465ee728b)  -> (artifact id: 'aa184f23321e8cd314de87853be38849') in 0.021285 seconds
Number of updated asset objects reloaded before import = 0
Number of asset objects unloaded after import = 31
========================================================================
Received Import Request.
  Time since last request: 8.668919 seconds.
  path: Assets/Prefab/Player.prefab
  artifactKey: Guid(e93980672e8e2e24e9f0631a8fc5a9d3) Importer(815301076,1909f56bfc062723c751e8b465ee728b)
Start importing Assets/Prefab/Player.prefab using Guid(e93980672e8e2e24e9f0631a8fc5a9d3) Importer(815301076,1909f56bfc062723c751e8b465ee728b)  -> (artifact id: '387ca39d764e07d756daaaba88b9b0e6') in 0.024317 seconds
Number of updated asset objects reloaded before import = 0
Number of asset objects unloaded after import = 31
========================================================================
Received Import Request.
  Time since last request: 5.688157 seconds.
  path: Assets/Prefab/Player.prefab
  artifactKey: Guid(e93980672e8e2e24e9f0631a8fc5a9d3) Importer(815301076,1909f56bfc062723c751e8b465ee728b)
Start importing Assets/Prefab/Player.prefab using Guid(e93980672e8e2e24e9f0631a8fc5a9d3) Importer(815301076,1909f56bfc062723c751e8b465ee728b)  -> (artifact id: 'f29ff92f2551e79189cb84279fd60ad6') in 0.028372 seconds
Number of updated asset objects reloaded before import = 0
Number of asset objects unloaded after import = 31
========================================================================
Received Prepare
Begin MonoManager ReloadAssembly
- Loaded All Assemblies, in  1.381 seconds
Refreshing native plugins compatible for Editor in 12.73 ms, found 3 plugins.
Native extension for WindowsStandalone target not found
Native extension for Android target not found
Native extension for WebGL target not found
Mono: successfully reloaded assembly
- Finished resetting the current domain, in  3.772 seconds
Domain Reload Profiling: 5142ms
	BeginReloadAssembly (419ms)
		ExecutionOrderSort (0ms)
		DisableScriptedObjects (24ms)
		BackupInstance (0ms)
		ReleaseScriptingObjects (0ms)
		CreateAndSetChildDomain (93ms)
	RebuildCommonClasses (67ms)
	RebuildNativeTypeToScriptingClass (29ms)
	initialDomainReloadingComplete (88ms)
	LoadAllAssembliesAndSetupDomain (767ms)
		LoadAssemblies (874ms)
		RebuildTransferFunctionScriptingTraits (0ms)
		AnalyzeDomain (98ms)
			TypeCache.Refresh (20ms)
				TypeCache.ScanAssembly (1ms)
			ScanForSourceGeneratedMonoScriptInfo (49ms)
			ResolveRequiredComponents (24ms)
	FinalizeReload (3773ms)
		ReleaseScriptCaches (0ms)
		RebuildScriptCaches (0ms)
		SetupLoadedEditorAssemblies (1290ms)
			LogAssemblyErrors (0ms)
			InitializePlatformSupportModulesInManaged (57ms)
			SetLoadedEditorAssemblies (11ms)
			RefreshPlugins (0ms)
			BeforeProcessingInitializeOnLoad (200ms)
			ProcessInitializeOnLoadAttributes (880ms)
			ProcessInitializeOnLoadMethodAttributes (129ms)
			AfterProcessingInitializeOnLoad (12ms)
			EditorAssembliesLoaded (1ms)
		ExecutionOrderSort2 (0ms)
		AwakeInstancesAfterBackupRestoration (46ms)
Refreshing native plugins compatible for Editor in 11.22 ms, found 3 plugins.
Preloading 0 native plugins for Editor in 0.00 ms.
Unloading 5914 Unused Serialized files (Serialized files now loaded: 0)
Unloading 46 unused Assets / (434.1 KB). Loaded Objects now: 7838.
Memory consumption went from 340.9 MB to 340.5 MB.
Total: 8.183100 ms (FindLiveObjects: 0.930300 ms CreateObjectMapping: 0.794400 ms MarkObjects: 6.105500 ms  DeleteObjects: 0.351200 ms)

Prepare: number of updated asset objects reloaded= 0
AssetImportParameters requested are different than current active one (requested -> active):
  custom:container-demuxer-ogg: 62fdf1f143b41e24485cea50d1cbac27 -> 
  custom:video-codec-MediaFoundation-h265: 746d11721c4dcdbdad8f713fa42b33f4 -> 
  custom:video-decoder-ogg-theora: a1e56fd34408186e4bbccfd4996cb3dc -> 
  custom:framework-win-MediaFoundation: 216162199b28c13a410421893ffa2e32 -> 
  custom:CustomObjectIndexerAttribute: 72b91833f83ae208fae7752999fa3104 -> 
  custom:container-demuxer-webm: 4f35f7cbe854078d1ac9338744f61a02 -> 
  custom:container-muxer-webm: aa71ff27fc2769a1b78a27578f13a17b -> 
  custom:video-decoder-webm-vp8: 9c59270c3fd7afecdb556c50c9e8de78 -> 
  custom:SearchIndexIgnoredProperties: e643bd26f0fe6173181afceb89e7c659 -> 
  custom:AudioImporter_EditorPlatform: d09bf68614088b80899f8185d706f6e7 -> 
  custom:video-encoder-webm-vp8: eb34c28f22e8b96e1ab97ce403110664 -> 
  custom:audio-decoder-ogg-vorbis: bf7c407c2cedff20999df2af8eb42d56 -> 
  custom:audio-encoder-webm-vorbis: bf7c407c2cedff20999df2af8eb42d56 -> 
========================================================================
Received Prepare
Begin MonoManager ReloadAssembly
- Loaded All Assemblies, in  0.620 seconds
Refreshing native plugins compatible for Editor in 4.34 ms, found 3 plugins.
Native extension for WindowsStandalone target not found
Native extension for Android target not found
Native extension for WebGL target not found
Mono: successfully reloaded assembly
- Finished resetting the current domain, in  1.692 seconds
Domain Reload Profiling: 2309ms
	BeginReloadAssembly (200ms)
		ExecutionOrderSort (0ms)
		DisableScriptedObjects (5ms)
		BackupInstance (0ms)
		ReleaseScriptingObjects (0ms)
		CreateAndSetChildDomain (51ms)
	RebuildCommonClasses (40ms)
	RebuildNativeTypeToScriptingClass (15ms)
	initialDomainReloadingComplete (37ms)
	LoadAllAssembliesAndSetupDomain (324ms)
		LoadAssemblies (390ms)
		RebuildTransferFunctionScriptingTraits (0ms)
		AnalyzeDomain (31ms)
			TypeCache.Refresh (9ms)
				TypeCache.ScanAssembly (0ms)
			ScanForSourceGeneratedMonoScriptInfo (0ms)
			ResolveRequiredComponents (17ms)
	FinalizeReload (1693ms)
		ReleaseScriptCaches (0ms)
		RebuildScriptCaches (0ms)
		SetupLoadedEditorAssemblies (850ms)
			LogAssemblyErrors (0ms)
			InitializePlatformSupportModulesInManaged (37ms)
			SetLoadedEditorAssemblies (6ms)
			RefreshPlugins (0ms)
			BeforeProcessingInitializeOnLoad (115ms)
			ProcessInitializeOnLoadAttributes (585ms)
			ProcessInitializeOnLoadMethodAttributes (100ms)
			AfterProcessingInitializeOnLoad (8ms)
			EditorAssembliesLoaded (0ms)
		ExecutionOrderSort2 (0ms)
		AwakeInstancesAfterBackupRestoration (23ms)
Refreshing native plugins compatible for Editor in 8.64 ms, found 3 plugins.
Preloading 0 native plugins for Editor in 0.00 ms.
Unloading 5914 Unused Serialized files (Serialized files now loaded: 0)
Unloading 46 unused Assets / (458.1 KB). Loaded Objects now: 7854.
Memory consumption went from 342.8 MB to 342.3 MB.
Total: 7.178000 ms (FindLiveObjects: 0.844200 ms CreateObjectMapping: 0.491500 ms MarkObjects: 5.428200 ms  DeleteObjects: 0.412200 ms)

Prepare: number of updated asset objects reloaded= 0
AssetImportParameters requested are different than current active one (requested -> active):
  custom:container-demuxer-ogg: 62fdf1f143b41e24485cea50d1cbac27 -> 
  custom:video-codec-MediaFoundation-h265: 746d11721c4dcdbdad8f713fa42b33f4 -> 
  custom:video-decoder-ogg-theora: a1e56fd34408186e4bbccfd4996cb3dc -> 
  custom:framework-win-MediaFoundation: 216162199b28c13a410421893ffa2e32 -> 
  custom:CustomObjectIndexerAttribute: 72b91833f83ae208fae7752999fa3104 -> 
  custom:container-demuxer-webm: 4f35f7cbe854078d1ac9338744f61a02 -> 
  custom:container-muxer-webm: aa71ff27fc2769a1b78a27578f13a17b -> 
  custom:video-decoder-webm-vp8: 9c59270c3fd7afecdb556c50c9e8de78 -> 
  custom:SearchIndexIgnoredProperties: e643bd26f0fe6173181afceb89e7c659 -> 
  custom:AudioImporter_EditorPlatform: d09bf68614088b80899f8185d706f6e7 -> 
  custom:video-encoder-webm-vp8: eb34c28f22e8b96e1ab97ce403110664 -> 
  custom:audio-decoder-ogg-vorbis: bf7c407c2cedff20999df2af8eb42d56 -> 
  custom:audio-encoder-webm-vorbis: bf7c407c2cedff20999df2af8eb42d56 -> 
========================================================================
Received Import Request.
  Time since last request: 137.883942 seconds.
  path: Assets/Prefab/Player.prefab
  artifactKey: Guid(e93980672e8e2e24e9f0631a8fc5a9d3) Importer(815301076,1909f56bfc062723c751e8b465ee728b)
Start importing Assets/Prefab/Player.prefab using Guid(e93980672e8e2e24e9f0631a8fc5a9d3) Importer(815301076,1909f56bfc062723c751e8b465ee728b)  -> (artifact id: '8ffc284d7b25913fd660c3537afb5313') in 0.652729 seconds
Number of updated asset objects reloaded before import = 0
Number of asset objects unloaded after import = 49
========================================================================
Received Import Request.
  Time since last request: 23.699696 seconds.
  path: Assets/Prefab/Player.prefab
  artifactKey: Guid(e93980672e8e2e24e9f0631a8fc5a9d3) Importer(815301076,1909f56bfc062723c751e8b465ee728b)
Start importing Assets/Prefab/Player.prefab using Guid(e93980672e8e2e24e9f0631a8fc5a9d3) Importer(815301076,1909f56bfc062723c751e8b465ee728b)  -> (artifact id: '36c5ee5c4b1319e11490d6f0f1e8e0df') in 0.019744 seconds
Number of updated asset objects reloaded before import = 0
Number of asset objects unloaded after import = 31
========================================================================
Received Prepare
Begin MonoManager ReloadAssembly
- Loaded All Assemblies, in  1.239 seconds
Refreshing native plugins compatible for Editor in 14.49 ms, found 3 plugins.
Native extension for WindowsStandalone target not found
Native extension for Android target not found
Native extension for WebGL target not found
Mono: successfully reloaded assembly
- Finished resetting the current domain, in  3.674 seconds
Domain Reload Profiling: 4904ms
	BeginReloadAssembly (342ms)
		ExecutionOrderSort (0ms)
		DisableScriptedObjects (23ms)
		BackupInstance (0ms)
		ReleaseScriptingObjects (0ms)
		CreateAndSetChildDomain (69ms)
	RebuildCommonClasses (71ms)
	RebuildNativeTypeToScriptingClass (26ms)
	initialDomainReloadingComplete (68ms)
	LoadAllAssembliesAndSetupDomain (721ms)
		LoadAssemblies (740ms)
		RebuildTransferFunctionScriptingTraits (0ms)
		AnalyzeDomain (158ms)
			TypeCache.Refresh (23ms)
				TypeCache.ScanAssembly (1ms)
			ScanForSourceGeneratedMonoScriptInfo (100ms)
			ResolveRequiredComponents (27ms)
	FinalizeReload (3675ms)
		ReleaseScriptCaches (0ms)
		RebuildScriptCaches (0ms)
		SetupLoadedEditorAssemblies (1509ms)
			LogAssemblyErrors (0ms)
			InitializePlatformSupportModulesInManaged (72ms)
			SetLoadedEditorAssemblies (17ms)
			RefreshPlugins (0ms)
			BeforeProcessingInitializeOnLoad (300ms)
			ProcessInitializeOnLoadAttributes (908ms)
			ProcessInitializeOnLoadMethodAttributes (188ms)
			AfterProcessingInitializeOnLoad (23ms)
			EditorAssembliesLoaded (1ms)
		ExecutionOrderSort2 (0ms)
		AwakeInstancesAfterBackupRestoration (46ms)
Refreshing native plugins compatible for Editor in 9.21 ms, found 3 plugins.
Preloading 0 native plugins for Editor in 0.00 ms.
Unloading 5914 Unused Serialized files (Serialized files now loaded: 0)
Unloading 46 unused Assets / (458.1 KB). Loaded Objects now: 7907.
Memory consumption went from 344.8 MB to 344.4 MB.
Total: 6.912000 ms (FindLiveObjects: 0.877900 ms CreateObjectMapping: 0.530400 ms MarkObjects: 5.183300 ms  DeleteObjects: 0.318600 ms)

Prepare: number of updated asset objects reloaded= 0
AssetImportParameters requested are different than current active one (requested -> active):
  custom:container-demuxer-ogg: 62fdf1f143b41e24485cea50d1cbac27 -> 
  custom:video-codec-MediaFoundation-h265: 746d11721c4dcdbdad8f713fa42b33f4 -> 
  custom:video-decoder-ogg-theora: a1e56fd34408186e4bbccfd4996cb3dc -> 
  custom:framework-win-MediaFoundation: 216162199b28c13a410421893ffa2e32 -> 
  custom:CustomObjectIndexerAttribute: 72b91833f83ae208fae7752999fa3104 -> 
  custom:container-demuxer-webm: 4f35f7cbe854078d1ac9338744f61a02 -> 
  custom:container-muxer-webm: aa71ff27fc2769a1b78a27578f13a17b -> 
  custom:video-decoder-webm-vp8: 9c59270c3fd7afecdb556c50c9e8de78 -> 
  custom:SearchIndexIgnoredProperties: e643bd26f0fe6173181afceb89e7c659 -> 
  custom:AudioImporter_EditorPlatform: d09bf68614088b80899f8185d706f6e7 -> 
  custom:video-encoder-webm-vp8: eb34c28f22e8b96e1ab97ce403110664 -> 
  custom:audio-decoder-ogg-vorbis: bf7c407c2cedff20999df2af8eb42d56 -> 
  custom:audio-encoder-webm-vorbis: bf7c407c2cedff20999df2af8eb42d56 -> 
========================================================================
Received Import Request.
  Time since last request: 35.289151 seconds.
  path: Assets/Prefab/Player.prefab
  artifactKey: Guid(e93980672e8e2e24e9f0631a8fc5a9d3) Importer(815301076,1909f56bfc062723c751e8b465ee728b)
Start importing Assets/Prefab/Player.prefab using Guid(e93980672e8e2e24e9f0631a8fc5a9d3) Importer(815301076,1909f56bfc062723c751e8b465ee728b)  -> (artifact id: '915994cacdad044e388815a9a3f74450') in 0.637097 seconds
Number of updated asset objects reloaded before import = 0
Number of asset objects unloaded after import = 49
========================================================================
Received Prepare
Begin MonoManager ReloadAssembly
- Loaded All Assemblies, in  1.093 seconds
Refreshing native plugins compatible for Editor in 12.76 ms, found 3 plugins.
Native extension for WindowsStandalone target not found
Native extension for Android target not found
Native extension for WebGL target not found
Mono: successfully reloaded assembly
- Finished resetting the current domain, in  3.310 seconds
Domain Reload Profiling: 4396ms
	BeginReloadAssembly (328ms)
		ExecutionOrderSort (0ms)
		DisableScriptedObjects (19ms)
		BackupInstance (0ms)
		ReleaseScriptingObjects (0ms)
		CreateAndSetChildDomain (83ms)
	RebuildCommonClasses (61ms)
	RebuildNativeTypeToScriptingClass (22ms)
	initialDomainReloadingComplete (63ms)
	LoadAllAssembliesAndSetupDomain (612ms)
		LoadAssemblies (675ms)
		RebuildTransferFunctionScriptingTraits (0ms)
		AnalyzeDomain (100ms)
			TypeCache.Refresh (20ms)
				TypeCache.ScanAssembly (1ms)
			ScanForSourceGeneratedMonoScriptInfo (49ms)
			ResolveRequiredComponents (25ms)
	FinalizeReload (3311ms)
		ReleaseScriptCaches (0ms)
		RebuildScriptCaches (0ms)
		SetupLoadedEditorAssemblies (1202ms)
			LogAssemblyErrors (0ms)
			InitializePlatformSupportModulesInManaged (58ms)
			SetLoadedEditorAssemblies (9ms)
			RefreshPlugins (0ms)
			BeforeProcessingInitializeOnLoad (177ms)
			ProcessInitializeOnLoadAttributes (813ms)
			ProcessInitializeOnLoadMethodAttributes (132ms)
			AfterProcessingInitializeOnLoad (12ms)
			EditorAssembliesLoaded (0ms)
		ExecutionOrderSort2 (0ms)
		AwakeInstancesAfterBackupRestoration (33ms)
Refreshing native plugins compatible for Editor in 9.59 ms, found 3 plugins.
Preloading 0 native plugins for Editor in 0.00 ms.
Unloading 5914 Unused Serialized files (Serialized files now loaded: 0)
Unloading 46 unused Assets / (450.1 KB). Loaded Objects now: 7960.
Memory consumption went from 347.0 MB to 346.5 MB.
Total: 7.105900 ms (FindLiveObjects: 0.978700 ms CreateObjectMapping: 0.530700 ms MarkObjects: 5.233500 ms  DeleteObjects: 0.360900 ms)

Prepare: number of updated asset objects reloaded= 0
AssetImportParameters requested are different than current active one (requested -> active):
  custom:container-demuxer-ogg: 62fdf1f143b41e24485cea50d1cbac27 -> 
  custom:video-codec-MediaFoundation-h265: 746d11721c4dcdbdad8f713fa42b33f4 -> 
  custom:video-decoder-ogg-theora: a1e56fd34408186e4bbccfd4996cb3dc -> 
  custom:framework-win-MediaFoundation: 216162199b28c13a410421893ffa2e32 -> 
  custom:CustomObjectIndexerAttribute: 72b91833f83ae208fae7752999fa3104 -> 
  custom:container-demuxer-webm: 4f35f7cbe854078d1ac9338744f61a02 -> 
  custom:container-muxer-webm: aa71ff27fc2769a1b78a27578f13a17b -> 
  custom:video-decoder-webm-vp8: 9c59270c3fd7afecdb556c50c9e8de78 -> 
  custom:SearchIndexIgnoredProperties: e643bd26f0fe6173181afceb89e7c659 -> 
  custom:AudioImporter_EditorPlatform: d09bf68614088b80899f8185d706f6e7 -> 
  custom:video-encoder-webm-vp8: eb34c28f22e8b96e1ab97ce403110664 -> 
  custom:audio-decoder-ogg-vorbis: bf7c407c2cedff20999df2af8eb42d56 -> 
  custom:audio-encoder-webm-vorbis: bf7c407c2cedff20999df2af8eb42d56 -> 
========================================================================
Received Import Request.
  Time since last request: 89.529313 seconds.
  path: Assets/Prefab/Player.prefab
  artifactKey: Guid(e93980672e8e2e24e9f0631a8fc5a9d3) Importer(815301076,1909f56bfc062723c751e8b465ee728b)
Start importing Assets/Prefab/Player.prefab using Guid(e93980672e8e2e24e9f0631a8fc5a9d3) Importer(815301076,1909f56bfc062723c751e8b465ee728b)  -> (artifact id: '0c64f4557d075e05f5975696487d66a9') in 0.605750 seconds
Number of updated asset objects reloaded before import = 0
Number of asset objects unloaded after import = 49
========================================================================
Received Import Request.
  Time since last request: 7.952134 seconds.
  path: Assets/Prefab/Player.prefab
  artifactKey: Guid(e93980672e8e2e24e9f0631a8fc5a9d3) Importer(815301076,1909f56bfc062723c751e8b465ee728b)
Start importing Assets/Prefab/Player.prefab using Guid(e93980672e8e2e24e9f0631a8fc5a9d3) Importer(815301076,1909f56bfc062723c751e8b465ee728b)  -> (artifact id: 'b74668a62085fe564f75c40a9ddc293c') in 0.020125 seconds
Number of updated asset objects reloaded before import = 0
Number of asset objects unloaded after import = 31
========================================================================
Received Prepare
Begin MonoManager ReloadAssembly
- Loaded All Assemblies, in  1.130 seconds
Refreshing native plugins compatible for Editor in 12.25 ms, found 3 plugins.
Native extension for WindowsStandalone target not found
Native extension for Android target not found
Native extension for WebGL target not found
Mono: successfully reloaded assembly
- Finished resetting the current domain, in  3.197 seconds
Domain Reload Profiling: 4316ms
	BeginReloadAssembly (313ms)
		ExecutionOrderSort (0ms)
		DisableScriptedObjects (21ms)
		BackupInstance (0ms)
		ReleaseScriptingObjects (0ms)
		CreateAndSetChildDomain (72ms)
	RebuildCommonClasses (87ms)
	RebuildNativeTypeToScriptingClass (38ms)
	initialDomainReloadingComplete (81ms)
	LoadAllAssembliesAndSetupDomain (599ms)
		LoadAssemblies (693ms)
		RebuildTransferFunctionScriptingTraits (0ms)
		AnalyzeDomain (57ms)
			TypeCache.Refresh (13ms)
				TypeCache.ScanAssembly (0ms)
			ScanForSourceGeneratedMonoScriptInfo (0ms)
			ResolveRequiredComponents (36ms)
	FinalizeReload (3198ms)
		ReleaseScriptCaches (0ms)
		RebuildScriptCaches (0ms)
		SetupLoadedEditorAssemblies (1251ms)
			LogAssemblyErrors (0ms)
			InitializePlatformSupportModulesInManaged (57ms)
			SetLoadedEditorAssemblies (11ms)
			RefreshPlugins (0ms)
			BeforeProcessingInitializeOnLoad (178ms)
			ProcessInitializeOnLoadAttributes (837ms)
			ProcessInitializeOnLoadMethodAttributes (155ms)
			AfterProcessingInitializeOnLoad (13ms)
			EditorAssembliesLoaded (0ms)
		ExecutionOrderSort2 (0ms)
		AwakeInstancesAfterBackupRestoration (35ms)
Refreshing native plugins compatible for Editor in 9.47 ms, found 3 plugins.
Preloading 0 native plugins for Editor in 0.00 ms.
Unloading 5914 Unused Serialized files (Serialized files now loaded: 0)
Unloading 46 unused Assets / (450.1 KB). Loaded Objects now: 8013.
Memory consumption went from 349.0 MB to 348.5 MB.
Total: 7.825200 ms (FindLiveObjects: 0.992100 ms CreateObjectMapping: 0.688100 ms MarkObjects: 5.804100 ms  DeleteObjects: 0.339200 ms)

Prepare: number of updated asset objects reloaded= 0
AssetImportParameters requested are different than current active one (requested -> active):
  custom:container-demuxer-ogg: 62fdf1f143b41e24485cea50d1cbac27 -> 
  custom:video-codec-MediaFoundation-h265: 746d11721c4dcdbdad8f713fa42b33f4 -> 
  custom:video-decoder-ogg-theora: a1e56fd34408186e4bbccfd4996cb3dc -> 
  custom:framework-win-MediaFoundation: 216162199b28c13a410421893ffa2e32 -> 
  custom:CustomObjectIndexerAttribute: 72b91833f83ae208fae7752999fa3104 -> 
  custom:container-demuxer-webm: 4f35f7cbe854078d1ac9338744f61a02 -> 
  custom:container-muxer-webm: aa71ff27fc2769a1b78a27578f13a17b -> 
  custom:video-decoder-webm-vp8: 9c59270c3fd7afecdb556c50c9e8de78 -> 
  custom:SearchIndexIgnoredProperties: e643bd26f0fe6173181afceb89e7c659 -> 
  custom:AudioImporter_EditorPlatform: d09bf68614088b80899f8185d706f6e7 -> 
  custom:video-encoder-webm-vp8: eb34c28f22e8b96e1ab97ce403110664 -> 
  custom:audio-decoder-ogg-vorbis: bf7c407c2cedff20999df2af8eb42d56 -> 
  custom:audio-encoder-webm-vorbis: bf7c407c2cedff20999df2af8eb42d56 -> 
========================================================================
Received Import Request.
  Time since last request: 56.335293 seconds.
  path: Assets/Prefab/MachineGunSentry.prefab
  artifactKey: Guid(cbbb0fbff609e9141b3b5fa8dc63e666) Importer(815301076,1909f56bfc062723c751e8b465ee728b)
Start importing Assets/Prefab/MachineGunSentry.prefab using Guid(cbbb0fbff609e9141b3b5fa8dc63e666) Importer(815301076,1909f56bfc062723c751e8b465ee728b)  -> (artifact id: '9bce1a6d74faab19977ef512372b88c6') in 0.093835 seconds
Number of updated asset objects reloaded before import = 0
Number of asset objects unloaded after import = 27
========================================================================
Received Prepare
Begin MonoManager ReloadAssembly
- Loaded All Assemblies, in  0.621 seconds
Refreshing native plugins compatible for Editor in 5.16 ms, found 3 plugins.
Native extension for WindowsStandalone target not found
Native extension for Android target not found
Native extension for WebGL target not found
Mono: successfully reloaded assembly
- Finished resetting the current domain, in  1.695 seconds
Domain Reload Profiling: 2313ms
	BeginReloadAssembly (193ms)
		ExecutionOrderSort (0ms)
		DisableScriptedObjects (6ms)
		BackupInstance (0ms)
		ReleaseScriptingObjects (0ms)
		CreateAndSetChildDomain (44ms)
	RebuildCommonClasses (41ms)
	RebuildNativeTypeToScriptingClass (14ms)
	initialDomainReloadingComplete (38ms)
	LoadAllAssembliesAndSetupDomain (331ms)
		LoadAssemblies (395ms)
		RebuildTransferFunctionScriptingTraits (0ms)
		AnalyzeDomain (33ms)
			TypeCache.Refresh (9ms)
				TypeCache.ScanAssembly (0ms)
			ScanForSourceGeneratedMonoScriptInfo (0ms)
			ResolveRequiredComponents (16ms)
	FinalizeReload (1696ms)
		ReleaseScriptCaches (0ms)
		RebuildScriptCaches (0ms)
		SetupLoadedEditorAssemblies (809ms)
			LogAssemblyErrors (0ms)
			InitializePlatformSupportModulesInManaged (32ms)
			SetLoadedEditorAssemblies (6ms)
			RefreshPlugins (0ms)
			BeforeProcessingInitializeOnLoad (115ms)
			ProcessInitializeOnLoadAttributes (545ms)
			ProcessInitializeOnLoadMethodAttributes (103ms)
			AfterProcessingInitializeOnLoad (8ms)
			EditorAssembliesLoaded (0ms)
		ExecutionOrderSort2 (0ms)
		AwakeInstancesAfterBackupRestoration (25ms)
Refreshing native plugins compatible for Editor in 9.36 ms, found 3 plugins.
Preloading 0 native plugins for Editor in 0.00 ms.
Unloading 5914 Unused Serialized files (Serialized files now loaded: 0)
Unloading 46 unused Assets / (458.2 KB). Loaded Objects now: 8029.
Memory consumption went from 350.8 MB to 350.3 MB.
Total: 7.295500 ms (FindLiveObjects: 0.796600 ms CreateObjectMapping: 0.480500 ms MarkObjects: 5.586900 ms  DeleteObjects: 0.429500 ms)

Prepare: number of updated asset objects reloaded= 0
AssetImportParameters requested are different than current active one (requested -> active):
  custom:container-demuxer-ogg: 62fdf1f143b41e24485cea50d1cbac27 -> 
  custom:video-codec-MediaFoundation-h265: 746d11721c4dcdbdad8f713fa42b33f4 -> 
  custom:video-decoder-ogg-theora: a1e56fd34408186e4bbccfd4996cb3dc -> 
  custom:framework-win-MediaFoundation: 216162199b28c13a410421893ffa2e32 -> 
  custom:CustomObjectIndexerAttribute: 72b91833f83ae208fae7752999fa3104 -> 
  custom:container-demuxer-webm: 4f35f7cbe854078d1ac9338744f61a02 -> 
  custom:container-muxer-webm: aa71ff27fc2769a1b78a27578f13a17b -> 
  custom:video-decoder-webm-vp8: 9c59270c3fd7afecdb556c50c9e8de78 -> 
  custom:SearchIndexIgnoredProperties: e643bd26f0fe6173181afceb89e7c659 -> 
  custom:AudioImporter_EditorPlatform: d09bf68614088b80899f8185d706f6e7 -> 
  custom:video-encoder-webm-vp8: eb34c28f22e8b96e1ab97ce403110664 -> 
  custom:audio-decoder-ogg-vorbis: bf7c407c2cedff20999df2af8eb42d56 -> 
  custom:audio-encoder-webm-vorbis: bf7c407c2cedff20999df2af8eb42d56 -> 
========================================================================
Received Import Request.
  Time since last request: 279.780480 seconds.
  path: Assets/Scripts/UIManager.cs
  artifactKey: Guid(0cd932bbe4150e547983a5f0b7a5625f) Importer(815301076,1909f56bfc062723c751e8b465ee728b)
Start importing Assets/Scripts/UIManager.cs using Guid(0cd932bbe4150e547983a5f0b7a5625f) Importer(815301076,1909f56bfc062723c751e8b465ee728b)  -> (artifact id: '4feea0f6618d1da3f0805e6d398b872d') in 0.004535 seconds
Number of updated asset objects reloaded before import = 0
Number of asset objects unloaded after import = 0
========================================================================
Received Prepare
Begin MonoManager ReloadAssembly
- Loaded All Assemblies, in  1.717 seconds
Refreshing native plugins compatible for Editor in 15.62 ms, found 3 plugins.
Native extension for WindowsStandalone target not found
Native extension for Android target not found
Native extension for WebGL target not found
Mono: successfully reloaded assembly
- Finished resetting the current domain, in  3.542 seconds
Domain Reload Profiling: 5254ms
	BeginReloadAssembly (494ms)
		ExecutionOrderSort (0ms)
		DisableScriptedObjects (10ms)
		BackupInstance (0ms)
		ReleaseScriptingObjects (0ms)
		CreateAndSetChildDomain (92ms)
	RebuildCommonClasses (78ms)
	RebuildNativeTypeToScriptingClass (25ms)
	initialDomainReloadingComplete (82ms)
	LoadAllAssembliesAndSetupDomain (1030ms)
		LoadAssemblies (1169ms)
		RebuildTransferFunctionScriptingTraits (0ms)
		AnalyzeDomain (179ms)
			TypeCache.Refresh (23ms)
				TypeCache.ScanAssembly (1ms)
			ScanForSourceGeneratedMonoScriptInfo (117ms)
			ResolveRequiredComponents (31ms)
	FinalizeReload (3545ms)
		ReleaseScriptCaches (0ms)
		RebuildScriptCaches (0ms)
		SetupLoadedEditorAssemblies (1300ms)
			LogAssemblyErrors (0ms)
			InitializePlatformSupportModulesInManaged (69ms)
			SetLoadedEditorAssemblies (9ms)
			RefreshPlugins (0ms)
			BeforeProcessingInitializeOnLoad (174ms)
			ProcessInitializeOnLoadAttributes (880ms)
			ProcessInitializeOnLoadMethodAttributes (155ms)
			AfterProcessingInitializeOnLoad (12ms)
			EditorAssembliesLoaded (0ms)
		ExecutionOrderSort2 (0ms)
		AwakeInstancesAfterBackupRestoration (40ms)
Refreshing native plugins compatible for Editor in 9.35 ms, found 3 plugins.
Preloading 0 native plugins for Editor in 0.00 ms.
Unloading 5915 Unused Serialized files (Serialized files now loaded: 0)
Unloading 46 unused Assets / (458.1 KB). Loaded Objects now: 8046.
Memory consumption went from 352.7 MB to 352.3 MB.
Total: 7.715800 ms (FindLiveObjects: 0.985200 ms CreateObjectMapping: 0.728200 ms MarkObjects: 5.624700 ms  DeleteObjects: 0.376100 ms)

Prepare: number of updated asset objects reloaded= 0
AssetImportParameters requested are different than current active one (requested -> active):
  custom:container-demuxer-ogg: 62fdf1f143b41e24485cea50d1cbac27 -> 
  custom:video-codec-MediaFoundation-h265: 746d11721c4dcdbdad8f713fa42b33f4 -> 
  custom:video-decoder-ogg-theora: a1e56fd34408186e4bbccfd4996cb3dc -> 
  custom:framework-win-MediaFoundation: 216162199b28c13a410421893ffa2e32 -> 
  custom:CustomObjectIndexerAttribute: 72b91833f83ae208fae7752999fa3104 -> 
  custom:container-demuxer-webm: 4f35f7cbe854078d1ac9338744f61a02 -> 
  custom:container-muxer-webm: aa71ff27fc2769a1b78a27578f13a17b -> 
  custom:video-decoder-webm-vp8: 9c59270c3fd7afecdb556c50c9e8de78 -> 
  custom:SearchIndexIgnoredProperties: e643bd26f0fe6173181afceb89e7c659 -> 
  custom:AudioImporter_EditorPlatform: d09bf68614088b80899f8185d706f6e7 -> 
  custom:video-encoder-webm-vp8: eb34c28f22e8b96e1ab97ce403110664 -> 
  custom:audio-decoder-ogg-vorbis: bf7c407c2cedff20999df2af8eb42d56 -> 
  custom:audio-encoder-webm-vorbis: bf7c407c2cedff20999df2af8eb42d56 -> 
========================================================================
Received Prepare
Begin MonoManager ReloadAssembly
- Loaded All Assemblies, in  1.254 seconds
Refreshing native plugins compatible for Editor in 9.92 ms, found 3 plugins.
Native extension for WindowsStandalone target not found
Native extension for Android target not found
Native extension for WebGL target not found
Mono: successfully reloaded assembly
- Finished resetting the current domain, in  3.409 seconds
Domain Reload Profiling: 4657ms
	BeginReloadAssembly (372ms)
		ExecutionOrderSort (0ms)
		DisableScriptedObjects (10ms)
		BackupInstance (0ms)
		ReleaseScriptingObjects (0ms)
		CreateAndSetChildDomain (112ms)
	RebuildCommonClasses (69ms)
	RebuildNativeTypeToScriptingClass (22ms)
	initialDomainReloadingComplete (62ms)
	LoadAllAssembliesAndSetupDomain (723ms)
		LoadAssemblies (760ms)
		RebuildTransferFunctionScriptingTraits (0ms)
		AnalyzeDomain (137ms)
			TypeCache.Refresh (20ms)
				TypeCache.ScanAssembly (1ms)
			ScanForSourceGeneratedMonoScriptInfo (81ms)
			ResolveRequiredComponents (26ms)
	FinalizeReload (3410ms)
		ReleaseScriptCaches (0ms)
		RebuildScriptCaches (0ms)
		SetupLoadedEditorAssemblies (1190ms)
			LogAssemblyErrors (0ms)
			InitializePlatformSupportModulesInManaged (53ms)
			SetLoadedEditorAssemblies (9ms)
			RefreshPlugins (0ms)
			BeforeProcessingInitializeOnLoad (175ms)
			ProcessInitializeOnLoadAttributes (799ms)
			ProcessInitializeOnLoadMethodAttributes (140ms)
			AfterProcessingInitializeOnLoad (13ms)
			EditorAssembliesLoaded (0ms)
		ExecutionOrderSort2 (0ms)
		AwakeInstancesAfterBackupRestoration (35ms)
Refreshing native plugins compatible for Editor in 11.68 ms, found 3 plugins.
Preloading 0 native plugins for Editor in 0.00 ms.
Unloading 5915 Unused Serialized files (Serialized files now loaded: 0)
Unloading 46 unused Assets / (450.1 KB). Loaded Objects now: 8062.
Memory consumption went from 354.6 MB to 354.2 MB.
Total: 9.165300 ms (FindLiveObjects: 1.086400 ms CreateObjectMapping: 0.876700 ms MarkObjects: 6.803000 ms  DeleteObjects: 0.396900 ms)

Prepare: number of updated asset objects reloaded= 0
AssetImportParameters requested are different than current active one (requested -> active):
  custom:container-demuxer-ogg: 62fdf1f143b41e24485cea50d1cbac27 -> 
  custom:video-codec-MediaFoundation-h265: 746d11721c4dcdbdad8f713fa42b33f4 -> 
  custom:video-decoder-ogg-theora: a1e56fd34408186e4bbccfd4996cb3dc -> 
  custom:framework-win-MediaFoundation: 216162199b28c13a410421893ffa2e32 -> 
  custom:CustomObjectIndexerAttribute: 72b91833f83ae208fae7752999fa3104 -> 
  custom:container-demuxer-webm: 4f35f7cbe854078d1ac9338744f61a02 -> 
  custom:container-muxer-webm: aa71ff27fc2769a1b78a27578f13a17b -> 
  custom:video-decoder-webm-vp8: 9c59270c3fd7afecdb556c50c9e8de78 -> 
  custom:SearchIndexIgnoredProperties: e643bd26f0fe6173181afceb89e7c659 -> 
  custom:AudioImporter_EditorPlatform: d09bf68614088b80899f8185d706f6e7 -> 
  custom:video-encoder-webm-vp8: eb34c28f22e8b96e1ab97ce403110664 -> 
  custom:audio-decoder-ogg-vorbis: bf7c407c2cedff20999df2af8eb42d56 -> 
  custom:audio-encoder-webm-vorbis: bf7c407c2cedff20999df2af8eb42d56 -> 
========================================================================
Received Prepare
Begin MonoManager ReloadAssembly
- Loaded All Assemblies, in  1.005 seconds
Refreshing native plugins compatible for Editor in 10.64 ms, found 3 plugins.
Native extension for WindowsStandalone target not found
Native extension for Android target not found
Native extension for WebGL target not found
Mono: successfully reloaded assembly
- Finished resetting the current domain, in  3.114 seconds
Domain Reload Profiling: 4113ms
	BeginReloadAssembly (306ms)
		ExecutionOrderSort (0ms)
		DisableScriptedObjects (10ms)
		BackupInstance (0ms)
		ReleaseScriptingObjects (0ms)
		CreateAndSetChildDomain (67ms)
	RebuildCommonClasses (64ms)
	RebuildNativeTypeToScriptingClass (23ms)
	initialDomainReloadingComplete (66ms)
	LoadAllAssembliesAndSetupDomain (539ms)
		LoadAssemblies (649ms)
		RebuildTransferFunctionScriptingTraits (0ms)
		AnalyzeDomain (46ms)
			TypeCache.Refresh (12ms)
				TypeCache.ScanAssembly (0ms)
			ScanForSourceGeneratedMonoScriptInfo (0ms)
			ResolveRequiredComponents (27ms)
	FinalizeReload (3115ms)
		ReleaseScriptCaches (0ms)
		RebuildScriptCaches (0ms)
		SetupLoadedEditorAssemblies (1214ms)
			LogAssemblyErrors (0ms)
			InitializePlatformSupportModulesInManaged (52ms)
			SetLoadedEditorAssemblies (9ms)
			RefreshPlugins (0ms)
			BeforeProcessingInitializeOnLoad (171ms)
			ProcessInitializeOnLoadAttributes (801ms)
			ProcessInitializeOnLoadMethodAttributes (167ms)
			AfterProcessingInitializeOnLoad (14ms)
			EditorAssembliesLoaded (1ms)
		ExecutionOrderSort2 (0ms)
		AwakeInstancesAfterBackupRestoration (39ms)
Refreshing native plugins compatible for Editor in 11.82 ms, found 3 plugins.
Preloading 0 native plugins for Editor in 0.00 ms.
Unloading 5915 Unused Serialized files (Serialized files now loaded: 0)
Unloading 46 unused Assets / (450.3 KB). Loaded Objects now: 8078.
Memory consumption went from 356.6 MB to 356.1 MB.
Total: 8.035700 ms (FindLiveObjects: 0.961200 ms CreateObjectMapping: 0.764700 ms MarkObjects: 5.766100 ms  DeleteObjects: 0.541800 ms)

Prepare: number of updated asset objects reloaded= 0
AssetImportParameters requested are different than current active one (requested -> active):
  custom:container-demuxer-ogg: 62fdf1f143b41e24485cea50d1cbac27 -> 
  custom:video-codec-MediaFoundation-h265: 746d11721c4dcdbdad8f713fa42b33f4 -> 
  custom:video-decoder-ogg-theora: a1e56fd34408186e4bbccfd4996cb3dc -> 
  custom:framework-win-MediaFoundation: 216162199b28c13a410421893ffa2e32 -> 
  custom:CustomObjectIndexerAttribute: 72b91833f83ae208fae7752999fa3104 -> 
  custom:container-demuxer-webm: 4f35f7cbe854078d1ac9338744f61a02 -> 
  custom:container-muxer-webm: aa71ff27fc2769a1b78a27578f13a17b -> 
  custom:video-decoder-webm-vp8: 9c59270c3fd7afecdb556c50c9e8de78 -> 
  custom:SearchIndexIgnoredProperties: e643bd26f0fe6173181afceb89e7c659 -> 
  custom:AudioImporter_EditorPlatform: d09bf68614088b80899f8185d706f6e7 -> 
  custom:video-encoder-webm-vp8: eb34c28f22e8b96e1ab97ce403110664 -> 
  custom:audio-decoder-ogg-vorbis: bf7c407c2cedff20999df2af8eb42d56 -> 
  custom:audio-encoder-webm-vorbis: bf7c407c2cedff20999df2af8eb42d56 -> 
========================================================================
Received Prepare
Begin MonoManager ReloadAssembly
- Loaded All Assemblies, in  0.665 seconds
Refreshing native plugins compatible for Editor in 5.23 ms, found 3 plugins.
Native extension for WindowsStandalone target not found
Native extension for Android target not found
Native extension for WebGL target not found
Mono: successfully reloaded assembly
- Finished resetting the current domain, in  1.629 seconds
Domain Reload Profiling: 2290ms
	BeginReloadAssembly (201ms)
		ExecutionOrderSort (0ms)
		DisableScriptedObjects (5ms)
		BackupInstance (0ms)
		ReleaseScriptingObjects (0ms)
		CreateAndSetChildDomain (47ms)
	RebuildCommonClasses (40ms)
	RebuildNativeTypeToScriptingClass (14ms)
	initialDomainReloadingComplete (40ms)
	LoadAllAssembliesAndSetupDomain (366ms)
		LoadAssemblies (396ms)
		RebuildTransferFunctionScriptingTraits (0ms)
		AnalyzeDomain (68ms)
			TypeCache.Refresh (14ms)
				TypeCache.ScanAssembly (0ms)
			ScanForSourceGeneratedMonoScriptInfo (32ms)
			ResolveRequiredComponents (15ms)
	FinalizeReload (1629ms)
		ReleaseScriptCaches (0ms)
		RebuildScriptCaches (0ms)
		SetupLoadedEditorAssemblies (734ms)
			LogAssemblyErrors (0ms)
			InitializePlatformSupportModulesInManaged (32ms)
			SetLoadedEditorAssemblies (6ms)
			RefreshPlugins (0ms)
			BeforeProcessingInitializeOnLoad (110ms)
			ProcessInitializeOnLoadAttributes (493ms)
			ProcessInitializeOnLoadMethodAttributes (85ms)
			AfterProcessingInitializeOnLoad (6ms)
			EditorAssembliesLoaded (0ms)
		ExecutionOrderSort2 (0ms)
		AwakeInstancesAfterBackupRestoration (21ms)
Refreshing native plugins compatible for Editor in 6.58 ms, found 3 plugins.
Preloading 0 native plugins for Editor in 0.00 ms.
Unloading 5915 Unused Serialized files (Serialized files now loaded: 0)
Unloading 46 unused Assets / (458.0 KB). Loaded Objects now: 8094.
Memory consumption went from 358.5 MB to 358.1 MB.
Total: 7.885600 ms (FindLiveObjects: 0.792900 ms CreateObjectMapping: 0.556700 ms MarkObjects: 6.149100 ms  DeleteObjects: 0.384600 ms)

Prepare: number of updated asset objects reloaded= 0
AssetImportParameters requested are different than current active one (requested -> active):
  custom:container-demuxer-ogg: 62fdf1f143b41e24485cea50d1cbac27 -> 
  custom:video-codec-MediaFoundation-h265: 746d11721c4dcdbdad8f713fa42b33f4 -> 
  custom:video-decoder-ogg-theora: a1e56fd34408186e4bbccfd4996cb3dc -> 
  custom:framework-win-MediaFoundation: 216162199b28c13a410421893ffa2e32 -> 
  custom:CustomObjectIndexerAttribute: 72b91833f83ae208fae7752999fa3104 -> 
  custom:container-demuxer-webm: 4f35f7cbe854078d1ac9338744f61a02 -> 
  custom:container-muxer-webm: aa71ff27fc2769a1b78a27578f13a17b -> 
  custom:video-decoder-webm-vp8: 9c59270c3fd7afecdb556c50c9e8de78 -> 
  custom:SearchIndexIgnoredProperties: e643bd26f0fe6173181afceb89e7c659 -> 
  custom:AudioImporter_EditorPlatform: d09bf68614088b80899f8185d706f6e7 -> 
  custom:video-encoder-webm-vp8: eb34c28f22e8b96e1ab97ce403110664 -> 
  custom:audio-decoder-ogg-vorbis: bf7c407c2cedff20999df2af8eb42d56 -> 
  custom:audio-encoder-webm-vorbis: bf7c407c2cedff20999df2af8eb42d56 -> 
========================================================================
Received Prepare
Begin MonoManager ReloadAssembly
- Loaded All Assemblies, in  1.211 seconds
Refreshing native plugins compatible for Editor in 8.68 ms, found 3 plugins.
Native extension for WindowsStandalone target not found
Native extension for Android target not found
Native extension for WebGL target not found
Mono: successfully reloaded assembly
- Finished resetting the current domain, in  3.204 seconds
Domain Reload Profiling: 4408ms
	BeginReloadAssembly (328ms)
		ExecutionOrderSort (0ms)
		DisableScriptedObjects (9ms)
		BackupInstance (0ms)
		ReleaseScriptingObjects (0ms)
		CreateAndSetChildDomain (71ms)
	RebuildCommonClasses (67ms)
	RebuildNativeTypeToScriptingClass (24ms)
	initialDomainReloadingComplete (65ms)
	LoadAllAssembliesAndSetupDomain (718ms)
		LoadAssemblies (751ms)
		RebuildTransferFunctionScriptingTraits (0ms)
		AnalyzeDomain (137ms)
			TypeCache.Refresh (23ms)
				TypeCache.ScanAssembly (1ms)
			ScanForSourceGeneratedMonoScriptInfo (83ms)
			ResolveRequiredComponents (24ms)
	FinalizeReload (3204ms)
		ReleaseScriptCaches (0ms)
		RebuildScriptCaches (0ms)
		SetupLoadedEditorAssemblies (1233ms)
			LogAssemblyErrors (0ms)
			InitializePlatformSupportModulesInManaged (50ms)
			SetLoadedEditorAssemblies (9ms)
			RefreshPlugins (0ms)
			BeforeProcessingInitializeOnLoad (172ms)
			ProcessInitializeOnLoadAttributes (832ms)
			ProcessInitializeOnLoadMethodAttributes (157ms)
			AfterProcessingInitializeOnLoad (12ms)
			EditorAssembliesLoaded (0ms)
		ExecutionOrderSort2 (0ms)
		AwakeInstancesAfterBackupRestoration (35ms)
Refreshing native plugins compatible for Editor in 7.33 ms, found 3 plugins.
Preloading 0 native plugins for Editor in 0.00 ms.
Unloading 5915 Unused Serialized files (Serialized files now loaded: 0)
Unloading 46 unused Assets / (458.1 KB). Loaded Objects now: 8110.
Memory consumption went from 360.5 MB to 360.0 MB.
Total: 7.076400 ms (FindLiveObjects: 0.814800 ms CreateObjectMapping: 0.515200 ms MarkObjects: 5.313900 ms  DeleteObjects: 0.430300 ms)

Prepare: number of updated asset objects reloaded= 0
AssetImportParameters requested are different than current active one (requested -> active):
  custom:container-demuxer-ogg: 62fdf1f143b41e24485cea50d1cbac27 -> 
  custom:video-codec-MediaFoundation-h265: 746d11721c4dcdbdad8f713fa42b33f4 -> 
  custom:video-decoder-ogg-theora: a1e56fd34408186e4bbccfd4996cb3dc -> 
  custom:framework-win-MediaFoundation: 216162199b28c13a410421893ffa2e32 -> 
  custom:CustomObjectIndexerAttribute: 72b91833f83ae208fae7752999fa3104 -> 
  custom:container-demuxer-webm: 4f35f7cbe854078d1ac9338744f61a02 -> 
  custom:container-muxer-webm: aa71ff27fc2769a1b78a27578f13a17b -> 
  custom:video-decoder-webm-vp8: 9c59270c3fd7afecdb556c50c9e8de78 -> 
  custom:SearchIndexIgnoredProperties: e643bd26f0fe6173181afceb89e7c659 -> 
  custom:AudioImporter_EditorPlatform: d09bf68614088b80899f8185d706f6e7 -> 
  custom:video-encoder-webm-vp8: eb34c28f22e8b96e1ab97ce403110664 -> 
  custom:audio-decoder-ogg-vorbis: bf7c407c2cedff20999df2af8eb42d56 -> 
  custom:audio-encoder-webm-vorbis: bf7c407c2cedff20999df2af8eb42d56 -> 
========================================================================
Received Prepare
Begin MonoManager ReloadAssembly
- Loaded All Assemblies, in  1.385 seconds
Refreshing native plugins compatible for Editor in 10.66 ms, found 3 plugins.
Native extension for WindowsStandalone target not found
Native extension for Android target not found
Native extension for WebGL target not found
Mono: successfully reloaded assembly
- Finished resetting the current domain, in  3.741 seconds
Domain Reload Profiling: 5119ms
	BeginReloadAssembly (360ms)
		ExecutionOrderSort (0ms)
		DisableScriptedObjects (13ms)
		BackupInstance (0ms)
		ReleaseScriptingObjects (0ms)
		CreateAndSetChildDomain (67ms)
	RebuildCommonClasses (82ms)
	RebuildNativeTypeToScriptingClass (29ms)
	initialDomainReloadingComplete (97ms)
	LoadAllAssembliesAndSetupDomain (809ms)
		LoadAssemblies (842ms)
		RebuildTransferFunctionScriptingTraits (0ms)
		AnalyzeDomain (139ms)
			TypeCache.Refresh (20ms)
				TypeCache.ScanAssembly (1ms)
			ScanForSourceGeneratedMonoScriptInfo (76ms)
			ResolveRequiredComponents (37ms)
	FinalizeReload (3742ms)
		ReleaseScriptCaches (0ms)
		RebuildScriptCaches (0ms)
		SetupLoadedEditorAssemblies (1568ms)
			LogAssemblyErrors (0ms)
			InitializePlatformSupportModulesInManaged (61ms)
			SetLoadedEditorAssemblies (10ms)
			RefreshPlugins (0ms)
			BeforeProcessingInitializeOnLoad (249ms)
			ProcessInitializeOnLoadAttributes (1096ms)
			ProcessInitializeOnLoadMethodAttributes (133ms)
			AfterProcessingInitializeOnLoad (18ms)
			EditorAssembliesLoaded (1ms)
		ExecutionOrderSort2 (1ms)
		AwakeInstancesAfterBackupRestoration (34ms)
Script is not up to date after domain reload: guid(0cd932bbe4150e547983a5f0b7a5625f) path("Assets/Scripts/UIManager.cs") state(2)
Refreshing native plugins compatible for Editor in 10.82 ms, found 3 plugins.
Preloading 0 native plugins for Editor in 0.00 ms.
Unloading 5914 Unused Serialized files (Serialized files now loaded: 0)
Unloading 46 unused Assets / (458.1 KB). Loaded Objects now: 8125.
Memory consumption went from 362.4 MB to 361.9 MB.
Total: 7.970100 ms (FindLiveObjects: 1.036100 ms CreateObjectMapping: 0.744300 ms MarkObjects: 5.752700 ms  DeleteObjects: 0.435000 ms)

Prepare: number of updated asset objects reloaded= 0
AssetImportParameters requested are different than current active one (requested -> active):
  custom:container-demuxer-ogg: 62fdf1f143b41e24485cea50d1cbac27 -> 
  custom:video-codec-MediaFoundation-h265: 746d11721c4dcdbdad8f713fa42b33f4 -> 
  custom:video-decoder-ogg-theora: a1e56fd34408186e4bbccfd4996cb3dc -> 
  custom:framework-win-MediaFoundation: 216162199b28c13a410421893ffa2e32 -> 
  custom:CustomObjectIndexerAttribute: 72b91833f83ae208fae7752999fa3104 -> 
  custom:container-demuxer-webm: 4f35f7cbe854078d1ac9338744f61a02 -> 
  custom:container-muxer-webm: aa71ff27fc2769a1b78a27578f13a17b -> 
  custom:video-decoder-webm-vp8: 9c59270c3fd7afecdb556c50c9e8de78 -> 
  custom:SearchIndexIgnoredProperties: e643bd26f0fe6173181afceb89e7c659 -> 
  custom:AudioImporter_EditorPlatform: d09bf68614088b80899f8185d706f6e7 -> 
  custom:video-encoder-webm-vp8: eb34c28f22e8b96e1ab97ce403110664 -> 
  custom:audio-decoder-ogg-vorbis: bf7c407c2cedff20999df2af8eb42d56 -> 
  custom:audio-encoder-webm-vorbis: bf7c407c2cedff20999df2af8eb42d56 -> 
========================================================================
Received Prepare
Begin MonoManager ReloadAssembly
- Loaded All Assemblies, in  1.300 seconds
Refreshing native plugins compatible for Editor in 10.76 ms, found 3 plugins.
Native extension for WindowsStandalone target not found
Native extension for Android target not found
Native extension for WebGL target not found
Mono: successfully reloaded assembly
- Finished resetting the current domain, in  3.265 seconds
Domain Reload Profiling: 4559ms
	BeginReloadAssembly (392ms)
		ExecutionOrderSort (0ms)
		DisableScriptedObjects (16ms)
		BackupInstance (0ms)
		ReleaseScriptingObjects (0ms)
		CreateAndSetChildDomain (88ms)
	RebuildCommonClasses (78ms)
	RebuildNativeTypeToScriptingClass (25ms)
	initialDomainReloadingComplete (61ms)
	LoadAllAssembliesAndSetupDomain (737ms)
		LoadAssemblies (775ms)
		RebuildTransferFunctionScriptingTraits (0ms)
		AnalyzeDomain (140ms)
			TypeCache.Refresh (27ms)
				TypeCache.ScanAssembly (1ms)
			ScanForSourceGeneratedMonoScriptInfo (71ms)
			ResolveRequiredComponents (34ms)
	FinalizeReload (3266ms)
		ReleaseScriptCaches (0ms)
		RebuildScriptCaches (0ms)
		SetupLoadedEditorAssemblies (1247ms)
			LogAssemblyErrors (0ms)
			InitializePlatformSupportModulesInManaged (50ms)
			SetLoadedEditorAssemblies (10ms)
			RefreshPlugins (0ms)
			BeforeProcessingInitializeOnLoad (200ms)
			ProcessInitializeOnLoadAttributes (836ms)
			ProcessInitializeOnLoadMethodAttributes (137ms)
			AfterProcessingInitializeOnLoad (13ms)
			EditorAssembliesLoaded (1ms)
		ExecutionOrderSort2 (0ms)
		AwakeInstancesAfterBackupRestoration (47ms)
Refreshing native plugins compatible for Editor in 10.19 ms, found 3 plugins.
Preloading 0 native plugins for Editor in 0.00 ms.
Unloading 5915 Unused Serialized files (Serialized files now loaded: 0)
Unloading 46 unused Assets / (458.2 KB). Loaded Objects now: 8142.
Memory consumption went from 364.2 MB to 363.8 MB.
Total: 7.389800 ms (FindLiveObjects: 1.032800 ms CreateObjectMapping: 0.509300 ms MarkObjects: 5.396600 ms  DeleteObjects: 0.449400 ms)

Prepare: number of updated asset objects reloaded= 0
AssetImportParameters requested are different than current active one (requested -> active):
  custom:container-demuxer-ogg: 62fdf1f143b41e24485cea50d1cbac27 -> 
  custom:video-codec-MediaFoundation-h265: 746d11721c4dcdbdad8f713fa42b33f4 -> 
  custom:video-decoder-ogg-theora: a1e56fd34408186e4bbccfd4996cb3dc -> 
  custom:framework-win-MediaFoundation: 216162199b28c13a410421893ffa2e32 -> 
  custom:CustomObjectIndexerAttribute: 72b91833f83ae208fae7752999fa3104 -> 
  custom:container-demuxer-webm: 4f35f7cbe854078d1ac9338744f61a02 -> 
  custom:container-muxer-webm: aa71ff27fc2769a1b78a27578f13a17b -> 
  custom:video-decoder-webm-vp8: 9c59270c3fd7afecdb556c50c9e8de78 -> 
  custom:SearchIndexIgnoredProperties: e643bd26f0fe6173181afceb89e7c659 -> 
  custom:AudioImporter_EditorPlatform: d09bf68614088b80899f8185d706f6e7 -> 
  custom:video-encoder-webm-vp8: eb34c28f22e8b96e1ab97ce403110664 -> 
  custom:audio-decoder-ogg-vorbis: bf7c407c2cedff20999df2af8eb42d56 -> 
  custom:audio-encoder-webm-vorbis: bf7c407c2cedff20999df2af8eb42d56 -> 
========================================================================
Received Prepare
Begin MonoManager ReloadAssembly
- Loaded All Assemblies, in  0.678 seconds
Refreshing native plugins compatible for Editor in 4.46 ms, found 3 plugins.
Native extension for WindowsStandalone target not found
Native extension for Android target not found
Native extension for WebGL target not found
Mono: successfully reloaded assembly
- Finished resetting the current domain, in  1.811 seconds
Domain Reload Profiling: 2486ms
	BeginReloadAssembly (201ms)
		ExecutionOrderSort (0ms)
		DisableScriptedObjects (6ms)
		BackupInstance (0ms)
		ReleaseScriptingObjects (0ms)
		CreateAndSetChildDomain (46ms)
	RebuildCommonClasses (44ms)
	RebuildNativeTypeToScriptingClass (14ms)
	initialDomainReloadingComplete (40ms)
	LoadAllAssembliesAndSetupDomain (374ms)
		LoadAssemblies (400ms)
		RebuildTransferFunctionScriptingTraits (0ms)
		AnalyzeDomain (74ms)
			TypeCache.Refresh (15ms)
				TypeCache.ScanAssembly (1ms)
			ScanForSourceGeneratedMonoScriptInfo (37ms)
			ResolveRequiredComponents (16ms)
	FinalizeReload (1812ms)
		ReleaseScriptCaches (0ms)
		RebuildScriptCaches (0ms)
		SetupLoadedEditorAssemblies (861ms)
			LogAssemblyErrors (0ms)
			InitializePlatformSupportModulesInManaged (46ms)
			SetLoadedEditorAssemblies (7ms)
			RefreshPlugins (0ms)
			BeforeProcessingInitializeOnLoad (136ms)
			ProcessInitializeOnLoadAttributes (570ms)
			ProcessInitializeOnLoadMethodAttributes (95ms)
			AfterProcessingInitializeOnLoad (7ms)
			EditorAssembliesLoaded (0ms)
		ExecutionOrderSort2 (0ms)
		AwakeInstancesAfterBackupRestoration (21ms)
Refreshing native plugins compatible for Editor in 8.07 ms, found 3 plugins.
Preloading 0 native plugins for Editor in 0.00 ms.
Unloading 5915 Unused Serialized files (Serialized files now loaded: 0)
Unloading 46 unused Assets / (433.9 KB). Loaded Objects now: 8158.
Memory consumption went from 366.2 MB to 365.8 MB.
Total: 6.859000 ms (FindLiveObjects: 0.786400 ms CreateObjectMapping: 0.520900 ms MarkObjects: 5.113700 ms  DeleteObjects: 0.436200 ms)

Prepare: number of updated asset objects reloaded= 0
AssetImportParameters requested are different than current active one (requested -> active):
  custom:container-demuxer-ogg: 62fdf1f143b41e24485cea50d1cbac27 -> 
  custom:video-codec-MediaFoundation-h265: 746d11721c4dcdbdad8f713fa42b33f4 -> 
  custom:video-decoder-ogg-theora: a1e56fd34408186e4bbccfd4996cb3dc -> 
  custom:framework-win-MediaFoundation: 216162199b28c13a410421893ffa2e32 -> 
  custom:CustomObjectIndexerAttribute: 72b91833f83ae208fae7752999fa3104 -> 
  custom:container-demuxer-webm: 4f35f7cbe854078d1ac9338744f61a02 -> 
  custom:container-muxer-webm: aa71ff27fc2769a1b78a27578f13a17b -> 
  custom:video-decoder-webm-vp8: 9c59270c3fd7afecdb556c50c9e8de78 -> 
  custom:SearchIndexIgnoredProperties: e643bd26f0fe6173181afceb89e7c659 -> 
  custom:AudioImporter_EditorPlatform: d09bf68614088b80899f8185d706f6e7 -> 
  custom:video-encoder-webm-vp8: eb34c28f22e8b96e1ab97ce403110664 -> 
  custom:audio-decoder-ogg-vorbis: bf7c407c2cedff20999df2af8eb42d56 -> 
  custom:audio-encoder-webm-vorbis: bf7c407c2cedff20999df2af8eb42d56 -> 
========================================================================
Received Prepare
Begin MonoManager ReloadAssembly
- Loaded All Assemblies, in  1.127 seconds
Refreshing native plugins compatible for Editor in 11.73 ms, found 3 plugins.
Native extension for WindowsStandalone target not found
Native extension for Android target not found
Native extension for WebGL target not found
Mono: successfully reloaded assembly
- Finished resetting the current domain, in  3.255 seconds
Domain Reload Profiling: 4376ms
	BeginReloadAssembly (304ms)
		ExecutionOrderSort (0ms)
		DisableScriptedObjects (9ms)
		BackupInstance (0ms)
		ReleaseScriptingObjects (0ms)
		CreateAndSetChildDomain (60ms)
	RebuildCommonClasses (65ms)
	RebuildNativeTypeToScriptingClass (22ms)
	initialDomainReloadingComplete (88ms)
	LoadAllAssembliesAndSetupDomain (642ms)
		LoadAssemblies (698ms)
		RebuildTransferFunctionScriptingTraits (0ms)
		AnalyzeDomain (116ms)
			TypeCache.Refresh (20ms)
				TypeCache.ScanAssembly (1ms)
			ScanForSourceGeneratedMonoScriptInfo (54ms)
			ResolveRequiredComponents (30ms)
	FinalizeReload (3256ms)
		ReleaseScriptCaches (0ms)
		RebuildScriptCaches (0ms)
		SetupLoadedEditorAssemblies (1241ms)
			LogAssemblyErrors (0ms)
			InitializePlatformSupportModulesInManaged (50ms)
			SetLoadedEditorAssemblies (9ms)
			RefreshPlugins (0ms)
			BeforeProcessingInitializeOnLoad (192ms)
			ProcessInitializeOnLoadAttributes (833ms)
			ProcessInitializeOnLoadMethodAttributes (143ms)
			AfterProcessingInitializeOnLoad (14ms)
			EditorAssembliesLoaded (0ms)
		ExecutionOrderSort2 (0ms)
		AwakeInstancesAfterBackupRestoration (34ms)
Refreshing native plugins compatible for Editor in 9.50 ms, found 3 plugins.
Preloading 0 native plugins for Editor in 0.00 ms.
Unloading 5915 Unused Serialized files (Serialized files now loaded: 0)
Unloading 46 unused Assets / (450.0 KB). Loaded Objects now: 8174.
Memory consumption went from 368.2 MB to 367.7 MB.
Total: 7.639300 ms (FindLiveObjects: 1.014400 ms CreateObjectMapping: 0.620700 ms MarkObjects: 5.646900 ms  DeleteObjects: 0.355400 ms)

Prepare: number of updated asset objects reloaded= 0
AssetImportParameters requested are different than current active one (requested -> active):
  custom:container-demuxer-ogg: 62fdf1f143b41e24485cea50d1cbac27 -> 
  custom:video-codec-MediaFoundation-h265: 746d11721c4dcdbdad8f713fa42b33f4 -> 
  custom:video-decoder-ogg-theora: a1e56fd34408186e4bbccfd4996cb3dc -> 
  custom:framework-win-MediaFoundation: 216162199b28c13a410421893ffa2e32 -> 
  custom:CustomObjectIndexerAttribute: 72b91833f83ae208fae7752999fa3104 -> 
  custom:container-demuxer-webm: 4f35f7cbe854078d1ac9338744f61a02 -> 
  custom:container-muxer-webm: aa71ff27fc2769a1b78a27578f13a17b -> 
  custom:video-decoder-webm-vp8: 9c59270c3fd7afecdb556c50c9e8de78 -> 
  custom:SearchIndexIgnoredProperties: e643bd26f0fe6173181afceb89e7c659 -> 
  custom:AudioImporter_EditorPlatform: d09bf68614088b80899f8185d706f6e7 -> 
  custom:video-encoder-webm-vp8: eb34c28f22e8b96e1ab97ce403110664 -> 
  custom:audio-decoder-ogg-vorbis: bf7c407c2cedff20999df2af8eb42d56 -> 
  custom:audio-encoder-webm-vorbis: bf7c407c2cedff20999df2af8eb42d56 -> 
========================================================================
Received Prepare
Begin MonoManager ReloadAssembly
- Loaded All Assemblies, in  1.255 seconds
Refreshing native plugins compatible for Editor in 16.44 ms, found 3 plugins.
Native extension for WindowsStandalone target not found
Native extension for Android target not found
Native extension for WebGL target not found
Mono: successfully reloaded assembly
- Finished resetting the current domain, in  3.735 seconds
Domain Reload Profiling: 4983ms
	BeginReloadAssembly (369ms)
		ExecutionOrderSort (0ms)
		DisableScriptedObjects (11ms)
		BackupInstance (0ms)
		ReleaseScriptingObjects (0ms)
		CreateAndSetChildDomain (85ms)
	RebuildCommonClasses (70ms)
	RebuildNativeTypeToScriptingClass (22ms)
	initialDomainReloadingComplete (68ms)
	LoadAllAssembliesAndSetupDomain (717ms)
		LoadAssemblies (795ms)
		RebuildTransferFunctionScriptingTraits (0ms)
		AnalyzeDomain (109ms)
			TypeCache.Refresh (26ms)
				TypeCache.ScanAssembly (1ms)
			ScanForSourceGeneratedMonoScriptInfo (51ms)
			ResolveRequiredComponents (26ms)
	FinalizeReload (3737ms)
		ReleaseScriptCaches (0ms)
		RebuildScriptCaches (0ms)
		SetupLoadedEditorAssemblies (1434ms)
			LogAssemblyErrors (0ms)
			InitializePlatformSupportModulesInManaged (56ms)
			SetLoadedEditorAssemblies (10ms)
			RefreshPlugins (0ms)
			BeforeProcessingInitializeOnLoad (249ms)
			ProcessInitializeOnLoadAttributes (907ms)
			ProcessInitializeOnLoadMethodAttributes (198ms)
			AfterProcessingInitializeOnLoad (14ms)
			EditorAssembliesLoaded (0ms)
		ExecutionOrderSort2 (0ms)
		AwakeInstancesAfterBackupRestoration (46ms)
Script is not up to date after domain reload: guid(d2d27be93f54b5440aa2e80c8a88f8b2) path("Assets/Player/Scripts/PlayerLoadout.cs") state(2)
Refreshing native plugins compatible for Editor in 12.52 ms, found 3 plugins.
Preloading 0 native plugins for Editor in 0.00 ms.
Unloading 5914 Unused Serialized files (Serialized files now loaded: 0)
Unloading 46 unused Assets / (433.9 KB). Loaded Objects now: 8189.
Memory consumption went from 370.0 MB to 369.6 MB.
Total: 9.557700 ms (FindLiveObjects: 1.477200 ms CreateObjectMapping: 0.795100 ms MarkObjects: 6.909600 ms  DeleteObjects: 0.373900 ms)

Prepare: number of updated asset objects reloaded= 0
AssetImportParameters requested are different than current active one (requested -> active):
  custom:container-demuxer-ogg: 62fdf1f143b41e24485cea50d1cbac27 -> 
  custom:video-codec-MediaFoundation-h265: 746d11721c4dcdbdad8f713fa42b33f4 -> 
  custom:video-decoder-ogg-theora: a1e56fd34408186e4bbccfd4996cb3dc -> 
  custom:framework-win-MediaFoundation: 216162199b28c13a410421893ffa2e32 -> 
  custom:CustomObjectIndexerAttribute: 72b91833f83ae208fae7752999fa3104 -> 
  custom:container-demuxer-webm: 4f35f7cbe854078d1ac9338744f61a02 -> 
  custom:container-muxer-webm: aa71ff27fc2769a1b78a27578f13a17b -> 
  custom:video-decoder-webm-vp8: 9c59270c3fd7afecdb556c50c9e8de78 -> 
  custom:SearchIndexIgnoredProperties: e643bd26f0fe6173181afceb89e7c659 -> 
  custom:AudioImporter_EditorPlatform: d09bf68614088b80899f8185d706f6e7 -> 
  custom:video-encoder-webm-vp8: eb34c28f22e8b96e1ab97ce403110664 -> 
  custom:audio-decoder-ogg-vorbis: bf7c407c2cedff20999df2af8eb42d56 -> 
  custom:audio-encoder-webm-vorbis: bf7c407c2cedff20999df2af8eb42d56 -> 
========================================================================
Received Prepare
Begin MonoManager ReloadAssembly
- Loaded All Assemblies, in  1.316 seconds
Refreshing native plugins compatible for Editor in 11.99 ms, found 3 plugins.
Native extension for WindowsStandalone target not found
Native extension for Android target not found
Native extension for WebGL target not found
Mono: successfully reloaded assembly
- Finished resetting the current domain, in  3.863 seconds
Domain Reload Profiling: 5173ms
	BeginReloadAssembly (421ms)
		ExecutionOrderSort (0ms)
		DisableScriptedObjects (13ms)
		BackupInstance (0ms)
		ReleaseScriptingObjects (0ms)
		CreateAndSetChildDomain (100ms)
	RebuildCommonClasses (68ms)
	RebuildNativeTypeToScriptingClass (26ms)
	initialDomainReloadingComplete (76ms)
	LoadAllAssembliesAndSetupDomain (718ms)
		LoadAssemblies (783ms)
		RebuildTransferFunctionScriptingTraits (0ms)
		AnalyzeDomain (151ms)
			TypeCache.Refresh (27ms)
				TypeCache.ScanAssembly (1ms)
			ScanForSourceGeneratedMonoScriptInfo (74ms)
			ResolveRequiredComponents (43ms)
	FinalizeReload (3864ms)
		ReleaseScriptCaches (0ms)
		RebuildScriptCaches (0ms)
		SetupLoadedEditorAssemblies (1598ms)
			LogAssemblyErrors (0ms)
			InitializePlatformSupportModulesInManaged (79ms)
			SetLoadedEditorAssemblies (14ms)
			RefreshPlugins (0ms)
			BeforeProcessingInitializeOnLoad (313ms)
			ProcessInitializeOnLoadAttributes (1012ms)
			ProcessInitializeOnLoadMethodAttributes (167ms)
			AfterProcessingInitializeOnLoad (11ms)
			EditorAssembliesLoaded (0ms)
		ExecutionOrderSort2 (0ms)
		AwakeInstancesAfterBackupRestoration (30ms)
Script is not up to date after domain reload: guid(d2d27be93f54b5440aa2e80c8a88f8b2) path("Assets/Player/Scripts/PlayerLoadout.cs") state(2)
Script is not up to date after domain reload: guid(0cd932bbe4150e547983a5f0b7a5625f) path("Assets/Scripts/UIManager.cs") state(2)
Refreshing native plugins compatible for Editor in 9.32 ms, found 3 plugins.
Preloading 0 native plugins for Editor in 0.00 ms.
Unloading 5913 Unused Serialized files (Serialized files now loaded: 0)
Unloading 46 unused Assets / (434.0 KB). Loaded Objects now: 8204.
Memory consumption went from 372.0 MB to 371.5 MB.
Total: 8.314600 ms (FindLiveObjects: 1.003700 ms CreateObjectMapping: 0.977600 ms MarkObjects: 5.937800 ms  DeleteObjects: 0.394000 ms)

Prepare: number of updated asset objects reloaded= 0
AssetImportParameters requested are different than current active one (requested -> active):
  custom:container-demuxer-ogg: 62fdf1f143b41e24485cea50d1cbac27 -> 
  custom:video-codec-MediaFoundation-h265: 746d11721c4dcdbdad8f713fa42b33f4 -> 
  custom:video-decoder-ogg-theora: a1e56fd34408186e4bbccfd4996cb3dc -> 
  custom:framework-win-MediaFoundation: 216162199b28c13a410421893ffa2e32 -> 
  custom:CustomObjectIndexerAttribute: 72b91833f83ae208fae7752999fa3104 -> 
  custom:container-demuxer-webm: 4f35f7cbe854078d1ac9338744f61a02 -> 
  custom:container-muxer-webm: aa71ff27fc2769a1b78a27578f13a17b -> 
  custom:video-decoder-webm-vp8: 9c59270c3fd7afecdb556c50c9e8de78 -> 
  custom:SearchIndexIgnoredProperties: e643bd26f0fe6173181afceb89e7c659 -> 
  custom:AudioImporter_EditorPlatform: d09bf68614088b80899f8185d706f6e7 -> 
  custom:video-encoder-webm-vp8: eb34c28f22e8b96e1ab97ce403110664 -> 
  custom:audio-decoder-ogg-vorbis: bf7c407c2cedff20999df2af8eb42d56 -> 
  custom:audio-encoder-webm-vorbis: bf7c407c2cedff20999df2af8eb42d56 -> 
========================================================================
Received Prepare
Begin MonoManager ReloadAssembly
- Loaded All Assemblies, in  1.106 seconds
Refreshing native plugins compatible for Editor in 9.98 ms, found 3 plugins.
Native extension for WindowsStandalone target not found
Native extension for Android target not found
Native extension for WebGL target not found
Mono: successfully reloaded assembly
- Finished resetting the current domain, in  3.165 seconds
Domain Reload Profiling: 4263ms
	BeginReloadAssembly (310ms)
		ExecutionOrderSort (0ms)
		DisableScriptedObjects (9ms)
		BackupInstance (0ms)
		ReleaseScriptingObjects (0ms)
		CreateAndSetChildDomain (71ms)
	RebuildCommonClasses (68ms)
	RebuildNativeTypeToScriptingClass (34ms)
	initialDomainReloadingComplete (72ms)
	LoadAllAssembliesAndSetupDomain (613ms)
		LoadAssemblies (671ms)
		RebuildTransferFunctionScriptingTraits (0ms)
		AnalyzeDomain (101ms)
			TypeCache.Refresh (19ms)
				TypeCache.ScanAssembly (1ms)
			ScanForSourceGeneratedMonoScriptInfo (51ms)
			ResolveRequiredComponents (26ms)
	FinalizeReload (3166ms)
		ReleaseScriptCaches (0ms)
		RebuildScriptCaches (0ms)
		SetupLoadedEditorAssemblies (1227ms)
			LogAssemblyErrors (0ms)
			InitializePlatformSupportModulesInManaged (58ms)
			SetLoadedEditorAssemblies (9ms)
			RefreshPlugins (0ms)
			BeforeProcessingInitializeOnLoad (178ms)
			ProcessInitializeOnLoadAttributes (834ms)
			ProcessInitializeOnLoadMethodAttributes (127ms)
			AfterProcessingInitializeOnLoad (21ms)
			EditorAssembliesLoaded (1ms)
		ExecutionOrderSort2 (1ms)
		AwakeInstancesAfterBackupRestoration (40ms)
Refreshing native plugins compatible for Editor in 9.93 ms, found 3 plugins.
Preloading 0 native plugins for Editor in 0.00 ms.
Unloading 5915 Unused Serialized files (Serialized files now loaded: 0)
Unloading 46 unused Assets / (450.0 KB). Loaded Objects now: 8222.
Memory consumption went from 373.9 MB to 373.5 MB.
Total: 7.239600 ms (FindLiveObjects: 0.980600 ms CreateObjectMapping: 0.545500 ms MarkObjects: 5.333900 ms  DeleteObjects: 0.377800 ms)

Prepare: number of updated asset objects reloaded= 0
AssetImportParameters requested are different than current active one (requested -> active):
  custom:container-demuxer-ogg: 62fdf1f143b41e24485cea50d1cbac27 -> 
  custom:video-codec-MediaFoundation-h265: 746d11721c4dcdbdad8f713fa42b33f4 -> 
  custom:video-decoder-ogg-theora: a1e56fd34408186e4bbccfd4996cb3dc -> 
  custom:framework-win-MediaFoundation: 216162199b28c13a410421893ffa2e32 -> 
  custom:CustomObjectIndexerAttribute: 72b91833f83ae208fae7752999fa3104 -> 
  custom:container-demuxer-webm: 4f35f7cbe854078d1ac9338744f61a02 -> 
  custom:container-muxer-webm: aa71ff27fc2769a1b78a27578f13a17b -> 
  custom:video-decoder-webm-vp8: 9c59270c3fd7afecdb556c50c9e8de78 -> 
  custom:SearchIndexIgnoredProperties: e643bd26f0fe6173181afceb89e7c659 -> 
  custom:AudioImporter_EditorPlatform: d09bf68614088b80899f8185d706f6e7 -> 
  custom:video-encoder-webm-vp8: eb34c28f22e8b96e1ab97ce403110664 -> 
  custom:audio-decoder-ogg-vorbis: bf7c407c2cedff20999df2af8eb42d56 -> 
  custom:audio-encoder-webm-vorbis: bf7c407c2cedff20999df2af8eb42d56 -> 
========================================================================
Received Prepare
Begin MonoManager ReloadAssembly
- Loaded All Assemblies, in  1.254 seconds
Refreshing native plugins compatible for Editor in 8.79 ms, found 3 plugins.
Native extension for WindowsStandalone target not found
Native extension for Android target not found
Native extension for WebGL target not found
Mono: successfully reloaded assembly
- Finished resetting the current domain, in  3.763 seconds
Domain Reload Profiling: 5009ms
	BeginReloadAssembly (340ms)
		ExecutionOrderSort (0ms)
		DisableScriptedObjects (10ms)
		BackupInstance (0ms)
		ReleaseScriptingObjects (0ms)
		CreateAndSetChildDomain (100ms)
	RebuildCommonClasses (90ms)
	RebuildNativeTypeToScriptingClass (25ms)
	initialDomainReloadingComplete (79ms)
	LoadAllAssembliesAndSetupDomain (711ms)
		LoadAssemblies (723ms)
		RebuildTransferFunctionScriptingTraits (0ms)
		AnalyzeDomain (147ms)
			TypeCache.Refresh (27ms)
				TypeCache.ScanAssembly (1ms)
			ScanForSourceGeneratedMonoScriptInfo (71ms)
			ResolveRequiredComponents (38ms)
	FinalizeReload (3764ms)
		ReleaseScriptCaches (0ms)
		RebuildScriptCaches (0ms)
		SetupLoadedEditorAssemblies (1542ms)
			LogAssemblyErrors (0ms)
			InitializePlatformSupportModulesInManaged (82ms)
			SetLoadedEditorAssemblies (11ms)
			RefreshPlugins (0ms)
			BeforeProcessingInitializeOnLoad (206ms)
			ProcessInitializeOnLoadAttributes (1006ms)
			ProcessInitializeOnLoadMethodAttributes (202ms)
			AfterProcessingInitializeOnLoad (36ms)
			EditorAssembliesLoaded (1ms)
		ExecutionOrderSort2 (0ms)
		AwakeInstancesAfterBackupRestoration (55ms)
Refreshing native plugins compatible for Editor in 13.03 ms, found 3 plugins.
Preloading 0 native plugins for Editor in 0.00 ms.
Unloading 5915 Unused Serialized files (Serialized files now loaded: 0)
Unloading 46 unused Assets / (458.1 KB). Loaded Objects now: 8238.
Memory consumption went from 375.9 MB to 375.5 MB.
Total: 7.639900 ms (FindLiveObjects: 1.405700 ms CreateObjectMapping: 0.756200 ms MarkObjects: 5.094900 ms  DeleteObjects: 0.381300 ms)

Prepare: number of updated asset objects reloaded= 0
AssetImportParameters requested are different than current active one (requested -> active):
  custom:container-demuxer-ogg: 62fdf1f143b41e24485cea50d1cbac27 -> 
  custom:video-codec-MediaFoundation-h265: 746d11721c4dcdbdad8f713fa42b33f4 -> 
  custom:video-decoder-ogg-theora: a1e56fd34408186e4bbccfd4996cb3dc -> 
  custom:framework-win-MediaFoundation: 216162199b28c13a410421893ffa2e32 -> 
  custom:CustomObjectIndexerAttribute: 72b91833f83ae208fae7752999fa3104 -> 
  custom:container-demuxer-webm: 4f35f7cbe854078d1ac9338744f61a02 -> 
  custom:container-muxer-webm: aa71ff27fc2769a1b78a27578f13a17b -> 
  custom:video-decoder-webm-vp8: 9c59270c3fd7afecdb556c50c9e8de78 -> 
  custom:SearchIndexIgnoredProperties: e643bd26f0fe6173181afceb89e7c659 -> 
  custom:AudioImporter_EditorPlatform: d09bf68614088b80899f8185d706f6e7 -> 
  custom:video-encoder-webm-vp8: eb34c28f22e8b96e1ab97ce403110664 -> 
  custom:audio-decoder-ogg-vorbis: bf7c407c2cedff20999df2af8eb42d56 -> 
  custom:audio-encoder-webm-vorbis: bf7c407c2cedff20999df2af8eb42d56 -> 
========================================================================
Received Prepare
Begin MonoManager ReloadAssembly
- Loaded All Assemblies, in  1.207 seconds
Refreshing native plugins compatible for Editor in 12.48 ms, found 3 plugins.
Native extension for WindowsStandalone target not found
Native extension for Android target not found
Native extension for WebGL target not found
Mono: successfully reloaded assembly
- Finished resetting the current domain, in  3.647 seconds
Domain Reload Profiling: 4849ms
	BeginReloadAssembly (300ms)
		ExecutionOrderSort (0ms)
		DisableScriptedObjects (10ms)
		BackupInstance (0ms)
		ReleaseScriptingObjects (0ms)
		CreateAndSetChildDomain (68ms)
	RebuildCommonClasses (87ms)
	RebuildNativeTypeToScriptingClass (31ms)
	initialDomainReloadingComplete (74ms)
	LoadAllAssembliesAndSetupDomain (707ms)
		LoadAssemblies (745ms)
		RebuildTransferFunctionScriptingTraits (0ms)
		AnalyzeDomain (113ms)
			TypeCache.Refresh (23ms)
				TypeCache.ScanAssembly (1ms)
			ScanForSourceGeneratedMonoScriptInfo (58ms)
			ResolveRequiredComponents (26ms)
	FinalizeReload (3649ms)
		ReleaseScriptCaches (0ms)
		RebuildScriptCaches (0ms)
		SetupLoadedEditorAssemblies (1324ms)
			LogAssemblyErrors (0ms)
			InitializePlatformSupportModulesInManaged (61ms)
			SetLoadedEditorAssemblies (8ms)
			RefreshPlugins (0ms)
			BeforeProcessingInitializeOnLoad (186ms)
			ProcessInitializeOnLoadAttributes (896ms)
			ProcessInitializeOnLoadMethodAttributes (161ms)
			AfterProcessingInitializeOnLoad (12ms)
			EditorAssembliesLoaded (0ms)
		ExecutionOrderSort2 (0ms)
		AwakeInstancesAfterBackupRestoration (38ms)
Refreshing native plugins compatible for Editor in 9.72 ms, found 3 plugins.
Preloading 0 native plugins for Editor in 0.00 ms.
Unloading 5915 Unused Serialized files (Serialized files now loaded: 0)
Unloading 46 unused Assets / (450.1 KB). Loaded Objects now: 8254.
Memory consumption went from 377.8 MB to 377.4 MB.
Total: 7.096300 ms (FindLiveObjects: 0.870800 ms CreateObjectMapping: 0.459400 ms MarkObjects: 5.401000 ms  DeleteObjects: 0.363700 ms)

Prepare: number of updated asset objects reloaded= 0
AssetImportParameters requested are different than current active one (requested -> active):
  custom:container-demuxer-ogg: 62fdf1f143b41e24485cea50d1cbac27 -> 
  custom:video-codec-MediaFoundation-h265: 746d11721c4dcdbdad8f713fa42b33f4 -> 
  custom:video-decoder-ogg-theora: a1e56fd34408186e4bbccfd4996cb3dc -> 
  custom:framework-win-MediaFoundation: 216162199b28c13a410421893ffa2e32 -> 
  custom:CustomObjectIndexerAttribute: 72b91833f83ae208fae7752999fa3104 -> 
  custom:container-demuxer-webm: 4f35f7cbe854078d1ac9338744f61a02 -> 
  custom:container-muxer-webm: aa71ff27fc2769a1b78a27578f13a17b -> 
  custom:video-decoder-webm-vp8: 9c59270c3fd7afecdb556c50c9e8de78 -> 
  custom:SearchIndexIgnoredProperties: e643bd26f0fe6173181afceb89e7c659 -> 
  custom:AudioImporter_EditorPlatform: d09bf68614088b80899f8185d706f6e7 -> 
  custom:video-encoder-webm-vp8: eb34c28f22e8b96e1ab97ce403110664 -> 
  custom:audio-decoder-ogg-vorbis: bf7c407c2cedff20999df2af8eb42d56 -> 
  custom:audio-encoder-webm-vorbis: bf7c407c2cedff20999df2af8eb42d56 -> 
========================================================================
Received Prepare
Begin MonoManager ReloadAssembly
- Loaded All Assemblies, in  1.142 seconds
Refreshing native plugins compatible for Editor in 11.82 ms, found 3 plugins.
Native extension for WindowsStandalone target not found
Native extension for Android target not found
Native extension for WebGL target not found
Mono: successfully reloaded assembly
- Finished resetting the current domain, in  3.626 seconds
Domain Reload Profiling: 4761ms
	BeginReloadAssembly (334ms)
		ExecutionOrderSort (0ms)
		DisableScriptedObjects (10ms)
		BackupInstance (0ms)
		ReleaseScriptingObjects (0ms)
		CreateAndSetChildDomain (80ms)
	RebuildCommonClasses (64ms)
	RebuildNativeTypeToScriptingClass (25ms)
	initialDomainReloadingComplete (70ms)
	LoadAllAssembliesAndSetupDomain (642ms)
		LoadAssemblies (706ms)
		RebuildTransferFunctionScriptingTraits (0ms)
		AnalyzeDomain (108ms)
			TypeCache.Refresh (20ms)
				TypeCache.ScanAssembly (1ms)
			ScanForSourceGeneratedMonoScriptInfo (48ms)
			ResolveRequiredComponents (30ms)
	FinalizeReload (3627ms)
		ReleaseScriptCaches (0ms)
		RebuildScriptCaches (0ms)
		SetupLoadedEditorAssemblies (1437ms)
			LogAssemblyErrors (0ms)
			InitializePlatformSupportModulesInManaged (67ms)
			SetLoadedEditorAssemblies (13ms)
			RefreshPlugins (0ms)
			BeforeProcessingInitializeOnLoad (195ms)
			ProcessInitializeOnLoadAttributes (997ms)
			ProcessInitializeOnLoadMethodAttributes (146ms)
			AfterProcessingInitializeOnLoad (17ms)
			EditorAssembliesLoaded (1ms)
		ExecutionOrderSort2 (0ms)
		AwakeInstancesAfterBackupRestoration (38ms)
Refreshing native plugins compatible for Editor in 9.48 ms, found 3 plugins.
Preloading 0 native plugins for Editor in 0.00 ms.
Unloading 5915 Unused Serialized files (Serialized files now loaded: 0)
Unloading 46 unused Assets / (450.1 KB). Loaded Objects now: 8270.
Memory consumption went from 379.8 MB to 379.3 MB.
Total: 7.268800 ms (FindLiveObjects: 0.988600 ms CreateObjectMapping: 0.597900 ms MarkObjects: 5.293600 ms  DeleteObjects: 0.386800 ms)

Prepare: number of updated asset objects reloaded= 0
AssetImportParameters requested are different than current active one (requested -> active):
  custom:container-demuxer-ogg: 62fdf1f143b41e24485cea50d1cbac27 -> 
  custom:video-codec-MediaFoundation-h265: 746d11721c4dcdbdad8f713fa42b33f4 -> 
  custom:video-decoder-ogg-theora: a1e56fd34408186e4bbccfd4996cb3dc -> 
  custom:framework-win-MediaFoundation: 216162199b28c13a410421893ffa2e32 -> 
  custom:CustomObjectIndexerAttribute: 72b91833f83ae208fae7752999fa3104 -> 
  custom:container-demuxer-webm: 4f35f7cbe854078d1ac9338744f61a02 -> 
  custom:container-muxer-webm: aa71ff27fc2769a1b78a27578f13a17b -> 
  custom:video-decoder-webm-vp8: 9c59270c3fd7afecdb556c50c9e8de78 -> 
  custom:SearchIndexIgnoredProperties: e643bd26f0fe6173181afceb89e7c659 -> 
  custom:AudioImporter_EditorPlatform: d09bf68614088b80899f8185d706f6e7 -> 
  custom:video-encoder-webm-vp8: eb34c28f22e8b96e1ab97ce403110664 -> 
  custom:audio-decoder-ogg-vorbis: bf7c407c2cedff20999df2af8eb42d56 -> 
  custom:audio-encoder-webm-vorbis: bf7c407c2cedff20999df2af8eb42d56 -> 
========================================================================
Received Prepare
Begin MonoManager ReloadAssembly
- Loaded All Assemblies, in  1.095 seconds
Refreshing native plugins compatible for Editor in 12.20 ms, found 3 plugins.
Native extension for WindowsStandalone target not found
Native extension for Android target not found
Native extension for WebGL target not found
Mono: successfully reloaded assembly
- Finished resetting the current domain, in  3.322 seconds
Domain Reload Profiling: 4411ms
	BeginReloadAssembly (296ms)
		ExecutionOrderSort (0ms)
		DisableScriptedObjects (10ms)
		BackupInstance (0ms)
		ReleaseScriptingObjects (0ms)
		CreateAndSetChildDomain (67ms)
	RebuildCommonClasses (62ms)
	RebuildNativeTypeToScriptingClass (23ms)
	initialDomainReloadingComplete (61ms)
	LoadAllAssembliesAndSetupDomain (647ms)
		LoadAssemblies (677ms)
		RebuildTransferFunctionScriptingTraits (0ms)
		AnalyzeDomain (117ms)
			TypeCache.Refresh (19ms)
				TypeCache.ScanAssembly (1ms)
			ScanForSourceGeneratedMonoScriptInfo (53ms)
			ResolveRequiredComponents (34ms)
	FinalizeReload (3323ms)
		ReleaseScriptCaches (0ms)
		RebuildScriptCaches (0ms)
		SetupLoadedEditorAssemblies (1222ms)
			LogAssemblyErrors (0ms)
			InitializePlatformSupportModulesInManaged (57ms)
			SetLoadedEditorAssemblies (9ms)
			RefreshPlugins (0ms)
			BeforeProcessingInitializeOnLoad (176ms)
			ProcessInitializeOnLoadAttributes (829ms)
			ProcessInitializeOnLoadMethodAttributes (138ms)
			AfterProcessingInitializeOnLoad (12ms)
			EditorAssembliesLoaded (0ms)
		ExecutionOrderSort2 (0ms)
		AwakeInstancesAfterBackupRestoration (34ms)
Refreshing native plugins compatible for Editor in 8.82 ms, found 3 plugins.
Preloading 0 native plugins for Editor in 0.00 ms.
Unloading 5915 Unused Serialized files (Serialized files now loaded: 0)
Unloading 46 unused Assets / (458.2 KB). Loaded Objects now: 8286.
Memory consumption went from 381.7 MB to 381.3 MB.
Total: 7.054800 ms (FindLiveObjects: 1.012500 ms CreateObjectMapping: 0.540300 ms MarkObjects: 5.164400 ms  DeleteObjects: 0.334800 ms)

Prepare: number of updated asset objects reloaded= 0
AssetImportParameters requested are different than current active one (requested -> active):
  custom:container-demuxer-ogg: 62fdf1f143b41e24485cea50d1cbac27 -> 
  custom:video-codec-MediaFoundation-h265: 746d11721c4dcdbdad8f713fa42b33f4 -> 
  custom:video-decoder-ogg-theora: a1e56fd34408186e4bbccfd4996cb3dc -> 
  custom:framework-win-MediaFoundation: 216162199b28c13a410421893ffa2e32 -> 
  custom:CustomObjectIndexerAttribute: 72b91833f83ae208fae7752999fa3104 -> 
  custom:container-demuxer-webm: 4f35f7cbe854078d1ac9338744f61a02 -> 
  custom:container-muxer-webm: aa71ff27fc2769a1b78a27578f13a17b -> 
  custom:video-decoder-webm-vp8: 9c59270c3fd7afecdb556c50c9e8de78 -> 
  custom:SearchIndexIgnoredProperties: e643bd26f0fe6173181afceb89e7c659 -> 
  custom:AudioImporter_EditorPlatform: d09bf68614088b80899f8185d706f6e7 -> 
  custom:video-encoder-webm-vp8: eb34c28f22e8b96e1ab97ce403110664 -> 
  custom:audio-decoder-ogg-vorbis: bf7c407c2cedff20999df2af8eb42d56 -> 
  custom:audio-encoder-webm-vorbis: bf7c407c2cedff20999df2af8eb42d56 -> 
========================================================================
Received Prepare
Begin MonoManager ReloadAssembly
- Loaded All Assemblies, in  1.138 seconds
Refreshing native plugins compatible for Editor in 10.77 ms, found 3 plugins.
Native extension for WindowsStandalone target not found
Native extension for Android target not found
Native extension for WebGL target not found
Mono: successfully reloaded assembly
- Finished resetting the current domain, in  3.297 seconds
Domain Reload Profiling: 4428ms
	BeginReloadAssembly (332ms)
		ExecutionOrderSort (0ms)
		DisableScriptedObjects (10ms)
		BackupInstance (0ms)
		ReleaseScriptingObjects (0ms)
		CreateAndSetChildDomain (63ms)
	RebuildCommonClasses (73ms)
	RebuildNativeTypeToScriptingClass (22ms)
	initialDomainReloadingComplete (67ms)
	LoadAllAssembliesAndSetupDomain (636ms)
		LoadAssemblies (715ms)
		RebuildTransferFunctionScriptingTraits (0ms)
		AnalyzeDomain (101ms)
			TypeCache.Refresh (20ms)
				TypeCache.ScanAssembly (1ms)
			ScanForSourceGeneratedMonoScriptInfo (50ms)
			ResolveRequiredComponents (25ms)
	FinalizeReload (3298ms)
		ReleaseScriptCaches (0ms)
		RebuildScriptCaches (0ms)
		SetupLoadedEditorAssemblies (1201ms)
			LogAssemblyErrors (0ms)
			InitializePlatformSupportModulesInManaged (65ms)
			SetLoadedEditorAssemblies (8ms)
			RefreshPlugins (0ms)
			BeforeProcessingInitializeOnLoad (170ms)
			ProcessInitializeOnLoadAttributes (811ms)
			ProcessInitializeOnLoadMethodAttributes (133ms)
			AfterProcessingInitializeOnLoad (12ms)
			EditorAssembliesLoaded (0ms)
		ExecutionOrderSort2 (0ms)
		AwakeInstancesAfterBackupRestoration (32ms)
Refreshing native plugins compatible for Editor in 9.57 ms, found 3 plugins.
Preloading 0 native plugins for Editor in 0.00 ms.
Unloading 5915 Unused Serialized files (Serialized files now loaded: 0)
Unloading 46 unused Assets / (457.9 KB). Loaded Objects now: 8302.
Memory consumption went from 383.6 MB to 383.1 MB.
Total: 7.102300 ms (FindLiveObjects: 0.999200 ms CreateObjectMapping: 0.535200 ms MarkObjects: 5.198400 ms  DeleteObjects: 0.367700 ms)

Prepare: number of updated asset objects reloaded= 0
AssetImportParameters requested are different than current active one (requested -> active):
  custom:container-demuxer-ogg: 62fdf1f143b41e24485cea50d1cbac27 -> 
  custom:video-codec-MediaFoundation-h265: 746d11721c4dcdbdad8f713fa42b33f4 -> 
  custom:video-decoder-ogg-theora: a1e56fd34408186e4bbccfd4996cb3dc -> 
  custom:framework-win-MediaFoundation: 216162199b28c13a410421893ffa2e32 -> 
  custom:CustomObjectIndexerAttribute: 72b91833f83ae208fae7752999fa3104 -> 
  custom:container-demuxer-webm: 4f35f7cbe854078d1ac9338744f61a02 -> 
  custom:container-muxer-webm: aa71ff27fc2769a1b78a27578f13a17b -> 
  custom:video-decoder-webm-vp8: 9c59270c3fd7afecdb556c50c9e8de78 -> 
  custom:SearchIndexIgnoredProperties: e643bd26f0fe6173181afceb89e7c659 -> 
  custom:AudioImporter_EditorPlatform: d09bf68614088b80899f8185d706f6e7 -> 
  custom:video-encoder-webm-vp8: eb34c28f22e8b96e1ab97ce403110664 -> 
  custom:audio-decoder-ogg-vorbis: bf7c407c2cedff20999df2af8eb42d56 -> 
  custom:audio-encoder-webm-vorbis: bf7c407c2cedff20999df2af8eb42d56 -> 
========================================================================
Received Prepare
Begin MonoManager ReloadAssembly
- Loaded All Assemblies, in  1.128 seconds
Refreshing native plugins compatible for Editor in 12.29 ms, found 3 plugins.
Native extension for WindowsStandalone target not found
Native extension for Android target not found
Native extension for WebGL target not found
Mono: successfully reloaded assembly
- Finished resetting the current domain, in  3.502 seconds
Domain Reload Profiling: 4625ms
	BeginReloadAssembly (330ms)
		ExecutionOrderSort (0ms)
		DisableScriptedObjects (11ms)
		BackupInstance (0ms)
		ReleaseScriptingObjects (0ms)
		CreateAndSetChildDomain (72ms)
	RebuildCommonClasses (65ms)
	RebuildNativeTypeToScriptingClass (24ms)
	initialDomainReloadingComplete (61ms)
	LoadAllAssembliesAndSetupDomain (642ms)
		LoadAssemblies (699ms)
		RebuildTransferFunctionScriptingTraits (0ms)
		AnalyzeDomain (109ms)
			TypeCache.Refresh (20ms)
				TypeCache.ScanAssembly (1ms)
			ScanForSourceGeneratedMonoScriptInfo (58ms)
			ResolveRequiredComponents (25ms)
	FinalizeReload (3503ms)
		ReleaseScriptCaches (0ms)
		RebuildScriptCaches (0ms)
		SetupLoadedEditorAssemblies (1510ms)
			LogAssemblyErrors (0ms)
			InitializePlatformSupportModulesInManaged (59ms)
			SetLoadedEditorAssemblies (12ms)
			RefreshPlugins (0ms)
			BeforeProcessingInitializeOnLoad (179ms)
			ProcessInitializeOnLoadAttributes (967ms)
			ProcessInitializeOnLoadMethodAttributes (262ms)
			AfterProcessingInitializeOnLoad (32ms)
			EditorAssembliesLoaded (1ms)
		ExecutionOrderSort2 (0ms)
		AwakeInstancesAfterBackupRestoration (61ms)
Script is not up to date after domain reload: guid(d2d27be93f54b5440aa2e80c8a88f8b2) path("Assets/Player/Scripts/PlayerLoadout.cs") state(2)
Refreshing native plugins compatible for Editor in 9.86 ms, found 3 plugins.
Preloading 0 native plugins for Editor in 0.00 ms.
Unloading 5914 Unused Serialized files (Serialized files now loaded: 0)
Unloading 46 unused Assets / (450.1 KB). Loaded Objects now: 8317.
Memory consumption went from 385.5 MB to 385.1 MB.
Total: 7.630500 ms (FindLiveObjects: 1.051500 ms CreateObjectMapping: 0.555900 ms MarkObjects: 5.683300 ms  DeleteObjects: 0.338100 ms)

Prepare: number of updated asset objects reloaded= 0
AssetImportParameters requested are different than current active one (requested -> active):
  custom:container-demuxer-ogg: 62fdf1f143b41e24485cea50d1cbac27 -> 
  custom:video-codec-MediaFoundation-h265: 746d11721c4dcdbdad8f713fa42b33f4 -> 
  custom:video-decoder-ogg-theora: a1e56fd34408186e4bbccfd4996cb3dc -> 
  custom:framework-win-MediaFoundation: 216162199b28c13a410421893ffa2e32 -> 
  custom:CustomObjectIndexerAttribute: 72b91833f83ae208fae7752999fa3104 -> 
  custom:container-demuxer-webm: 4f35f7cbe854078d1ac9338744f61a02 -> 
  custom:container-muxer-webm: aa71ff27fc2769a1b78a27578f13a17b -> 
  custom:video-decoder-webm-vp8: 9c59270c3fd7afecdb556c50c9e8de78 -> 
  custom:SearchIndexIgnoredProperties: e643bd26f0fe6173181afceb89e7c659 -> 
  custom:AudioImporter_EditorPlatform: d09bf68614088b80899f8185d706f6e7 -> 
  custom:video-encoder-webm-vp8: eb34c28f22e8b96e1ab97ce403110664 -> 
  custom:audio-decoder-ogg-vorbis: bf7c407c2cedff20999df2af8eb42d56 -> 
  custom:audio-encoder-webm-vorbis: bf7c407c2cedff20999df2af8eb42d56 -> 
========================================================================
Received Prepare
Begin MonoManager ReloadAssembly
- Loaded All Assemblies, in  0.719 seconds
Refreshing native plugins compatible for Editor in 5.80 ms, found 3 plugins.
Native extension for WindowsStandalone target not found
Native extension for Android target not found
Native extension for WebGL target not found
Mono: successfully reloaded assembly
- Finished resetting the current domain, in  1.978 seconds
Domain Reload Profiling: 2692ms
	BeginReloadAssembly (223ms)
		ExecutionOrderSort (0ms)
		DisableScriptedObjects (7ms)
		BackupInstance (0ms)
		ReleaseScriptingObjects (0ms)
		CreateAndSetChildDomain (54ms)
	RebuildCommonClasses (45ms)
	RebuildNativeTypeToScriptingClass (15ms)
	initialDomainReloadingComplete (40ms)
	LoadAllAssembliesAndSetupDomain (389ms)
		LoadAssemblies (411ms)
		RebuildTransferFunctionScriptingTraits (0ms)
		AnalyzeDomain (83ms)
			TypeCache.Refresh (18ms)
				TypeCache.ScanAssembly (1ms)
			ScanForSourceGeneratedMonoScriptInfo (43ms)
			ResolveRequiredComponents (17ms)
	FinalizeReload (1979ms)
		ReleaseScriptCaches (0ms)
		RebuildScriptCaches (0ms)
		SetupLoadedEditorAssemblies (958ms)
			LogAssemblyErrors (0ms)
			InitializePlatformSupportModulesInManaged (47ms)
			SetLoadedEditorAssemblies (9ms)
			RefreshPlugins (0ms)
			BeforeProcessingInitializeOnLoad (169ms)
			ProcessInitializeOnLoadAttributes (622ms)
			ProcessInitializeOnLoadMethodAttributes (103ms)
			AfterProcessingInitializeOnLoad (9ms)
			EditorAssembliesLoaded (0ms)
		ExecutionOrderSort2 (0ms)
		AwakeInstancesAfterBackupRestoration (24ms)
Refreshing native plugins compatible for Editor in 6.92 ms, found 3 plugins.
Preloading 0 native plugins for Editor in 0.00 ms.
Unloading 5915 Unused Serialized files (Serialized files now loaded: 0)
Unloading 46 unused Assets / (451.1 KB). Loaded Objects now: 8334.
Memory consumption went from 387.5 MB to 387.0 MB.
Total: 6.983000 ms (FindLiveObjects: 0.831100 ms CreateObjectMapping: 0.475400 ms MarkObjects: 5.223700 ms  DeleteObjects: 0.450600 ms)

Prepare: number of updated asset objects reloaded= 0
AssetImportParameters requested are different than current active one (requested -> active):
  custom:container-demuxer-ogg: 62fdf1f143b41e24485cea50d1cbac27 -> 
  custom:video-codec-MediaFoundation-h265: 746d11721c4dcdbdad8f713fa42b33f4 -> 
  custom:video-decoder-ogg-theora: a1e56fd34408186e4bbccfd4996cb3dc -> 
  custom:framework-win-MediaFoundation: 216162199b28c13a410421893ffa2e32 -> 
  custom:CustomObjectIndexerAttribute: 72b91833f83ae208fae7752999fa3104 -> 
  custom:container-demuxer-webm: 4f35f7cbe854078d1ac9338744f61a02 -> 
  custom:container-muxer-webm: aa71ff27fc2769a1b78a27578f13a17b -> 
  custom:video-decoder-webm-vp8: 9c59270c3fd7afecdb556c50c9e8de78 -> 
  custom:SearchIndexIgnoredProperties: e643bd26f0fe6173181afceb89e7c659 -> 
  custom:AudioImporter_EditorPlatform: d09bf68614088b80899f8185d706f6e7 -> 
  custom:video-encoder-webm-vp8: eb34c28f22e8b96e1ab97ce403110664 -> 
  custom:audio-decoder-ogg-vorbis: bf7c407c2cedff20999df2af8eb42d56 -> 
  custom:audio-encoder-webm-vorbis: bf7c407c2cedff20999df2af8eb42d56 -> 
========================================================================
Received Prepare
Begin MonoManager ReloadAssembly
- Loaded All Assemblies, in  0.596 seconds
Refreshing native plugins compatible for Editor in 4.30 ms, found 3 plugins.
Native extension for WindowsStandalone target not found
Native extension for Android target not found
Native extension for WebGL target not found
Mono: successfully reloaded assembly
- Finished resetting the current domain, in  1.585 seconds
Domain Reload Profiling: 2178ms
	BeginReloadAssembly (189ms)
		ExecutionOrderSort (0ms)
		DisableScriptedObjects (6ms)
		BackupInstance (0ms)
		ReleaseScriptingObjects (0ms)
		CreateAndSetChildDomain (42ms)
	RebuildCommonClasses (40ms)
	RebuildNativeTypeToScriptingClass (14ms)
	initialDomainReloadingComplete (37ms)
	LoadAllAssembliesAndSetupDomain (312ms)
		LoadAssemblies (376ms)
		RebuildTransferFunctionScriptingTraits (0ms)
		AnalyzeDomain (30ms)
			TypeCache.Refresh (9ms)
				TypeCache.ScanAssembly (0ms)
			ScanForSourceGeneratedMonoScriptInfo (0ms)
			ResolveRequiredComponents (15ms)
	FinalizeReload (1586ms)
		ReleaseScriptCaches (0ms)
		RebuildScriptCaches (0ms)
		SetupLoadedEditorAssemblies (747ms)
			LogAssemblyErrors (0ms)
			InitializePlatformSupportModulesInManaged (34ms)
			SetLoadedEditorAssemblies (6ms)
			RefreshPlugins (0ms)
			BeforeProcessingInitializeOnLoad (111ms)
			ProcessInitializeOnLoadAttributes (502ms)
			ProcessInitializeOnLoadMethodAttributes (87ms)
			AfterProcessingInitializeOnLoad (6ms)
			EditorAssembliesLoaded (0ms)
		ExecutionOrderSort2 (0ms)
		AwakeInstancesAfterBackupRestoration (19ms)
Refreshing native plugins compatible for Editor in 8.41 ms, found 3 plugins.
Preloading 0 native plugins for Editor in 0.00 ms.
Unloading 5915 Unused Serialized files (Serialized files now loaded: 0)
Unloading 46 unused Assets / (433.9 KB). Loaded Objects now: 8350.
Memory consumption went from 389.4 MB to 389.0 MB.
Total: 7.604200 ms (FindLiveObjects: 0.961200 ms CreateObjectMapping: 0.514500 ms MarkObjects: 5.708000 ms  DeleteObjects: 0.418900 ms)

Prepare: number of updated asset objects reloaded= 0
AssetImportParameters requested are different than current active one (requested -> active):
  custom:container-demuxer-ogg: 62fdf1f143b41e24485cea50d1cbac27 -> 
  custom:video-codec-MediaFoundation-h265: 746d11721c4dcdbdad8f713fa42b33f4 -> 
  custom:video-decoder-ogg-theora: a1e56fd34408186e4bbccfd4996cb3dc -> 
  custom:framework-win-MediaFoundation: 216162199b28c13a410421893ffa2e32 -> 
  custom:CustomObjectIndexerAttribute: 72b91833f83ae208fae7752999fa3104 -> 
  custom:container-demuxer-webm: 4f35f7cbe854078d1ac9338744f61a02 -> 
  custom:container-muxer-webm: aa71ff27fc2769a1b78a27578f13a17b -> 
  custom:video-decoder-webm-vp8: 9c59270c3fd7afecdb556c50c9e8de78 -> 
  custom:SearchIndexIgnoredProperties: e643bd26f0fe6173181afceb89e7c659 -> 
  custom:AudioImporter_EditorPlatform: d09bf68614088b80899f8185d706f6e7 -> 
  custom:video-encoder-webm-vp8: eb34c28f22e8b96e1ab97ce403110664 -> 
  custom:audio-decoder-ogg-vorbis: bf7c407c2cedff20999df2af8eb42d56 -> 
  custom:audio-encoder-webm-vorbis: bf7c407c2cedff20999df2af8eb42d56 -> 
========================================================================
Received Prepare
Begin MonoManager ReloadAssembly
- Loaded All Assemblies, in  0.609 seconds
Refreshing native plugins compatible for Editor in 5.22 ms, found 3 plugins.
Native extension for WindowsStandalone target not found
Native extension for Android target not found
Native extension for WebGL target not found
Mono: successfully reloaded assembly
- Finished resetting the current domain, in  1.586 seconds
Domain Reload Profiling: 2192ms
	BeginReloadAssembly (188ms)
		ExecutionOrderSort (0ms)
		DisableScriptedObjects (6ms)
		BackupInstance (0ms)
		ReleaseScriptingObjects (0ms)
		CreateAndSetChildDomain (42ms)
	RebuildCommonClasses (44ms)
	RebuildNativeTypeToScriptingClass (14ms)
	initialDomainReloadingComplete (39ms)
	LoadAllAssembliesAndSetupDomain (320ms)
		LoadAssemblies (387ms)
		RebuildTransferFunctionScriptingTraits (0ms)
		AnalyzeDomain (30ms)
			TypeCache.Refresh (9ms)
				TypeCache.ScanAssembly (0ms)
			ScanForSourceGeneratedMonoScriptInfo (0ms)
			ResolveRequiredComponents (16ms)
	FinalizeReload (1587ms)
		ReleaseScriptCaches (0ms)
		RebuildScriptCaches (0ms)
		SetupLoadedEditorAssemblies (746ms)
			LogAssemblyErrors (0ms)
			InitializePlatformSupportModulesInManaged (34ms)
			SetLoadedEditorAssemblies (6ms)
			RefreshPlugins (0ms)
			BeforeProcessingInitializeOnLoad (112ms)
			ProcessInitializeOnLoadAttributes (499ms)
			ProcessInitializeOnLoadMethodAttributes (84ms)
			AfterProcessingInitializeOnLoad (12ms)
			EditorAssembliesLoaded (0ms)
		ExecutionOrderSort2 (0ms)
		AwakeInstancesAfterBackupRestoration (20ms)
Refreshing native plugins compatible for Editor in 7.86 ms, found 3 plugins.
Preloading 0 native plugins for Editor in 0.00 ms.
Unloading 5915 Unused Serialized files (Serialized files now loaded: 0)
Unloading 46 unused Assets / (458.2 KB). Loaded Objects now: 8366.
Memory consumption went from 391.4 MB to 390.9 MB.
Total: 14.469400 ms (FindLiveObjects: 1.853500 ms CreateObjectMapping: 0.510300 ms MarkObjects: 11.709800 ms  DeleteObjects: 0.393900 ms)

Prepare: number of updated asset objects reloaded= 0
AssetImportParameters requested are different than current active one (requested -> active):
  custom:container-demuxer-ogg: 62fdf1f143b41e24485cea50d1cbac27 -> 
  custom:video-codec-MediaFoundation-h265: 746d11721c4dcdbdad8f713fa42b33f4 -> 
  custom:video-decoder-ogg-theora: a1e56fd34408186e4bbccfd4996cb3dc -> 
  custom:framework-win-MediaFoundation: 216162199b28c13a410421893ffa2e32 -> 
  custom:CustomObjectIndexerAttribute: 72b91833f83ae208fae7752999fa3104 -> 
  custom:container-demuxer-webm: 4f35f7cbe854078d1ac9338744f61a02 -> 
  custom:container-muxer-webm: aa71ff27fc2769a1b78a27578f13a17b -> 
  custom:video-decoder-webm-vp8: 9c59270c3fd7afecdb556c50c9e8de78 -> 
  custom:SearchIndexIgnoredProperties: e643bd26f0fe6173181afceb89e7c659 -> 
  custom:AudioImporter_EditorPlatform: d09bf68614088b80899f8185d706f6e7 -> 
  custom:video-encoder-webm-vp8: eb34c28f22e8b96e1ab97ce403110664 -> 
  custom:audio-decoder-ogg-vorbis: bf7c407c2cedff20999df2af8eb42d56 -> 
  custom:audio-encoder-webm-vorbis: bf7c407c2cedff20999df2af8eb42d56 -> 
========================================================================
Received Prepare
Begin MonoManager ReloadAssembly
- Loaded All Assemblies, in  1.124 seconds
Refreshing native plugins compatible for Editor in 12.15 ms, found 3 plugins.
Native extension for WindowsStandalone target not found
Native extension for Android target not found
Native extension for WebGL target not found
Mono: successfully reloaded assembly
- Finished resetting the current domain, in  3.120 seconds
Domain Reload Profiling: 4237ms
	BeginReloadAssembly (311ms)
		ExecutionOrderSort (0ms)
		DisableScriptedObjects (9ms)
		BackupInstance (0ms)
		ReleaseScriptingObjects (0ms)
		CreateAndSetChildDomain (65ms)
	RebuildCommonClasses (63ms)
	RebuildNativeTypeToScriptingClass (21ms)
	initialDomainReloadingComplete (63ms)
	LoadAllAssembliesAndSetupDomain (658ms)
		LoadAssemblies (720ms)
		RebuildTransferFunctionScriptingTraits (0ms)
		AnalyzeDomain (98ms)
			TypeCache.Refresh (19ms)
				TypeCache.ScanAssembly (1ms)
			ScanForSourceGeneratedMonoScriptInfo (50ms)
			ResolveRequiredComponents (24ms)
	FinalizeReload (3121ms)
		ReleaseScriptCaches (0ms)
		RebuildScriptCaches (0ms)
		SetupLoadedEditorAssemblies (1263ms)
			LogAssemblyErrors (0ms)
			InitializePlatformSupportModulesInManaged (61ms)
			SetLoadedEditorAssemblies (8ms)
			RefreshPlugins (0ms)
			BeforeProcessingInitializeOnLoad (189ms)
			ProcessInitializeOnLoadAttributes (865ms)
			ProcessInitializeOnLoadMethodAttributes (128ms)
			AfterProcessingInitializeOnLoad (11ms)
			EditorAssembliesLoaded (0ms)
		ExecutionOrderSort2 (1ms)
		AwakeInstancesAfterBackupRestoration (41ms)
Refreshing native plugins compatible for Editor in 10.37 ms, found 3 plugins.
Preloading 0 native plugins for Editor in 0.00 ms.
Unloading 5915 Unused Serialized files (Serialized files now loaded: 0)
Unloading 46 unused Assets / (450.0 KB). Loaded Objects now: 8382.
Memory consumption went from 393.2 MB to 392.8 MB.
Total: 7.228900 ms (FindLiveObjects: 1.165900 ms CreateObjectMapping: 0.644400 ms MarkObjects: 5.021000 ms  DeleteObjects: 0.395800 ms)

Prepare: number of updated asset objects reloaded= 0
AssetImportParameters requested are different than current active one (requested -> active):
  custom:container-demuxer-ogg: 62fdf1f143b41e24485cea50d1cbac27 -> 
  custom:video-codec-MediaFoundation-h265: 746d11721c4dcdbdad8f713fa42b33f4 -> 
  custom:video-decoder-ogg-theora: a1e56fd34408186e4bbccfd4996cb3dc -> 
  custom:framework-win-MediaFoundation: 216162199b28c13a410421893ffa2e32 -> 
  custom:CustomObjectIndexerAttribute: 72b91833f83ae208fae7752999fa3104 -> 
  custom:container-demuxer-webm: 4f35f7cbe854078d1ac9338744f61a02 -> 
  custom:container-muxer-webm: aa71ff27fc2769a1b78a27578f13a17b -> 
  custom:video-decoder-webm-vp8: 9c59270c3fd7afecdb556c50c9e8de78 -> 
  custom:SearchIndexIgnoredProperties: e643bd26f0fe6173181afceb89e7c659 -> 
  custom:AudioImporter_EditorPlatform: d09bf68614088b80899f8185d706f6e7 -> 
  custom:video-encoder-webm-vp8: eb34c28f22e8b96e1ab97ce403110664 -> 
  custom:audio-decoder-ogg-vorbis: bf7c407c2cedff20999df2af8eb42d56 -> 
  custom:audio-encoder-webm-vorbis: bf7c407c2cedff20999df2af8eb42d56 -> 
========================================================================
Received Prepare
Begin MonoManager ReloadAssembly
- Loaded All Assemblies, in  0.669 seconds
Refreshing native plugins compatible for Editor in 4.83 ms, found 3 plugins.
Native extension for WindowsStandalone target not found
Native extension for Android target not found
Native extension for WebGL target not found
Mono: successfully reloaded assembly
- Finished resetting the current domain, in  1.628 seconds
Domain Reload Profiling: 2295ms
	BeginReloadAssembly (210ms)
		ExecutionOrderSort (0ms)
		DisableScriptedObjects (6ms)
		BackupInstance (0ms)
		ReleaseScriptingObjects (0ms)
		CreateAndSetChildDomain (49ms)
	RebuildCommonClasses (44ms)
	RebuildNativeTypeToScriptingClass (14ms)
	initialDomainReloadingComplete (37ms)
	LoadAllAssembliesAndSetupDomain (360ms)
		LoadAssemblies (394ms)
		RebuildTransferFunctionScriptingTraits (0ms)
		AnalyzeDomain (71ms)
			TypeCache.Refresh (14ms)
				TypeCache.ScanAssembly (1ms)
			ScanForSourceGeneratedMonoScriptInfo (36ms)
			ResolveRequiredComponents (17ms)
	FinalizeReload (1629ms)
		ReleaseScriptCaches (0ms)
		RebuildScriptCaches (0ms)
		SetupLoadedEditorAssemblies (775ms)
			LogAssemblyErrors (0ms)
			InitializePlatformSupportModulesInManaged (35ms)
			SetLoadedEditorAssemblies (6ms)
			RefreshPlugins (0ms)
			BeforeProcessingInitializeOnLoad (110ms)
			ProcessInitializeOnLoadAttributes (532ms)
			ProcessInitializeOnLoadMethodAttributes (85ms)
			AfterProcessingInitializeOnLoad (6ms)
			EditorAssembliesLoaded (0ms)
		ExecutionOrderSort2 (0ms)
		AwakeInstancesAfterBackupRestoration (21ms)
Refreshing native plugins compatible for Editor in 7.26 ms, found 3 plugins.
Preloading 0 native plugins for Editor in 0.00 ms.
Unloading 5915 Unused Serialized files (Serialized files now loaded: 0)
Unloading 46 unused Assets / (458.1 KB). Loaded Objects now: 8398.
Memory consumption went from 395.2 MB to 394.8 MB.
Total: 7.191400 ms (FindLiveObjects: 0.982400 ms CreateObjectMapping: 0.555200 ms MarkObjects: 5.238400 ms  DeleteObjects: 0.413000 ms)

Prepare: number of updated asset objects reloaded= 0
AssetImportParameters requested are different than current active one (requested -> active):
  custom:container-demuxer-ogg: 62fdf1f143b41e24485cea50d1cbac27 -> 
  custom:video-codec-MediaFoundation-h265: 746d11721c4dcdbdad8f713fa42b33f4 -> 
  custom:video-decoder-ogg-theora: a1e56fd34408186e4bbccfd4996cb3dc -> 
  custom:framework-win-MediaFoundation: 216162199b28c13a410421893ffa2e32 -> 
  custom:CustomObjectIndexerAttribute: 72b91833f83ae208fae7752999fa3104 -> 
  custom:container-demuxer-webm: 4f35f7cbe854078d1ac9338744f61a02 -> 
  custom:container-muxer-webm: aa71ff27fc2769a1b78a27578f13a17b -> 
  custom:video-decoder-webm-vp8: 9c59270c3fd7afecdb556c50c9e8de78 -> 
  custom:SearchIndexIgnoredProperties: e643bd26f0fe6173181afceb89e7c659 -> 
  custom:AudioImporter_EditorPlatform: d09bf68614088b80899f8185d706f6e7 -> 
  custom:video-encoder-webm-vp8: eb34c28f22e8b96e1ab97ce403110664 -> 
  custom:audio-decoder-ogg-vorbis: bf7c407c2cedff20999df2af8eb42d56 -> 
  custom:audio-encoder-webm-vorbis: bf7c407c2cedff20999df2af8eb42d56 -> 
========================================================================
Received Prepare
Begin MonoManager ReloadAssembly
- Loaded All Assemblies, in  0.624 seconds
Refreshing native plugins compatible for Editor in 4.21 ms, found 3 plugins.
Native extension for WindowsStandalone target not found
Native extension for Android target not found
Native extension for WebGL target not found
Mono: successfully reloaded assembly
- Finished resetting the current domain, in  1.682 seconds
Domain Reload Profiling: 2302ms
	BeginReloadAssembly (204ms)
		ExecutionOrderSort (0ms)
		DisableScriptedObjects (6ms)
		BackupInstance (0ms)
		ReleaseScriptingObjects (0ms)
		CreateAndSetChildDomain (55ms)
	RebuildCommonClasses (44ms)
	RebuildNativeTypeToScriptingClass (15ms)
	initialDomainReloadingComplete (38ms)
	LoadAllAssembliesAndSetupDomain (319ms)
		LoadAssemblies (382ms)
		RebuildTransferFunctionScriptingTraits (0ms)
		AnalyzeDomain (31ms)
			TypeCache.Refresh (9ms)
				TypeCache.ScanAssembly (0ms)
			ScanForSourceGeneratedMonoScriptInfo (0ms)
			ResolveRequiredComponents (16ms)
	FinalizeReload (1682ms)
		ReleaseScriptCaches (0ms)
		RebuildScriptCaches (0ms)
		SetupLoadedEditorAssemblies (787ms)
			LogAssemblyErrors (0ms)
			InitializePlatformSupportModulesInManaged (34ms)
			SetLoadedEditorAssemblies (7ms)
			RefreshPlugins (0ms)
			BeforeProcessingInitializeOnLoad (121ms)
			ProcessInitializeOnLoadAttributes (520ms)
			ProcessInitializeOnLoadMethodAttributes (96ms)
			AfterProcessingInitializeOnLoad (8ms)
			EditorAssembliesLoaded (0ms)
		ExecutionOrderSort2 (0ms)
		AwakeInstancesAfterBackupRestoration (20ms)
Refreshing native plugins compatible for Editor in 10.47 ms, found 3 plugins.
Preloading 0 native plugins for Editor in 0.00 ms.
Unloading 5915 Unused Serialized files (Serialized files now loaded: 0)
Unloading 46 unused Assets / (450.0 KB). Loaded Objects now: 8414.
Memory consumption went from 397.1 MB to 396.7 MB.
Total: 7.523000 ms (FindLiveObjects: 1.070500 ms CreateObjectMapping: 0.563700 ms MarkObjects: 5.501400 ms  DeleteObjects: 0.385500 ms)

Prepare: number of updated asset objects reloaded= 0
AssetImportParameters requested are different than current active one (requested -> active):
  custom:container-demuxer-ogg: 62fdf1f143b41e24485cea50d1cbac27 -> 
  custom:video-codec-MediaFoundation-h265: 746d11721c4dcdbdad8f713fa42b33f4 -> 
  custom:video-decoder-ogg-theora: a1e56fd34408186e4bbccfd4996cb3dc -> 
  custom:framework-win-MediaFoundation: 216162199b28c13a410421893ffa2e32 -> 
  custom:CustomObjectIndexerAttribute: 72b91833f83ae208fae7752999fa3104 -> 
  custom:container-demuxer-webm: 4f35f7cbe854078d1ac9338744f61a02 -> 
  custom:container-muxer-webm: aa71ff27fc2769a1b78a27578f13a17b -> 
  custom:video-decoder-webm-vp8: 9c59270c3fd7afecdb556c50c9e8de78 -> 
  custom:SearchIndexIgnoredProperties: e643bd26f0fe6173181afceb89e7c659 -> 
  custom:AudioImporter_EditorPlatform: d09bf68614088b80899f8185d706f6e7 -> 
  custom:video-encoder-webm-vp8: eb34c28f22e8b96e1ab97ce403110664 -> 
  custom:audio-decoder-ogg-vorbis: bf7c407c2cedff20999df2af8eb42d56 -> 
  custom:audio-encoder-webm-vorbis: bf7c407c2cedff20999df2af8eb42d56 -> 
========================================================================
Received Prepare
Begin MonoManager ReloadAssembly
- Loaded All Assemblies, in  1.254 seconds
Refreshing native plugins compatible for Editor in 9.10 ms, found 3 plugins.
Native extension for WindowsStandalone target not found
Native extension for Android target not found
Native extension for WebGL target not found
Mono: successfully reloaded assembly
- Finished resetting the current domain, in  3.860 seconds
Domain Reload Profiling: 5106ms
	BeginReloadAssembly (376ms)
		ExecutionOrderSort (0ms)
		DisableScriptedObjects (9ms)
		BackupInstance (0ms)
		ReleaseScriptingObjects (0ms)
		CreateAndSetChildDomain (74ms)
	RebuildCommonClasses (92ms)
	RebuildNativeTypeToScriptingClass (30ms)
	initialDomainReloadingComplete (88ms)
	LoadAllAssembliesAndSetupDomain (659ms)
		LoadAssemblies (746ms)
		RebuildTransferFunctionScriptingTraits (0ms)
		AnalyzeDomain (126ms)
			TypeCache.Refresh (19ms)
				TypeCache.ScanAssembly (1ms)
			ScanForSourceGeneratedMonoScriptInfo (69ms)
			ResolveRequiredComponents (31ms)
	FinalizeReload (3861ms)
		ReleaseScriptCaches (0ms)
		RebuildScriptCaches (0ms)
		SetupLoadedEditorAssemblies (1893ms)
			LogAssemblyErrors (0ms)
			InitializePlatformSupportModulesInManaged (60ms)
			SetLoadedEditorAssemblies (12ms)
			RefreshPlugins (0ms)
			BeforeProcessingInitializeOnLoad (237ms)
			ProcessInitializeOnLoadAttributes (1414ms)
			ProcessInitializeOnLoadMethodAttributes (157ms)
			AfterProcessingInitializeOnLoad (12ms)
			EditorAssembliesLoaded (1ms)
		ExecutionOrderSort2 (1ms)
		AwakeInstancesAfterBackupRestoration (45ms)
Refreshing native plugins compatible for Editor in 10.14 ms, found 3 plugins.
Preloading 0 native plugins for Editor in 0.00 ms.
Unloading 5915 Unused Serialized files (Serialized files now loaded: 0)
Unloading 46 unused Assets / (434.0 KB). Loaded Objects now: 8430.
Memory consumption went from 399.0 MB to 398.6 MB.
Total: 7.846700 ms (FindLiveObjects: 0.982900 ms CreateObjectMapping: 0.508500 ms MarkObjects: 5.931800 ms  DeleteObjects: 0.421700 ms)

Prepare: number of updated asset objects reloaded= 0
AssetImportParameters requested are different than current active one (requested -> active):
  custom:container-demuxer-ogg: 62fdf1f143b41e24485cea50d1cbac27 -> 
  custom:video-codec-MediaFoundation-h265: 746d11721c4dcdbdad8f713fa42b33f4 -> 
  custom:video-decoder-ogg-theora: a1e56fd34408186e4bbccfd4996cb3dc -> 
  custom:framework-win-MediaFoundation: 216162199b28c13a410421893ffa2e32 -> 
  custom:CustomObjectIndexerAttribute: 72b91833f83ae208fae7752999fa3104 -> 
  custom:container-demuxer-webm: 4f35f7cbe854078d1ac9338744f61a02 -> 
  custom:container-muxer-webm: aa71ff27fc2769a1b78a27578f13a17b -> 
  custom:video-decoder-webm-vp8: 9c59270c3fd7afecdb556c50c9e8de78 -> 
  custom:SearchIndexIgnoredProperties: e643bd26f0fe6173181afceb89e7c659 -> 
  custom:AudioImporter_EditorPlatform: d09bf68614088b80899f8185d706f6e7 -> 
  custom:video-encoder-webm-vp8: eb34c28f22e8b96e1ab97ce403110664 -> 
  custom:audio-decoder-ogg-vorbis: bf7c407c2cedff20999df2af8eb42d56 -> 
  custom:audio-encoder-webm-vorbis: bf7c407c2cedff20999df2af8eb42d56 -> 
========================================================================
Received Prepare
Begin MonoManager ReloadAssembly
- Loaded All Assemblies, in  1.263 seconds
Refreshing native plugins compatible for Editor in 11.16 ms, found 3 plugins.
Native extension for WindowsStandalone target not found
Native extension for Android target not found
Native extension for WebGL target not found
Mono: successfully reloaded assembly
- Finished resetting the current domain, in  3.833 seconds
Domain Reload Profiling: 5087ms
	BeginReloadAssembly (408ms)
		ExecutionOrderSort (0ms)
		DisableScriptedObjects (11ms)
		BackupInstance (0ms)
		ReleaseScriptingObjects (0ms)
		CreateAndSetChildDomain (86ms)
	RebuildCommonClasses (95ms)
	RebuildNativeTypeToScriptingClass (26ms)
	initialDomainReloadingComplete (91ms)
	LoadAllAssembliesAndSetupDomain (632ms)
		LoadAssemblies (737ms)
		RebuildTransferFunctionScriptingTraits (0ms)
		AnalyzeDomain (108ms)
			TypeCache.Refresh (20ms)
				TypeCache.ScanAssembly (1ms)
			ScanForSourceGeneratedMonoScriptInfo (54ms)
			ResolveRequiredComponents (28ms)
	FinalizeReload (3835ms)
		ReleaseScriptCaches (0ms)
		RebuildScriptCaches (0ms)
		SetupLoadedEditorAssemblies (1788ms)
			LogAssemblyErrors (0ms)
			InitializePlatformSupportModulesInManaged (92ms)
			SetLoadedEditorAssemblies (10ms)
			RefreshPlugins (0ms)
			BeforeProcessingInitializeOnLoad (263ms)
			ProcessInitializeOnLoadAttributes (1226ms)
			ProcessInitializeOnLoadMethodAttributes (180ms)
			AfterProcessingInitializeOnLoad (16ms)
			EditorAssembliesLoaded (0ms)
		ExecutionOrderSort2 (0ms)
		AwakeInstancesAfterBackupRestoration (50ms)
Script is not up to date after domain reload: guid(d2d27be93f54b5440aa2e80c8a88f8b2) path("Assets/Player/Scripts/PlayerLoadout.cs") state(2)
Refreshing native plugins compatible for Editor in 10.51 ms, found 3 plugins.
Preloading 0 native plugins for Editor in 0.00 ms.
Unloading 5914 Unused Serialized files (Serialized files now loaded: 0)
Unloading 46 unused Assets / (458.0 KB). Loaded Objects now: 8445.
Memory consumption went from 401.0 MB to 400.5 MB.
Total: 7.541000 ms (FindLiveObjects: 0.974500 ms CreateObjectMapping: 0.443200 ms MarkObjects: 5.767700 ms  DeleteObjects: 0.353800 ms)

Prepare: number of updated asset objects reloaded= 0
AssetImportParameters requested are different than current active one (requested -> active):
  custom:container-demuxer-ogg: 62fdf1f143b41e24485cea50d1cbac27 -> 
  custom:video-codec-MediaFoundation-h265: 746d11721c4dcdbdad8f713fa42b33f4 -> 
  custom:video-decoder-ogg-theora: a1e56fd34408186e4bbccfd4996cb3dc -> 
  custom:framework-win-MediaFoundation: 216162199b28c13a410421893ffa2e32 -> 
  custom:CustomObjectIndexerAttribute: 72b91833f83ae208fae7752999fa3104 -> 
  custom:container-demuxer-webm: 4f35f7cbe854078d1ac9338744f61a02 -> 
  custom:container-muxer-webm: aa71ff27fc2769a1b78a27578f13a17b -> 
  custom:video-decoder-webm-vp8: 9c59270c3fd7afecdb556c50c9e8de78 -> 
  custom:SearchIndexIgnoredProperties: e643bd26f0fe6173181afceb89e7c659 -> 
  custom:AudioImporter_EditorPlatform: d09bf68614088b80899f8185d706f6e7 -> 
  custom:video-encoder-webm-vp8: eb34c28f22e8b96e1ab97ce403110664 -> 
  custom:audio-decoder-ogg-vorbis: bf7c407c2cedff20999df2af8eb42d56 -> 
  custom:audio-encoder-webm-vorbis: bf7c407c2cedff20999df2af8eb42d56 -> 
========================================================================
Received Prepare
Begin MonoManager ReloadAssembly
- Loaded All Assemblies, in  1.319 seconds
Refreshing native plugins compatible for Editor in 19.58 ms, found 3 plugins.
Native extension for WindowsStandalone target not found
Native extension for Android target not found
Native extension for WebGL target not found
Mono: successfully reloaded assembly
- Finished resetting the current domain, in  2.993 seconds
Domain Reload Profiling: 4306ms
	BeginReloadAssembly (381ms)
		ExecutionOrderSort (0ms)
		DisableScriptedObjects (13ms)
		BackupInstance (0ms)
		ReleaseScriptingObjects (0ms)
		CreateAndSetChildDomain (87ms)
	RebuildCommonClasses (86ms)
	RebuildNativeTypeToScriptingClass (30ms)
	initialDomainReloadingComplete (76ms)
	LoadAllAssembliesAndSetupDomain (740ms)
		LoadAssemblies (786ms)
		RebuildTransferFunctionScriptingTraits (0ms)
		AnalyzeDomain (155ms)
			TypeCache.Refresh (21ms)
				TypeCache.ScanAssembly (1ms)
			ScanForSourceGeneratedMonoScriptInfo (75ms)
			ResolveRequiredComponents (47ms)
	FinalizeReload (2993ms)
		ReleaseScriptCaches (0ms)
		RebuildScriptCaches (0ms)
		SetupLoadedEditorAssemblies (1278ms)
			LogAssemblyErrors (0ms)
			InitializePlatformSupportModulesInManaged (63ms)
			SetLoadedEditorAssemblies (12ms)
			RefreshPlugins (0ms)
			BeforeProcessingInitializeOnLoad (180ms)
			ProcessInitializeOnLoadAttributes (875ms)
			ProcessInitializeOnLoadMethodAttributes (135ms)
			AfterProcessingInitializeOnLoad (12ms)
			EditorAssembliesLoaded (0ms)
		ExecutionOrderSort2 (0ms)
		AwakeInstancesAfterBackupRestoration (37ms)
Refreshing native plugins compatible for Editor in 9.69 ms, found 3 plugins.
Preloading 0 native plugins for Editor in 0.00 ms.
Unloading 5915 Unused Serialized files (Serialized files now loaded: 0)
Unloading 46 unused Assets / (458.3 KB). Loaded Objects now: 8462.
Memory consumption went from 402.9 MB to 402.4 MB.
Total: 7.334500 ms (FindLiveObjects: 1.153100 ms CreateObjectMapping: 0.673600 ms MarkObjects: 5.131700 ms  DeleteObjects: 0.374400 ms)

Prepare: number of updated asset objects reloaded= 0
AssetImportParameters requested are different than current active one (requested -> active):
  custom:container-demuxer-ogg: 62fdf1f143b41e24485cea50d1cbac27 -> 
  custom:video-codec-MediaFoundation-h265: 746d11721c4dcdbdad8f713fa42b33f4 -> 
  custom:video-decoder-ogg-theora: a1e56fd34408186e4bbccfd4996cb3dc -> 
  custom:framework-win-MediaFoundation: 216162199b28c13a410421893ffa2e32 -> 
  custom:CustomObjectIndexerAttribute: 72b91833f83ae208fae7752999fa3104 -> 
  custom:container-demuxer-webm: 4f35f7cbe854078d1ac9338744f61a02 -> 
  custom:container-muxer-webm: aa71ff27fc2769a1b78a27578f13a17b -> 
  custom:video-decoder-webm-vp8: 9c59270c3fd7afecdb556c50c9e8de78 -> 
  custom:SearchIndexIgnoredProperties: e643bd26f0fe6173181afceb89e7c659 -> 
  custom:AudioImporter_EditorPlatform: d09bf68614088b80899f8185d706f6e7 -> 
  custom:video-encoder-webm-vp8: eb34c28f22e8b96e1ab97ce403110664 -> 
  custom:audio-decoder-ogg-vorbis: bf7c407c2cedff20999df2af8eb42d56 -> 
  custom:audio-encoder-webm-vorbis: bf7c407c2cedff20999df2af8eb42d56 -> 
========================================================================
Received Prepare
Begin MonoManager ReloadAssembly
- Loaded All Assemblies, in  0.689 seconds
Refreshing native plugins compatible for Editor in 5.81 ms, found 3 plugins.
Native extension for WindowsStandalone target not found
Native extension for Android target not found
Native extension for WebGL target not found
Mono: successfully reloaded assembly
- Finished resetting the current domain, in  1.687 seconds
Domain Reload Profiling: 2373ms
	BeginReloadAssembly (206ms)
		ExecutionOrderSort (0ms)
		DisableScriptedObjects (6ms)
		BackupInstance (0ms)
		ReleaseScriptingObjects (0ms)
		CreateAndSetChildDomain (51ms)
	RebuildCommonClasses (46ms)
	RebuildNativeTypeToScriptingClass (16ms)
	initialDomainReloadingComplete (43ms)
	LoadAllAssembliesAndSetupDomain (374ms)
		LoadAssemblies (404ms)
		RebuildTransferFunctionScriptingTraits (0ms)
		AnalyzeDomain (70ms)
			TypeCache.Refresh (14ms)
				TypeCache.ScanAssembly (1ms)
			ScanForSourceGeneratedMonoScriptInfo (33ms)
			ResolveRequiredComponents (15ms)
	FinalizeReload (1688ms)
		ReleaseScriptCaches (0ms)
		RebuildScriptCaches (0ms)
		SetupLoadedEditorAssemblies (778ms)
			LogAssemblyErrors (0ms)
			InitializePlatformSupportModulesInManaged (35ms)
			SetLoadedEditorAssemblies (6ms)
			RefreshPlugins (0ms)
			BeforeProcessingInitializeOnLoad (114ms)
			ProcessInitializeOnLoadAttributes (526ms)
			ProcessInitializeOnLoadMethodAttributes (90ms)
			AfterProcessingInitializeOnLoad (6ms)
			EditorAssembliesLoaded (0ms)
		ExecutionOrderSort2 (0ms)
		AwakeInstancesAfterBackupRestoration (21ms)
Refreshing native plugins compatible for Editor in 7.45 ms, found 3 plugins.
Preloading 0 native plugins for Editor in 0.00 ms.
Unloading 5915 Unused Serialized files (Serialized files now loaded: 0)
Unloading 46 unused Assets / (450.0 KB). Loaded Objects now: 8478.
Memory consumption went from 404.8 MB to 404.4 MB.
Total: 7.113100 ms (FindLiveObjects: 0.861200 ms CreateObjectMapping: 0.471900 ms MarkObjects: 5.344700 ms  DeleteObjects: 0.433300 ms)

Prepare: number of updated asset objects reloaded= 0
AssetImportParameters requested are different than current active one (requested -> active):
  custom:container-demuxer-ogg: 62fdf1f143b41e24485cea50d1cbac27 -> 
  custom:video-codec-MediaFoundation-h265: 746d11721c4dcdbdad8f713fa42b33f4 -> 
  custom:video-decoder-ogg-theora: a1e56fd34408186e4bbccfd4996cb3dc -> 
  custom:framework-win-MediaFoundation: 216162199b28c13a410421893ffa2e32 -> 
  custom:CustomObjectIndexerAttribute: 72b91833f83ae208fae7752999fa3104 -> 
  custom:container-demuxer-webm: 4f35f7cbe854078d1ac9338744f61a02 -> 
  custom:container-muxer-webm: aa71ff27fc2769a1b78a27578f13a17b -> 
  custom:video-decoder-webm-vp8: 9c59270c3fd7afecdb556c50c9e8de78 -> 
  custom:SearchIndexIgnoredProperties: e643bd26f0fe6173181afceb89e7c659 -> 
  custom:AudioImporter_EditorPlatform: d09bf68614088b80899f8185d706f6e7 -> 
  custom:video-encoder-webm-vp8: eb34c28f22e8b96e1ab97ce403110664 -> 
  custom:audio-decoder-ogg-vorbis: bf7c407c2cedff20999df2af8eb42d56 -> 
  custom:audio-encoder-webm-vorbis: bf7c407c2cedff20999df2af8eb42d56 -> 
========================================================================
Received Prepare
Begin MonoManager ReloadAssembly
- Loaded All Assemblies, in  0.610 seconds
Refreshing native plugins compatible for Editor in 4.39 ms, found 3 plugins.
Native extension for WindowsStandalone target not found
Native extension for Android target not found
Native extension for WebGL target not found
Mono: successfully reloaded assembly
- Finished resetting the current domain, in  1.631 seconds
Domain Reload Profiling: 2237ms
	BeginReloadAssembly (197ms)
		ExecutionOrderSort (0ms)
		DisableScriptedObjects (7ms)
		BackupInstance (0ms)
		ReleaseScriptingObjects (0ms)
		CreateAndSetChildDomain (46ms)
	RebuildCommonClasses (39ms)
	RebuildNativeTypeToScriptingClass (13ms)
	initialDomainReloadingComplete (39ms)
	LoadAllAssembliesAndSetupDomain (317ms)
		LoadAssemblies (386ms)
		RebuildTransferFunctionScriptingTraits (0ms)
		AnalyzeDomain (31ms)
			TypeCache.Refresh (9ms)
				TypeCache.ScanAssembly (0ms)
			ScanForSourceGeneratedMonoScriptInfo (0ms)
			ResolveRequiredComponents (15ms)
	FinalizeReload (1632ms)
		ReleaseScriptCaches (0ms)
		RebuildScriptCaches (0ms)
		SetupLoadedEditorAssemblies (769ms)
			LogAssemblyErrors (0ms)
			InitializePlatformSupportModulesInManaged (34ms)
			SetLoadedEditorAssemblies (6ms)
			RefreshPlugins (0ms)
			BeforeProcessingInitializeOnLoad (119ms)
			ProcessInitializeOnLoadAttributes (513ms)
			ProcessInitializeOnLoadMethodAttributes (88ms)
			AfterProcessingInitializeOnLoad (10ms)
			EditorAssembliesLoaded (0ms)
		ExecutionOrderSort2 (0ms)
		AwakeInstancesAfterBackupRestoration (21ms)
Refreshing native plugins compatible for Editor in 10.56 ms, found 3 plugins.
Preloading 0 native plugins for Editor in 0.00 ms.
Unloading 5915 Unused Serialized files (Serialized files now loaded: 0)
Unloading 46 unused Assets / (434.0 KB). Loaded Objects now: 8494.
Memory consumption went from 406.8 MB to 406.3 MB.
Total: 7.830100 ms (FindLiveObjects: 0.858400 ms CreateObjectMapping: 0.538900 ms MarkObjects: 6.016700 ms  DeleteObjects: 0.414000 ms)

Prepare: number of updated asset objects reloaded= 0
AssetImportParameters requested are different than current active one (requested -> active):
  custom:container-demuxer-ogg: 62fdf1f143b41e24485cea50d1cbac27 -> 
  custom:video-codec-MediaFoundation-h265: 746d11721c4dcdbdad8f713fa42b33f4 -> 
  custom:video-decoder-ogg-theora: a1e56fd34408186e4bbccfd4996cb3dc -> 
  custom:framework-win-MediaFoundation: 216162199b28c13a410421893ffa2e32 -> 
  custom:CustomObjectIndexerAttribute: 72b91833f83ae208fae7752999fa3104 -> 
  custom:container-demuxer-webm: 4f35f7cbe854078d1ac9338744f61a02 -> 
  custom:container-muxer-webm: aa71ff27fc2769a1b78a27578f13a17b -> 
  custom:video-decoder-webm-vp8: 9c59270c3fd7afecdb556c50c9e8de78 -> 
  custom:SearchIndexIgnoredProperties: e643bd26f0fe6173181afceb89e7c659 -> 
  custom:AudioImporter_EditorPlatform: d09bf68614088b80899f8185d706f6e7 -> 
  custom:video-encoder-webm-vp8: eb34c28f22e8b96e1ab97ce403110664 -> 
  custom:audio-decoder-ogg-vorbis: bf7c407c2cedff20999df2af8eb42d56 -> 
  custom:audio-encoder-webm-vorbis: bf7c407c2cedff20999df2af8eb42d56 -> 
========================================================================
Received Prepare
Begin MonoManager ReloadAssembly
- Loaded All Assemblies, in  1.196 seconds
Refreshing native plugins compatible for Editor in 8.82 ms, found 3 plugins.
Native extension for WindowsStandalone target not found
Native extension for Android target not found
Native extension for WebGL target not found
Mono: successfully reloaded assembly
- Finished resetting the current domain, in  3.492 seconds
Domain Reload Profiling: 4664ms
	BeginReloadAssembly (325ms)
		ExecutionOrderSort (0ms)
		DisableScriptedObjects (9ms)
		BackupInstance (0ms)
		ReleaseScriptingObjects (0ms)
		CreateAndSetChildDomain (64ms)
	RebuildCommonClasses (69ms)
	RebuildNativeTypeToScriptingClass (34ms)
	initialDomainReloadingComplete (73ms)
	LoadAllAssembliesAndSetupDomain (670ms)
		LoadAssemblies (733ms)
		RebuildTransferFunctionScriptingTraits (0ms)
		AnalyzeDomain (109ms)
			TypeCache.Refresh (25ms)
				TypeCache.ScanAssembly (1ms)
			ScanForSourceGeneratedMonoScriptInfo (51ms)
			ResolveRequiredComponents (27ms)
	FinalizeReload (3493ms)
		ReleaseScriptCaches (0ms)
		RebuildScriptCaches (0ms)
		SetupLoadedEditorAssemblies (1549ms)
			LogAssemblyErrors (0ms)
			InitializePlatformSupportModulesInManaged (54ms)
			SetLoadedEditorAssemblies (8ms)
			RefreshPlugins (0ms)
			BeforeProcessingInitializeOnLoad (208ms)
			ProcessInitializeOnLoadAttributes (1130ms)
			ProcessInitializeOnLoadMethodAttributes (137ms)
			AfterProcessingInitializeOnLoad (12ms)
			EditorAssembliesLoaded (0ms)
		ExecutionOrderSort2 (0ms)
		AwakeInstancesAfterBackupRestoration (33ms)
Refreshing native plugins compatible for Editor in 9.50 ms, found 3 plugins.
Preloading 0 native plugins for Editor in 0.00 ms.
Unloading 5915 Unused Serialized files (Serialized files now loaded: 0)
Unloading 46 unused Assets / (450.0 KB). Loaded Objects now: 8510.
Memory consumption went from 408.7 MB to 408.3 MB.
Total: 7.846200 ms (FindLiveObjects: 1.192000 ms CreateObjectMapping: 0.628800 ms MarkObjects: 5.652100 ms  DeleteObjects: 0.371100 ms)

Prepare: number of updated asset objects reloaded= 0
AssetImportParameters requested are different than current active one (requested -> active):
  custom:container-demuxer-ogg: 62fdf1f143b41e24485cea50d1cbac27 -> 
  custom:video-codec-MediaFoundation-h265: 746d11721c4dcdbdad8f713fa42b33f4 -> 
  custom:video-decoder-ogg-theora: a1e56fd34408186e4bbccfd4996cb3dc -> 
  custom:framework-win-MediaFoundation: 216162199b28c13a410421893ffa2e32 -> 
  custom:CustomObjectIndexerAttribute: 72b91833f83ae208fae7752999fa3104 -> 
  custom:container-demuxer-webm: 4f35f7cbe854078d1ac9338744f61a02 -> 
  custom:container-muxer-webm: aa71ff27fc2769a1b78a27578f13a17b -> 
  custom:video-decoder-webm-vp8: 9c59270c3fd7afecdb556c50c9e8de78 -> 
  custom:SearchIndexIgnoredProperties: e643bd26f0fe6173181afceb89e7c659 -> 
  custom:AudioImporter_EditorPlatform: d09bf68614088b80899f8185d706f6e7 -> 
  custom:video-encoder-webm-vp8: eb34c28f22e8b96e1ab97ce403110664 -> 
  custom:audio-decoder-ogg-vorbis: bf7c407c2cedff20999df2af8eb42d56 -> 
  custom:audio-encoder-webm-vorbis: bf7c407c2cedff20999df2af8eb42d56 -> 
========================================================================
Received Prepare
Begin MonoManager ReloadAssembly
- Loaded All Assemblies, in  0.680 seconds
Refreshing native plugins compatible for Editor in 4.60 ms, found 3 plugins.
Native extension for WindowsStandalone target not found
Native extension for Android target not found
Native extension for WebGL target not found
Mono: successfully reloaded assembly
- Finished resetting the current domain, in  1.795 seconds
Domain Reload Profiling: 2472ms
	BeginReloadAssembly (201ms)
		ExecutionOrderSort (0ms)
		DisableScriptedObjects (6ms)
		BackupInstance (0ms)
		ReleaseScriptingObjects (0ms)
		CreateAndSetChildDomain (47ms)
	RebuildCommonClasses (42ms)
	RebuildNativeTypeToScriptingClass (14ms)
	initialDomainReloadingComplete (38ms)
	LoadAllAssembliesAndSetupDomain (381ms)
		LoadAssemblies (411ms)
		RebuildTransferFunctionScriptingTraits (0ms)
		AnalyzeDomain (72ms)
			TypeCache.Refresh (16ms)
				TypeCache.ScanAssembly (1ms)
			ScanForSourceGeneratedMonoScriptInfo (35ms)
			ResolveRequiredComponents (16ms)
	FinalizeReload (1795ms)
		ReleaseScriptCaches (0ms)
		RebuildScriptCaches (0ms)
		SetupLoadedEditorAssemblies (811ms)
			LogAssemblyErrors (0ms)
			InitializePlatformSupportModulesInManaged (36ms)
			SetLoadedEditorAssemblies (6ms)
			RefreshPlugins (0ms)
			BeforeProcessingInitializeOnLoad (117ms)
			ProcessInitializeOnLoadAttributes (559ms)
			ProcessInitializeOnLoadMethodAttributes (86ms)
			AfterProcessingInitializeOnLoad (6ms)
			EditorAssembliesLoaded (0ms)
		ExecutionOrderSort2 (0ms)
		AwakeInstancesAfterBackupRestoration (20ms)
Refreshing native plugins compatible for Editor in 7.91 ms, found 3 plugins.
Preloading 0 native plugins for Editor in 0.00 ms.
Unloading 5915 Unused Serialized files (Serialized files now loaded: 0)
Unloading 46 unused Assets / (450.1 KB). Loaded Objects now: 8526.
Memory consumption went from 410.6 MB to 410.2 MB.
Total: 6.709600 ms (FindLiveObjects: 0.862800 ms CreateObjectMapping: 0.509900 ms MarkObjects: 4.974800 ms  DeleteObjects: 0.360300 ms)

Prepare: number of updated asset objects reloaded= 0
AssetImportParameters requested are different than current active one (requested -> active):
  custom:container-demuxer-ogg: 62fdf1f143b41e24485cea50d1cbac27 -> 
  custom:video-codec-MediaFoundation-h265: 746d11721c4dcdbdad8f713fa42b33f4 -> 
  custom:video-decoder-ogg-theora: a1e56fd34408186e4bbccfd4996cb3dc -> 
  custom:framework-win-MediaFoundation: 216162199b28c13a410421893ffa2e32 -> 
  custom:CustomObjectIndexerAttribute: 72b91833f83ae208fae7752999fa3104 -> 
  custom:container-demuxer-webm: 4f35f7cbe854078d1ac9338744f61a02 -> 
  custom:container-muxer-webm: aa71ff27fc2769a1b78a27578f13a17b -> 
  custom:video-decoder-webm-vp8: 9c59270c3fd7afecdb556c50c9e8de78 -> 
  custom:SearchIndexIgnoredProperties: e643bd26f0fe6173181afceb89e7c659 -> 
  custom:AudioImporter_EditorPlatform: d09bf68614088b80899f8185d706f6e7 -> 
  custom:video-encoder-webm-vp8: eb34c28f22e8b96e1ab97ce403110664 -> 
  custom:audio-decoder-ogg-vorbis: bf7c407c2cedff20999df2af8eb42d56 -> 
  custom:audio-encoder-webm-vorbis: bf7c407c2cedff20999df2af8eb42d56 -> 
========================================================================
Received Prepare
Begin MonoManager ReloadAssembly
- Loaded All Assemblies, in  0.606 seconds
Refreshing native plugins compatible for Editor in 4.43 ms, found 3 plugins.
Native extension for WindowsStandalone target not found
Native extension for Android target not found
Native extension for WebGL target not found
Mono: successfully reloaded assembly
- Finished resetting the current domain, in  1.626 seconds
Domain Reload Profiling: 2229ms
	BeginReloadAssembly (189ms)
		ExecutionOrderSort (0ms)
		DisableScriptedObjects (6ms)
		BackupInstance (0ms)
		ReleaseScriptingObjects (0ms)
		CreateAndSetChildDomain (42ms)
	RebuildCommonClasses (39ms)
	RebuildNativeTypeToScriptingClass (14ms)
	initialDomainReloadingComplete (41ms)
	LoadAllAssembliesAndSetupDomain (320ms)
		LoadAssemblies (382ms)
		RebuildTransferFunctionScriptingTraits (0ms)
		AnalyzeDomain (31ms)
			TypeCache.Refresh (9ms)
				TypeCache.ScanAssembly (0ms)
			ScanForSourceGeneratedMonoScriptInfo (0ms)
			ResolveRequiredComponents (16ms)
	FinalizeReload (1626ms)
		ReleaseScriptCaches (0ms)
		RebuildScriptCaches (0ms)
		SetupLoadedEditorAssemblies (768ms)
			LogAssemblyErrors (0ms)
			InitializePlatformSupportModulesInManaged (34ms)
			SetLoadedEditorAssemblies (6ms)
			RefreshPlugins (0ms)
			BeforeProcessingInitializeOnLoad (113ms)
			ProcessInitializeOnLoadAttributes (518ms)
			ProcessInitializeOnLoadMethodAttributes (90ms)
			AfterProcessingInitializeOnLoad (7ms)
			EditorAssembliesLoaded (0ms)
		ExecutionOrderSort2 (0ms)
		AwakeInstancesAfterBackupRestoration (21ms)
Refreshing native plugins compatible for Editor in 10.43 ms, found 3 plugins.
Preloading 0 native plugins for Editor in 0.00 ms.
Unloading 5915 Unused Serialized files (Serialized files now loaded: 0)
Unloading 46 unused Assets / (450.1 KB). Loaded Objects now: 8542.
Memory consumption went from 412.5 MB to 412.0 MB.
Total: 7.550700 ms (FindLiveObjects: 1.011000 ms CreateObjectMapping: 0.613900 ms MarkObjects: 5.562000 ms  DeleteObjects: 0.361000 ms)

Prepare: number of updated asset objects reloaded= 0
AssetImportParameters requested are different than current active one (requested -> active):
  custom:container-demuxer-ogg: 62fdf1f143b41e24485cea50d1cbac27 -> 
  custom:video-codec-MediaFoundation-h265: 746d11721c4dcdbdad8f713fa42b33f4 -> 
  custom:video-decoder-ogg-theora: a1e56fd34408186e4bbccfd4996cb3dc -> 
  custom:framework-win-MediaFoundation: 216162199b28c13a410421893ffa2e32 -> 
  custom:CustomObjectIndexerAttribute: 72b91833f83ae208fae7752999fa3104 -> 
  custom:container-demuxer-webm: 4f35f7cbe854078d1ac9338744f61a02 -> 
  custom:container-muxer-webm: aa71ff27fc2769a1b78a27578f13a17b -> 
  custom:video-decoder-webm-vp8: 9c59270c3fd7afecdb556c50c9e8de78 -> 
  custom:SearchIndexIgnoredProperties: e643bd26f0fe6173181afceb89e7c659 -> 
  custom:AudioImporter_EditorPlatform: d09bf68614088b80899f8185d706f6e7 -> 
  custom:video-encoder-webm-vp8: eb34c28f22e8b96e1ab97ce403110664 -> 
  custom:audio-decoder-ogg-vorbis: bf7c407c2cedff20999df2af8eb42d56 -> 
  custom:audio-encoder-webm-vorbis: bf7c407c2cedff20999df2af8eb42d56 -> 
========================================================================
Received Import Request.
  Time since last request: 1937.988189 seconds.
  path: Assets/Prefab/Player.prefab
  artifactKey: Guid(e93980672e8e2e24e9f0631a8fc5a9d3) Importer(815301076,1909f56bfc062723c751e8b465ee728b)
Start importing Assets/Prefab/Player.prefab using Guid(e93980672e8e2e24e9f0631a8fc5a9d3) Importer(815301076,1909f56bfc062723c751e8b465ee728b)  -> (artifact id: 'a74df6cb4ea139af80685600b06aa0aa') in 0.408824 seconds
Number of updated asset objects reloaded before import = 0
Number of asset objects unloaded after import = 49
========================================================================
Received Prepare
Begin MonoManager ReloadAssembly
- Loaded All Assemblies, in  0.657 seconds
Refreshing native plugins compatible for Editor in 4.97 ms, found 3 plugins.
Native extension for WindowsStandalone target not found
Native extension for Android target not found
Native extension for WebGL target not found
Mono: successfully reloaded assembly
- Finished resetting the current domain, in  1.629 seconds
Domain Reload Profiling: 2284ms
	BeginReloadAssembly (202ms)
		ExecutionOrderSort (0ms)
		DisableScriptedObjects (12ms)
		BackupInstance (0ms)
		ReleaseScriptingObjects (0ms)
		CreateAndSetChildDomain (47ms)
	RebuildCommonClasses (43ms)
	RebuildNativeTypeToScriptingClass (14ms)
	initialDomainReloadingComplete (41ms)
	LoadAllAssembliesAndSetupDomain (355ms)
		LoadAssemblies (384ms)
		RebuildTransferFunctionScriptingTraits (0ms)
		AnalyzeDomain (68ms)
			TypeCache.Refresh (13ms)
				TypeCache.ScanAssembly (1ms)
			ScanForSourceGeneratedMonoScriptInfo (34ms)
			ResolveRequiredComponents (15ms)
	FinalizeReload (1630ms)
		ReleaseScriptCaches (0ms)
		RebuildScriptCaches (0ms)
		SetupLoadedEditorAssemblies (772ms)
			LogAssemblyErrors (0ms)
			InitializePlatformSupportModulesInManaged (33ms)
			SetLoadedEditorAssemblies (6ms)
			RefreshPlugins (0ms)
			BeforeProcessingInitializeOnLoad (114ms)
			ProcessInitializeOnLoadAttributes (524ms)
			ProcessInitializeOnLoadMethodAttributes (88ms)
			AfterProcessingInitializeOnLoad (8ms)
			EditorAssembliesLoaded (0ms)
		ExecutionOrderSort2 (0ms)
		AwakeInstancesAfterBackupRestoration (23ms)
Refreshing native plugins compatible for Editor in 8.41 ms, found 3 plugins.
Preloading 0 native plugins for Editor in 0.00 ms.
Unloading 5915 Unused Serialized files (Serialized files now loaded: 0)
Unloading 46 unused Assets / (458.2 KB). Loaded Objects now: 8595.
Memory consumption went from 414.7 MB to 414.2 MB.
Total: 7.197700 ms (FindLiveObjects: 0.874800 ms CreateObjectMapping: 0.469100 ms MarkObjects: 5.504400 ms  DeleteObjects: 0.347200 ms)

Prepare: number of updated asset objects reloaded= 0
AssetImportParameters requested are different than current active one (requested -> active):
  custom:container-demuxer-ogg: 62fdf1f143b41e24485cea50d1cbac27 -> 
  custom:video-codec-MediaFoundation-h265: 746d11721c4dcdbdad8f713fa42b33f4 -> 
  custom:video-decoder-ogg-theora: a1e56fd34408186e4bbccfd4996cb3dc -> 
  custom:framework-win-MediaFoundation: 216162199b28c13a410421893ffa2e32 -> 
  custom:CustomObjectIndexerAttribute: 72b91833f83ae208fae7752999fa3104 -> 
  custom:container-demuxer-webm: 4f35f7cbe854078d1ac9338744f61a02 -> 
  custom:container-muxer-webm: aa71ff27fc2769a1b78a27578f13a17b -> 
  custom:video-decoder-webm-vp8: 9c59270c3fd7afecdb556c50c9e8de78 -> 
  custom:SearchIndexIgnoredProperties: e643bd26f0fe6173181afceb89e7c659 -> 
  custom:AudioImporter_EditorPlatform: d09bf68614088b80899f8185d706f6e7 -> 
  custom:video-encoder-webm-vp8: eb34c28f22e8b96e1ab97ce403110664 -> 
  custom:audio-decoder-ogg-vorbis: bf7c407c2cedff20999df2af8eb42d56 -> 
  custom:audio-encoder-webm-vorbis: bf7c407c2cedff20999df2af8eb42d56 -> 
========================================================================
Received Import Request.
  Time since last request: 51.504430 seconds.
  path: Assets/ScriptableObjects/AssaultRifle.asset
  artifactKey: Guid(5ebf1dad94b4fac4e8010a635dce7737) Importer(815301076,1909f56bfc062723c751e8b465ee728b)
Start importing Assets/ScriptableObjects/AssaultRifle.asset using Guid(5ebf1dad94b4fac4e8010a635dce7737) Importer(815301076,1909f56bfc062723c751e8b465ee728b)  -> (artifact id: 'baa7549865326f88c124cbfd9f965d17') in 0.033823 seconds
Number of updated asset objects reloaded before import = 0
Number of asset objects unloaded after import = 7
========================================================================
Received Import Request.
  Time since last request: 7.888062 seconds.
  path: Assets/ScriptableObjects/MachineGunSentry.asset
  artifactKey: Guid(973f1dfb1693b7f4db582fccbb073600) Importer(815301076,1909f56bfc062723c751e8b465ee728b)
Start importing Assets/ScriptableObjects/MachineGunSentry.asset using Guid(973f1dfb1693b7f4db582fccbb073600) Importer(815301076,1909f56bfc062723c751e8b465ee728b)  -> (artifact id: '97619f9c13801d68c699b0cee43e6f12') in 0.054259 seconds
Number of updated asset objects reloaded before import = 0
Number of asset objects unloaded after import = 27
========================================================================
Received Prepare
Begin MonoManager ReloadAssembly
- Loaded All Assemblies, in  0.633 seconds
Refreshing native plugins compatible for Editor in 4.66 ms, found 3 plugins.
Native extension for WindowsStandalone target not found
Native extension for Android target not found
Native extension for WebGL target not found
Mono: successfully reloaded assembly
- Finished resetting the current domain, in  1.633 seconds
Domain Reload Profiling: 2263ms
	BeginReloadAssembly (204ms)
		ExecutionOrderSort (0ms)
		DisableScriptedObjects (5ms)
		BackupInstance (0ms)
		ReleaseScriptingObjects (0ms)
		CreateAndSetChildDomain (49ms)
	RebuildCommonClasses (40ms)
	RebuildNativeTypeToScriptingClass (14ms)
	initialDomainReloadingComplete (41ms)
	LoadAllAssembliesAndSetupDomain (331ms)
		LoadAssemblies (403ms)
		RebuildTransferFunctionScriptingTraits (0ms)
		AnalyzeDomain (30ms)
			TypeCache.Refresh (9ms)
				TypeCache.ScanAssembly (0ms)
			ScanForSourceGeneratedMonoScriptInfo (0ms)
			ResolveRequiredComponents (16ms)
	FinalizeReload (1634ms)
		ReleaseScriptCaches (0ms)
		RebuildScriptCaches (0ms)
		SetupLoadedEditorAssemblies (774ms)
			LogAssemblyErrors (0ms)
			InitializePlatformSupportModulesInManaged (36ms)
			SetLoadedEditorAssemblies (7ms)
			RefreshPlugins (0ms)
			BeforeProcessingInitializeOnLoad (112ms)
			ProcessInitializeOnLoadAttributes (519ms)
			ProcessInitializeOnLoadMethodAttributes (92ms)
			AfterProcessingInitializeOnLoad (7ms)
			EditorAssembliesLoaded (1ms)
		ExecutionOrderSort2 (0ms)
		AwakeInstancesAfterBackupRestoration (23ms)
Refreshing native plugins compatible for Editor in 8.85 ms, found 3 plugins.
Preloading 0 native plugins for Editor in 0.00 ms.
Unloading 5915 Unused Serialized files (Serialized files now loaded: 0)
Unloading 46 unused Assets / (434.1 KB). Loaded Objects now: 8612.
Memory consumption went from 416.5 MB to 416.0 MB.
Total: 7.354600 ms (FindLiveObjects: 1.006700 ms CreateObjectMapping: 0.608600 ms MarkObjects: 5.367900 ms  DeleteObjects: 0.369800 ms)

Prepare: number of updated asset objects reloaded= 0
AssetImportParameters requested are different than current active one (requested -> active):
  custom:container-demuxer-ogg: 62fdf1f143b41e24485cea50d1cbac27 -> 
  custom:video-codec-MediaFoundation-h265: 746d11721c4dcdbdad8f713fa42b33f4 -> 
  custom:video-decoder-ogg-theora: a1e56fd34408186e4bbccfd4996cb3dc -> 
  custom:framework-win-MediaFoundation: 216162199b28c13a410421893ffa2e32 -> 
  custom:CustomObjectIndexerAttribute: 72b91833f83ae208fae7752999fa3104 -> 
  custom:container-demuxer-webm: 4f35f7cbe854078d1ac9338744f61a02 -> 
  custom:container-muxer-webm: aa71ff27fc2769a1b78a27578f13a17b -> 
  custom:video-decoder-webm-vp8: 9c59270c3fd7afecdb556c50c9e8de78 -> 
  custom:SearchIndexIgnoredProperties: e643bd26f0fe6173181afceb89e7c659 -> 
  custom:AudioImporter_EditorPlatform: d09bf68614088b80899f8185d706f6e7 -> 
  custom:video-encoder-webm-vp8: eb34c28f22e8b96e1ab97ce403110664 -> 
  custom:audio-decoder-ogg-vorbis: bf7c407c2cedff20999df2af8eb42d56 -> 
  custom:audio-encoder-webm-vorbis: bf7c407c2cedff20999df2af8eb42d56 -> 
========================================================================
Received Prepare
Begin MonoManager ReloadAssembly
- Loaded All Assemblies, in  0.638 seconds
Refreshing native plugins compatible for Editor in 4.55 ms, found 3 plugins.
Native extension for WindowsStandalone target not found
Native extension for Android target not found
Native extension for WebGL target not found
Mono: successfully reloaded assembly
- Finished resetting the current domain, in  1.597 seconds
Domain Reload Profiling: 2232ms
	BeginReloadAssembly (187ms)
		ExecutionOrderSort (0ms)
		DisableScriptedObjects (6ms)
		BackupInstance (0ms)
		ReleaseScriptingObjects (0ms)
		CreateAndSetChildDomain (42ms)
	RebuildCommonClasses (40ms)
	RebuildNativeTypeToScriptingClass (13ms)
	initialDomainReloadingComplete (37ms)
	LoadAllAssembliesAndSetupDomain (356ms)
		LoadAssemblies (380ms)
		RebuildTransferFunctionScriptingTraits (0ms)
		AnalyzeDomain (69ms)
			TypeCache.Refresh (14ms)
				TypeCache.ScanAssembly (1ms)
			ScanForSourceGeneratedMonoScriptInfo (33ms)
			ResolveRequiredComponents (15ms)
	FinalizeReload (1598ms)
		ReleaseScriptCaches (0ms)
		RebuildScriptCaches (0ms)
		SetupLoadedEditorAssemblies (761ms)
			LogAssemblyErrors (0ms)
			InitializePlatformSupportModulesInManaged (32ms)
			SetLoadedEditorAssemblies (7ms)
			RefreshPlugins (0ms)
			BeforeProcessingInitializeOnLoad (121ms)
			ProcessInitializeOnLoadAttributes (509ms)
			ProcessInitializeOnLoadMethodAttributes (85ms)
			AfterProcessingInitializeOnLoad (6ms)
			EditorAssembliesLoaded (0ms)
		ExecutionOrderSort2 (0ms)
		AwakeInstancesAfterBackupRestoration (18ms)
Refreshing native plugins compatible for Editor in 6.51 ms, found 3 plugins.
Preloading 0 native plugins for Editor in 0.00 ms.
Unloading 5915 Unused Serialized files (Serialized files now loaded: 0)
Unloading 46 unused Assets / (450.1 KB). Loaded Objects now: 8628.
Memory consumption went from 418.4 MB to 418.0 MB.
Total: 7.540500 ms (FindLiveObjects: 0.933000 ms CreateObjectMapping: 0.566200 ms MarkObjects: 5.579400 ms  DeleteObjects: 0.459300 ms)

Prepare: number of updated asset objects reloaded= 0
AssetImportParameters requested are different than current active one (requested -> active):
  custom:container-demuxer-ogg: 62fdf1f143b41e24485cea50d1cbac27 -> 
  custom:video-codec-MediaFoundation-h265: 746d11721c4dcdbdad8f713fa42b33f4 -> 
  custom:video-decoder-ogg-theora: a1e56fd34408186e4bbccfd4996cb3dc -> 
  custom:framework-win-MediaFoundation: 216162199b28c13a410421893ffa2e32 -> 
  custom:CustomObjectIndexerAttribute: 72b91833f83ae208fae7752999fa3104 -> 
  custom:container-demuxer-webm: 4f35f7cbe854078d1ac9338744f61a02 -> 
  custom:container-muxer-webm: aa71ff27fc2769a1b78a27578f13a17b -> 
  custom:video-decoder-webm-vp8: 9c59270c3fd7afecdb556c50c9e8de78 -> 
  custom:SearchIndexIgnoredProperties: e643bd26f0fe6173181afceb89e7c659 -> 
  custom:AudioImporter_EditorPlatform: d09bf68614088b80899f8185d706f6e7 -> 
  custom:video-encoder-webm-vp8: eb34c28f22e8b96e1ab97ce403110664 -> 
  custom:audio-decoder-ogg-vorbis: bf7c407c2cedff20999df2af8eb42d56 -> 
  custom:audio-encoder-webm-vorbis: bf7c407c2cedff20999df2af8eb42d56 -> 
========================================================================
Received Import Request.
  Time since last request: 140.600128 seconds.
  path: Assets/Prefab/Player.prefab
  artifactKey: Guid(e93980672e8e2e24e9f0631a8fc5a9d3) Importer(815301076,1909f56bfc062723c751e8b465ee728b)
Start importing Assets/Prefab/Player.prefab using Guid(e93980672e8e2e24e9f0631a8fc5a9d3) Importer(815301076,1909f56bfc062723c751e8b465ee728b)  -> (artifact id: 'e267f6e46ae36cfb62ebe0a3f9c271f9') in 0.398419 seconds
Number of updated asset objects reloaded before import = 0
Number of asset objects unloaded after import = 49
========================================================================
Received Import Request.
  Time since last request: 339.218987 seconds.
  path: Assets/Scripts/SentryController.cs
  artifactKey: Guid(7dba1625acc487b4e8b6fcd5cf949736) Importer(815301076,1909f56bfc062723c751e8b465ee728b)
Start importing Assets/Scripts/SentryController.cs using Guid(7dba1625acc487b4e8b6fcd5cf949736) Importer(815301076,1909f56bfc062723c751e8b465ee728b)  -> (artifact id: '8b2b263e9833bf02cd740e4242cbda08') in 0.001428 seconds
Number of updated asset objects reloaded before import = 0
Number of asset objects unloaded after import = 0
========================================================================
Received Prepare
Begin MonoManager ReloadAssembly
- Loaded All Assemblies, in  1.152 seconds
Refreshing native plugins compatible for Editor in 18.72 ms, found 3 plugins.
Native extension for WindowsStandalone target not found
Native extension for Android target not found
Native extension for WebGL target not found
Mono: successfully reloaded assembly
- Finished resetting the current domain, in  3.361 seconds
Domain Reload Profiling: 4502ms
	BeginReloadAssembly (330ms)
		ExecutionOrderSort (0ms)
		DisableScriptedObjects (19ms)
		BackupInstance (0ms)
		ReleaseScriptingObjects (0ms)
		CreateAndSetChildDomain (71ms)
	RebuildCommonClasses (71ms)
	RebuildNativeTypeToScriptingClass (29ms)
	initialDomainReloadingComplete (85ms)
	LoadAllAssembliesAndSetupDomain (626ms)
		LoadAssemblies (686ms)
		RebuildTransferFunctionScriptingTraits (0ms)
		AnalyzeDomain (106ms)
			TypeCache.Refresh (19ms)
				TypeCache.ScanAssembly (1ms)
			ScanForSourceGeneratedMonoScriptInfo (50ms)
			ResolveRequiredComponents (28ms)
	FinalizeReload (3362ms)
		ReleaseScriptCaches (0ms)
		RebuildScriptCaches (0ms)
		SetupLoadedEditorAssemblies (1385ms)
			LogAssemblyErrors (0ms)
			InitializePlatformSupportModulesInManaged (83ms)
			SetLoadedEditorAssemblies (10ms)
			RefreshPlugins (0ms)
			BeforeProcessingInitializeOnLoad (187ms)
			ProcessInitializeOnLoadAttributes (913ms)
			ProcessInitializeOnLoadMethodAttributes (176ms)
			AfterProcessingInitializeOnLoad (17ms)
			EditorAssembliesLoaded (1ms)
		ExecutionOrderSort2 (1ms)
		AwakeInstancesAfterBackupRestoration (48ms)
Refreshing native plugins compatible for Editor in 11.16 ms, found 3 plugins.
Preloading 0 native plugins for Editor in 0.00 ms.
Unloading 5916 Unused Serialized files (Serialized files now loaded: 0)
Unloading 46 unused Assets / (450.1 KB). Loaded Objects now: 8682.
Memory consumption went from 420.5 MB to 420.1 MB.
Total: 8.524400 ms (FindLiveObjects: 1.536500 ms CreateObjectMapping: 0.626500 ms MarkObjects: 5.986500 ms  DeleteObjects: 0.372900 ms)

Prepare: number of updated asset objects reloaded= 0
AssetImportParameters requested are different than current active one (requested -> active):
  custom:container-demuxer-ogg: 62fdf1f143b41e24485cea50d1cbac27 -> 
  custom:video-codec-MediaFoundation-h265: 746d11721c4dcdbdad8f713fa42b33f4 -> 
  custom:video-decoder-ogg-theora: a1e56fd34408186e4bbccfd4996cb3dc -> 
  custom:framework-win-MediaFoundation: 216162199b28c13a410421893ffa2e32 -> 
  custom:CustomObjectIndexerAttribute: 72b91833f83ae208fae7752999fa3104 -> 
  custom:container-demuxer-webm: 4f35f7cbe854078d1ac9338744f61a02 -> 
  custom:container-muxer-webm: aa71ff27fc2769a1b78a27578f13a17b -> 
  custom:video-decoder-webm-vp8: 9c59270c3fd7afecdb556c50c9e8de78 -> 
  custom:SearchIndexIgnoredProperties: e643bd26f0fe6173181afceb89e7c659 -> 
  custom:AudioImporter_EditorPlatform: d09bf68614088b80899f8185d706f6e7 -> 
  custom:video-encoder-webm-vp8: eb34c28f22e8b96e1ab97ce403110664 -> 
  custom:audio-decoder-ogg-vorbis: bf7c407c2cedff20999df2af8eb42d56 -> 
  custom:audio-encoder-webm-vorbis: bf7c407c2cedff20999df2af8eb42d56 -> 
========================================================================
Received Import Request.
  Time since last request: 16.924358 seconds.
  path: Assets/Scripts/SentryController.cs
  artifactKey: Guid(7dba1625acc487b4e8b6fcd5cf949736) Importer(815301076,1909f56bfc062723c751e8b465ee728b)
Start importing Assets/Scripts/SentryController.cs using Guid(7dba1625acc487b4e8b6fcd5cf949736) Importer(815301076,1909f56bfc062723c751e8b465ee728b)  -> (artifact id: '00000000000000000000000000000000') in 0.003364 seconds
Import Error Code:(4)
Message: Build asset version error: assets/scripts/sentrycontroller.cs in SourceAssetDB has modification time of '2025-06-09T22:30:13.9268369Z' while content on disk has modification time of '2025-06-09T22:30:14.1868261Z'
  ERROR: Build asset version error: assets/scripts/sentrycontroller.cs in SourceAssetDB has modification time of '2025-06-09T22:30:13.9268369Z' while content on disk has modification time of '2025-06-09T22:30:14.1868261Z'
Number of updated asset objects reloaded before import = 0
Number of asset objects unloaded after import = 0
========================================================================
Received Import Request.
  Time since last request: 0.390283 seconds.
  path: Assets/Scripts/SentryController.cs
  artifactKey: Guid(7dba1625acc487b4e8b6fcd5cf949736) Importer(815301076,1909f56bfc062723c751e8b465ee728b)
Start importing Assets/Scripts/SentryController.cs using Guid(7dba1625acc487b4e8b6fcd5cf949736) Importer(815301076,1909f56bfc062723c751e8b465ee728b)  -> (artifact id: '00000000000000000000000000000000') in 0.001125 seconds
Import Error Code:(4)
Message: Build asset version error: assets/scripts/sentrycontroller.cs in SourceAssetDB has modification time of '2025-06-09T22:30:13.9268369Z' while content on disk has modification time of '2025-06-09T22:30:14.1868261Z'
  ERROR: Build asset version error: assets/scripts/sentrycontroller.cs in SourceAssetDB has modification time of '2025-06-09T22:30:13.9268369Z' while content on disk has modification time of '2025-06-09T22:30:14.1868261Z'
Number of updated asset objects reloaded before import = 0
Number of asset objects unloaded after import = 0
========================================================================
Received Import Request.
  Time since last request: 0.014848 seconds.
  path: Assets/Scripts/SentryController.cs
  artifactKey: Guid(7dba1625acc487b4e8b6fcd5cf949736) Importer(815301076,1909f56bfc062723c751e8b465ee728b)
Start importing Assets/Scripts/SentryController.cs using Guid(7dba1625acc487b4e8b6fcd5cf949736) Importer(815301076,1909f56bfc062723c751e8b465ee728b)  -> (artifact id: 'e45c726db2e794a12793909cb56c21e0') in 0.001178 seconds
Number of updated asset objects reloaded before import = 0
Number of asset objects unloaded after import = 0
========================================================================
Received Import Request.
  Time since last request: 5.310256 seconds.
  path: Assets/Scripts/SentryController.cs
  artifactKey: Guid(7dba1625acc487b4e8b6fcd5cf949736) Importer(815301076,1909f56bfc062723c751e8b465ee728b)
Start importing Assets/Scripts/SentryController.cs using Guid(7dba1625acc487b4e8b6fcd5cf949736) Importer(815301076,1909f56bfc062723c751e8b465ee728b)  -> (artifact id: 'a644786e1c65dafa4678d40ed2f2334c') in 0.001706 seconds
Number of updated asset objects reloaded before import = 0
Number of asset objects unloaded after import = 0
========================================================================
Received Prepare
Begin MonoManager ReloadAssembly
- Loaded All Assemblies, in  1.144 seconds
Refreshing native plugins compatible for Editor in 11.40 ms, found 3 plugins.
Native extension for WindowsStandalone target not found
Native extension for Android target not found
Native extension for WebGL target not found
Mono: successfully reloaded assembly
- Finished resetting the current domain, in  3.657 seconds
Domain Reload Profiling: 4795ms
	BeginReloadAssembly (351ms)
		ExecutionOrderSort (1ms)
		DisableScriptedObjects (15ms)
		BackupInstance (0ms)
		ReleaseScriptingObjects (0ms)
		CreateAndSetChildDomain (67ms)
	RebuildCommonClasses (65ms)
	RebuildNativeTypeToScriptingClass (24ms)
	initialDomainReloadingComplete (72ms)
	LoadAllAssembliesAndSetupDomain (625ms)
		LoadAssemblies (709ms)
		RebuildTransferFunctionScriptingTraits (0ms)
		AnalyzeDomain (108ms)
			TypeCache.Refresh (19ms)
				TypeCache.ScanAssembly (1ms)
			ScanForSourceGeneratedMonoScriptInfo (54ms)
			ResolveRequiredComponents (28ms)
	FinalizeReload (3658ms)
		ReleaseScriptCaches (0ms)
		RebuildScriptCaches (0ms)
		SetupLoadedEditorAssemblies (1254ms)
			LogAssemblyErrors (0ms)
			InitializePlatformSupportModulesInManaged (54ms)
			SetLoadedEditorAssemblies (9ms)
			RefreshPlugins (0ms)
			BeforeProcessingInitializeOnLoad (181ms)
			ProcessInitializeOnLoadAttributes (830ms)
			ProcessInitializeOnLoadMethodAttributes (167ms)
			AfterProcessingInitializeOnLoad (13ms)
			EditorAssembliesLoaded (0ms)
		ExecutionOrderSort2 (0ms)
		AwakeInstancesAfterBackupRestoration (35ms)
Refreshing native plugins compatible for Editor in 10.63 ms, found 3 plugins.
Preloading 0 native plugins for Editor in 0.00 ms.
Unloading 5916 Unused Serialized files (Serialized files now loaded: 0)
Unloading 46 unused Assets / (434.1 KB). Loaded Objects now: 8698.
Memory consumption went from 422.3 MB to 421.9 MB.
Total: 7.430000 ms (FindLiveObjects: 1.104300 ms CreateObjectMapping: 0.483200 ms MarkObjects: 5.520400 ms  DeleteObjects: 0.320300 ms)

Prepare: number of updated asset objects reloaded= 0
AssetImportParameters requested are different than current active one (requested -> active):
  custom:container-demuxer-ogg: 62fdf1f143b41e24485cea50d1cbac27 -> 
  custom:video-codec-MediaFoundation-h265: 746d11721c4dcdbdad8f713fa42b33f4 -> 
  custom:video-decoder-ogg-theora: a1e56fd34408186e4bbccfd4996cb3dc -> 
  custom:framework-win-MediaFoundation: 216162199b28c13a410421893ffa2e32 -> 
  custom:CustomObjectIndexerAttribute: 72b91833f83ae208fae7752999fa3104 -> 
  custom:container-demuxer-webm: 4f35f7cbe854078d1ac9338744f61a02 -> 
  custom:container-muxer-webm: aa71ff27fc2769a1b78a27578f13a17b -> 
  custom:video-decoder-webm-vp8: 9c59270c3fd7afecdb556c50c9e8de78 -> 
  custom:SearchIndexIgnoredProperties: e643bd26f0fe6173181afceb89e7c659 -> 
  custom:AudioImporter_EditorPlatform: d09bf68614088b80899f8185d706f6e7 -> 
  custom:video-encoder-webm-vp8: eb34c28f22e8b96e1ab97ce403110664 -> 
  custom:audio-decoder-ogg-vorbis: bf7c407c2cedff20999df2af8eb42d56 -> 
  custom:audio-encoder-webm-vorbis: bf7c407c2cedff20999df2af8eb42d56 -> 
========================================================================
Received Import Request.
  Time since last request: 90.777378 seconds.
  path: Assets/Prefab/MachineGunSentry.prefab
  artifactKey: Guid(cbbb0fbff609e9141b3b5fa8dc63e666) Importer(815301076,1909f56bfc062723c751e8b465ee728b)
Start importing Assets/Prefab/MachineGunSentry.prefab using Guid(cbbb0fbff609e9141b3b5fa8dc63e666) Importer(815301076,1909f56bfc062723c751e8b465ee728b)  -> (artifact id: '7202e7de7e40a5ac93fd5d5826f568db') in 0.108461 seconds
Number of updated asset objects reloaded before import = 0
Number of asset objects unloaded after import = 28
========================================================================
Received Import Request.
  Time since last request: 86.910330 seconds.
  path: ProjectSettings/TagManager.asset
  artifactKey: Guid(00000000000000003000000000000000) Importer(815301076,1909f56bfc062723c751e8b465ee728b)
Start importing ProjectSettings/TagManager.asset using Guid(00000000000000003000000000000000) Importer(815301076,1909f56bfc062723c751e8b465ee728b)  -> (artifact id: 'd3d15fd9cda5a106629f0cd3dbe6e0f6') in 0.001188 seconds
Number of updated asset objects reloaded before import = 0
Number of asset objects unloaded after import = 0
========================================================================
Received Import Request.
  Time since last request: 25.466944 seconds.
  path: Assets/Prefab/Player.prefab
  artifactKey: Guid(e93980672e8e2e24e9f0631a8fc5a9d3) Importer(815301076,1909f56bfc062723c751e8b465ee728b)
Start importing Assets/Prefab/Player.prefab using Guid(e93980672e8e2e24e9f0631a8fc5a9d3) Importer(815301076,1909f56bfc062723c751e8b465ee728b)  -> (artifact id: 'ef46d970b585cba658ca43273c999ea4') in 0.353756 seconds
Number of updated asset objects reloaded before import = 0
Number of asset objects unloaded after import = 49
========================================================================
Received Import Request.
  Time since last request: 2.806140 seconds.
  path: Assets/Prefab/MachineGunSentry.prefab
  artifactKey: Guid(cbbb0fbff609e9141b3b5fa8dc63e666) Importer(815301076,1909f56bfc062723c751e8b465ee728b)
Start importing Assets/Prefab/MachineGunSentry.prefab using Guid(cbbb0fbff609e9141b3b5fa8dc63e666) Importer(815301076,1909f56bfc062723c751e8b465ee728b)  -> (artifact id: 'b873d46a993af662d8498a62f747d204') in 0.005506 seconds
Number of updated asset objects reloaded before import = 0
Number of asset objects unloaded after import = 28
========================================================================
Received Import Request.
  Time since last request: 3.194438 seconds.
  path: Assets/Prefab/Enemy.prefab
  artifactKey: Guid(1de1f7c0f1586eb46a8fb2db55d9f24b) Importer(815301076,1909f56bfc062723c751e8b465ee728b)
Start importing Assets/Prefab/Enemy.prefab using Guid(1de1f7c0f1586eb46a8fb2db55d9f24b) Importer(815301076,1909f56bfc062723c751e8b465ee728b)  -> (artifact id: 'b387de44b1daef4b85fed6a983ed21bc') in 0.019153 seconds
Number of updated asset objects reloaded before import = 0
Number of asset objects unloaded after import = 12
========================================================================
Received Import Request.
  Time since last request: 1.309137 seconds.
  path: Assets/Prefab/Enemy.prefab
  artifactKey: Guid(1de1f7c0f1586eb46a8fb2db55d9f24b) Importer(815301076,1909f56bfc062723c751e8b465ee728b)
Start importing Assets/Prefab/Enemy.prefab using Guid(1de1f7c0f1586eb46a8fb2db55d9f24b) Importer(815301076,1909f56bfc062723c751e8b465ee728b)  -> (artifact id: '094deb4ec389cdb157b0e6d102ae6238') in 0.014317 seconds
Number of updated asset objects reloaded before import = 0
Number of asset objects unloaded after import = 12
========================================================================
Received Import Request.
  Time since last request: 17.139921 seconds.
  path: Assets/Scripts/Weapon.cs
  artifactKey: Guid(8de39789f47522a46883e784ce6d226d) Importer(815301076,1909f56bfc062723c751e8b465ee728b)
Start importing Assets/Scripts/Weapon.cs using Guid(8de39789f47522a46883e784ce6d226d) Importer(815301076,1909f56bfc062723c751e8b465ee728b)  -> (artifact id: '889bf36d694655931de3028edb144cd2') in 0.001280 seconds
Number of updated asset objects reloaded before import = 0
Number of asset objects unloaded after import = 0
========================================================================
Received Import Request.
  Time since last request: 1.307112 seconds.
  path: Assets/Scripts/RaycastSentry.cs
  artifactKey: Guid(56d5d3962acf1704d9fbc4a692c936db) Importer(815301076,1909f56bfc062723c751e8b465ee728b)
Start importing Assets/Scripts/RaycastSentry.cs using Guid(56d5d3962acf1704d9fbc4a692c936db) Importer(815301076,1909f56bfc062723c751e8b465ee728b)  -> (artifact id: '9440668d3ad42d0cf86bc33dffacee25') in 0.000850 seconds
Number of updated asset objects reloaded before import = 0
Number of asset objects unloaded after import = 0
========================================================================
Received Prepare
Begin MonoManager ReloadAssembly
- Loaded All Assemblies, in  0.646 seconds
Refreshing native plugins compatible for Editor in 5.34 ms, found 3 plugins.
Native extension for WindowsStandalone target not found
Native extension for Android target not found
Native extension for WebGL target not found
Mono: successfully reloaded assembly
- Finished resetting the current domain, in  1.649 seconds
Domain Reload Profiling: 2293ms
	BeginReloadAssembly (219ms)
		ExecutionOrderSort (0ms)
		DisableScriptedObjects (13ms)
		BackupInstance (0ms)
		ReleaseScriptingObjects (0ms)
		CreateAndSetChildDomain (59ms)
	RebuildCommonClasses (40ms)
	RebuildNativeTypeToScriptingClass (13ms)
	initialDomainReloadingComplete (44ms)
	LoadAllAssembliesAndSetupDomain (326ms)
		LoadAssemblies (394ms)
		RebuildTransferFunctionScriptingTraits (0ms)
		AnalyzeDomain (30ms)
			TypeCache.Refresh (9ms)
				TypeCache.ScanAssembly (0ms)
			ScanForSourceGeneratedMonoScriptInfo (0ms)
			ResolveRequiredComponents (16ms)
	FinalizeReload (1650ms)
		ReleaseScriptCaches (0ms)
		RebuildScriptCaches (0ms)
		SetupLoadedEditorAssemblies (767ms)
			LogAssemblyErrors (0ms)
			InitializePlatformSupportModulesInManaged (35ms)
			SetLoadedEditorAssemblies (7ms)
			RefreshPlugins (0ms)
			BeforeProcessingInitializeOnLoad (118ms)
			ProcessInitializeOnLoadAttributes (513ms)
			ProcessInitializeOnLoadMethodAttributes (87ms)
			AfterProcessingInitializeOnLoad (7ms)
			EditorAssembliesLoaded (0ms)
		ExecutionOrderSort2 (0ms)
		AwakeInstancesAfterBackupRestoration (24ms)
Refreshing native plugins compatible for Editor in 8.23 ms, found 3 plugins.
Preloading 0 native plugins for Editor in 0.00 ms.
Unloading 5916 Unused Serialized files (Serialized files now loaded: 0)
Unloading 46 unused Assets / (450.2 KB). Loaded Objects now: 8751.
Memory consumption went from 424.5 MB to 424.0 MB.
Total: 7.398400 ms (FindLiveObjects: 0.882100 ms CreateObjectMapping: 0.656300 ms MarkObjects: 5.508400 ms  DeleteObjects: 0.349700 ms)

Prepare: number of updated asset objects reloaded= 0
AssetImportParameters requested are different than current active one (requested -> active):
  custom:container-demuxer-ogg: 62fdf1f143b41e24485cea50d1cbac27 -> 
  custom:video-codec-MediaFoundation-h265: 746d11721c4dcdbdad8f713fa42b33f4 -> 
  custom:video-decoder-ogg-theora: a1e56fd34408186e4bbccfd4996cb3dc -> 
  custom:framework-win-MediaFoundation: 216162199b28c13a410421893ffa2e32 -> 
  custom:CustomObjectIndexerAttribute: 72b91833f83ae208fae7752999fa3104 -> 
  custom:container-demuxer-webm: 4f35f7cbe854078d1ac9338744f61a02 -> 
  custom:container-muxer-webm: aa71ff27fc2769a1b78a27578f13a17b -> 
  custom:video-decoder-webm-vp8: 9c59270c3fd7afecdb556c50c9e8de78 -> 
  custom:SearchIndexIgnoredProperties: e643bd26f0fe6173181afceb89e7c659 -> 
  custom:AudioImporter_EditorPlatform: d09bf68614088b80899f8185d706f6e7 -> 
  custom:video-encoder-webm-vp8: eb34c28f22e8b96e1ab97ce403110664 -> 
  custom:audio-decoder-ogg-vorbis: bf7c407c2cedff20999df2af8eb42d56 -> 
  custom:audio-encoder-webm-vorbis: bf7c407c2cedff20999df2af8eb42d56 -> 
========================================================================
Received Import Request.
  Time since last request: 146.502505 seconds.
  path: Assets/Prefab/MachineGunSentry.prefab
  artifactKey: Guid(cbbb0fbff609e9141b3b5fa8dc63e666) Importer(815301076,1909f56bfc062723c751e8b465ee728b)
Start importing Assets/Prefab/MachineGunSentry.prefab using Guid(cbbb0fbff609e9141b3b5fa8dc63e666) Importer(815301076,1909f56bfc062723c751e8b465ee728b)  -> (artifact id: 'c5a7da609763f903348a1279e279e242') in 0.095582 seconds
Number of updated asset objects reloaded before import = 0
Number of asset objects unloaded after import = 28
========================================================================
Received Prepare
Begin MonoManager ReloadAssembly
- Loaded All Assemblies, in  0.613 seconds
Refreshing native plugins compatible for Editor in 4.87 ms, found 3 plugins.
Native extension for WindowsStandalone target not found
Native extension for Android target not found
Native extension for WebGL target not found
Mono: successfully reloaded assembly
- Finished resetting the current domain, in  1.622 seconds
Domain Reload Profiling: 2231ms
	BeginReloadAssembly (191ms)
		ExecutionOrderSort (0ms)
		DisableScriptedObjects (5ms)
		BackupInstance (0ms)
		ReleaseScriptingObjects (0ms)
		CreateAndSetChildDomain (44ms)
	RebuildCommonClasses (41ms)
	RebuildNativeTypeToScriptingClass (13ms)
	initialDomainReloadingComplete (40ms)
	LoadAllAssembliesAndSetupDomain (324ms)
		LoadAssemblies (388ms)
		RebuildTransferFunctionScriptingTraits (0ms)
		AnalyzeDomain (31ms)
			TypeCache.Refresh (9ms)
				TypeCache.ScanAssembly (0ms)
			ScanForSourceGeneratedMonoScriptInfo (0ms)
			ResolveRequiredComponents (16ms)
	FinalizeReload (1622ms)
		ReleaseScriptCaches (0ms)
		RebuildScriptCaches (0ms)
		SetupLoadedEditorAssemblies (756ms)
			LogAssemblyErrors (0ms)
			InitializePlatformSupportModulesInManaged (34ms)
			SetLoadedEditorAssemblies (6ms)
			RefreshPlugins (0ms)
			BeforeProcessingInitializeOnLoad (116ms)
			ProcessInitializeOnLoadAttributes (501ms)
			ProcessInitializeOnLoadMethodAttributes (91ms)
			AfterProcessingInitializeOnLoad (7ms)
			EditorAssembliesLoaded (0ms)
		ExecutionOrderSort2 (0ms)
		AwakeInstancesAfterBackupRestoration (23ms)
Refreshing native plugins compatible for Editor in 10.07 ms, found 3 plugins.
Preloading 0 native plugins for Editor in 0.00 ms.
Unloading 5916 Unused Serialized files (Serialized files now loaded: 0)
Unloading 46 unused Assets / (434.0 KB). Loaded Objects now: 8767.
Memory consumption went from 426.3 MB to 425.8 MB.
Total: 7.437700 ms (FindLiveObjects: 0.991600 ms CreateObjectMapping: 0.493400 ms MarkObjects: 5.528900 ms  DeleteObjects: 0.421000 ms)

Prepare: number of updated asset objects reloaded= 0
AssetImportParameters requested are different than current active one (requested -> active):
  custom:container-demuxer-ogg: 62fdf1f143b41e24485cea50d1cbac27 -> 
  custom:video-codec-MediaFoundation-h265: 746d11721c4dcdbdad8f713fa42b33f4 -> 
  custom:video-decoder-ogg-theora: a1e56fd34408186e4bbccfd4996cb3dc -> 
  custom:framework-win-MediaFoundation: 216162199b28c13a410421893ffa2e32 -> 
  custom:CustomObjectIndexerAttribute: 72b91833f83ae208fae7752999fa3104 -> 
  custom:container-demuxer-webm: 4f35f7cbe854078d1ac9338744f61a02 -> 
  custom:container-muxer-webm: aa71ff27fc2769a1b78a27578f13a17b -> 
  custom:video-decoder-webm-vp8: 9c59270c3fd7afecdb556c50c9e8de78 -> 
  custom:SearchIndexIgnoredProperties: e643bd26f0fe6173181afceb89e7c659 -> 
  custom:AudioImporter_EditorPlatform: d09bf68614088b80899f8185d706f6e7 -> 
  custom:video-encoder-webm-vp8: eb34c28f22e8b96e1ab97ce403110664 -> 
  custom:audio-decoder-ogg-vorbis: bf7c407c2cedff20999df2af8eb42d56 -> 
  custom:audio-encoder-webm-vorbis: bf7c407c2cedff20999df2af8eb42d56 -> 
========================================================================
Received Prepare
Begin MonoManager ReloadAssembly
- Loaded All Assemblies, in  0.617 seconds
Refreshing native plugins compatible for Editor in 5.44 ms, found 3 plugins.
Native extension for WindowsStandalone target not found
Native extension for Android target not found
Native extension for WebGL target not found
Mono: successfully reloaded assembly
- Finished resetting the current domain, in  1.619 seconds
Domain Reload Profiling: 2233ms
	BeginReloadAssembly (189ms)
		ExecutionOrderSort (0ms)
		DisableScriptedObjects (5ms)
		BackupInstance (0ms)
		ReleaseScriptingObjects (0ms)
		CreateAndSetChildDomain (42ms)
	RebuildCommonClasses (40ms)
	RebuildNativeTypeToScriptingClass (14ms)
	initialDomainReloadingComplete (42ms)
	LoadAllAssembliesAndSetupDomain (328ms)
		LoadAssemblies (388ms)
		RebuildTransferFunctionScriptingTraits (0ms)
		AnalyzeDomain (34ms)
			TypeCache.Refresh (9ms)
				TypeCache.ScanAssembly (0ms)
			ScanForSourceGeneratedMonoScriptInfo (0ms)
			ResolveRequiredComponents (17ms)
	FinalizeReload (1620ms)
		ReleaseScriptCaches (0ms)
		RebuildScriptCaches (0ms)
		SetupLoadedEditorAssemblies (757ms)
			LogAssemblyErrors (0ms)
			InitializePlatformSupportModulesInManaged (34ms)
			SetLoadedEditorAssemblies (6ms)
			RefreshPlugins (0ms)
			BeforeProcessingInitializeOnLoad (113ms)
			ProcessInitializeOnLoadAttributes (508ms)
			ProcessInitializeOnLoadMethodAttributes (89ms)
			AfterProcessingInitializeOnLoad (6ms)
			EditorAssembliesLoaded (0ms)
		ExecutionOrderSort2 (0ms)
		AwakeInstancesAfterBackupRestoration (21ms)
Refreshing native plugins compatible for Editor in 9.49 ms, found 3 plugins.
Preloading 0 native plugins for Editor in 0.00 ms.
Unloading 5916 Unused Serialized files (Serialized files now loaded: 0)
Unloading 46 unused Assets / (433.9 KB). Loaded Objects now: 8783.
Memory consumption went from 428.2 MB to 427.8 MB.
Total: 7.433600 ms (FindLiveObjects: 1.025000 ms CreateObjectMapping: 0.536900 ms MarkObjects: 5.508800 ms  DeleteObjects: 0.360900 ms)

Prepare: number of updated asset objects reloaded= 0
AssetImportParameters requested are different than current active one (requested -> active):
  custom:container-demuxer-ogg: 62fdf1f143b41e24485cea50d1cbac27 -> 
  custom:video-codec-MediaFoundation-h265: 746d11721c4dcdbdad8f713fa42b33f4 -> 
  custom:video-decoder-ogg-theora: a1e56fd34408186e4bbccfd4996cb3dc -> 
  custom:framework-win-MediaFoundation: 216162199b28c13a410421893ffa2e32 -> 
  custom:CustomObjectIndexerAttribute: 72b91833f83ae208fae7752999fa3104 -> 
  custom:container-demuxer-webm: 4f35f7cbe854078d1ac9338744f61a02 -> 
  custom:container-muxer-webm: aa71ff27fc2769a1b78a27578f13a17b -> 
  custom:video-decoder-webm-vp8: 9c59270c3fd7afecdb556c50c9e8de78 -> 
  custom:SearchIndexIgnoredProperties: e643bd26f0fe6173181afceb89e7c659 -> 
  custom:AudioImporter_EditorPlatform: d09bf68614088b80899f8185d706f6e7 -> 
  custom:video-encoder-webm-vp8: eb34c28f22e8b96e1ab97ce403110664 -> 
  custom:audio-decoder-ogg-vorbis: bf7c407c2cedff20999df2af8eb42d56 -> 
  custom:audio-encoder-webm-vorbis: bf7c407c2cedff20999df2af8eb42d56 -> 
========================================================================
Received Import Request.
  Time since last request: 120.865645 seconds.
  path: Assets/Prefab/MachineGunSentry.prefab
  artifactKey: Guid(cbbb0fbff609e9141b3b5fa8dc63e666) Importer(815301076,1909f56bfc062723c751e8b465ee728b)
Start importing Assets/Prefab/MachineGunSentry.prefab using Guid(cbbb0fbff609e9141b3b5fa8dc63e666) Importer(815301076,1909f56bfc062723c751e8b465ee728b)  -> (artifact id: '2922738b3da8272b79c6850ce9384228') in 0.126602 seconds
Number of updated asset objects reloaded before import = 0
Number of asset objects unloaded after import = 28
========================================================================
Received Import Request.
  Time since last request: 71.360251 seconds.
  path: Assets/Prefab/MachineGunSentry.prefab
  artifactKey: Guid(cbbb0fbff609e9141b3b5fa8dc63e666) Importer(815301076,1909f56bfc062723c751e8b465ee728b)
Start importing Assets/Prefab/MachineGunSentry.prefab using Guid(cbbb0fbff609e9141b3b5fa8dc63e666) Importer(815301076,1909f56bfc062723c751e8b465ee728b)  -> (artifact id: 'ae96e98812157296c3c5ea8dcd242323') in 0.004541 seconds
Number of updated asset objects reloaded before import = 0
Number of asset objects unloaded after import = 29
========================================================================
Received Import Request.
  Time since last request: 93.714634 seconds.
  path: Assets/ScriptableObjects/MachineGunSentry.asset
  artifactKey: Guid(973f1dfb1693b7f4db582fccbb073600) Importer(815301076,1909f56bfc062723c751e8b465ee728b)
Start importing Assets/ScriptableObjects/MachineGunSentry.asset using Guid(973f1dfb1693b7f4db582fccbb073600) Importer(815301076,1909f56bfc062723c751e8b465ee728b)  -> (artifact id: 'bf896591f93a4f429d28e1c2291913f6') in 0.003182 seconds
Number of updated asset objects reloaded before import = 0
Number of asset objects unloaded after import = 28
========================================================================
Received Prepare
Begin MonoManager ReloadAssembly
- Loaded All Assemblies, in  0.630 seconds
Refreshing native plugins compatible for Editor in 6.01 ms, found 3 plugins.
Native extension for WindowsStandalone target not found
Native extension for Android target not found
Native extension for WebGL target not found
Mono: successfully reloaded assembly
- Finished resetting the current domain, in  1.638 seconds
Domain Reload Profiling: 2266ms
	BeginReloadAssembly (198ms)
		ExecutionOrderSort (0ms)
		DisableScriptedObjects (6ms)
		BackupInstance (0ms)
		ReleaseScriptingObjects (0ms)
		CreateAndSetChildDomain (49ms)
	RebuildCommonClasses (41ms)
	RebuildNativeTypeToScriptingClass (14ms)
	initialDomainReloadingComplete (45ms)
	LoadAllAssembliesAndSetupDomain (328ms)
		LoadAssemblies (393ms)
		RebuildTransferFunctionScriptingTraits (0ms)
		AnalyzeDomain (31ms)
			TypeCache.Refresh (9ms)
				TypeCache.ScanAssembly (0ms)
			ScanForSourceGeneratedMonoScriptInfo (0ms)
			ResolveRequiredComponents (16ms)
	FinalizeReload (1639ms)
		ReleaseScriptCaches (0ms)
		RebuildScriptCaches (0ms)
		SetupLoadedEditorAssemblies (763ms)
			LogAssemblyErrors (0ms)
			InitializePlatformSupportModulesInManaged (34ms)
			SetLoadedEditorAssemblies (6ms)
			RefreshPlugins (0ms)
			BeforeProcessingInitializeOnLoad (117ms)
			ProcessInitializeOnLoadAttributes (511ms)
			ProcessInitializeOnLoadMethodAttributes (88ms)
			AfterProcessingInitializeOnLoad (7ms)
			EditorAssembliesLoaded (0ms)
		ExecutionOrderSort2 (0ms)
		AwakeInstancesAfterBackupRestoration (22ms)
Refreshing native plugins compatible for Editor in 11.60 ms, found 3 plugins.
Preloading 0 native plugins for Editor in 0.00 ms.
Unloading 5916 Unused Serialized files (Serialized files now loaded: 0)
Unloading 46 unused Assets / (458.2 KB). Loaded Objects now: 8799.
Memory consumption went from 430.1 MB to 429.7 MB.
Total: 8.221800 ms (FindLiveObjects: 1.203200 ms CreateObjectMapping: 0.543600 ms MarkObjects: 6.094000 ms  DeleteObjects: 0.378600 ms)

Prepare: number of updated asset objects reloaded= 0
AssetImportParameters requested are different than current active one (requested -> active):
  custom:container-demuxer-ogg: 62fdf1f143b41e24485cea50d1cbac27 -> 
  custom:video-codec-MediaFoundation-h265: 746d11721c4dcdbdad8f713fa42b33f4 -> 
  custom:video-decoder-ogg-theora: a1e56fd34408186e4bbccfd4996cb3dc -> 
  custom:framework-win-MediaFoundation: 216162199b28c13a410421893ffa2e32 -> 
  custom:CustomObjectIndexerAttribute: 72b91833f83ae208fae7752999fa3104 -> 
  custom:container-demuxer-webm: 4f35f7cbe854078d1ac9338744f61a02 -> 
  custom:container-muxer-webm: aa71ff27fc2769a1b78a27578f13a17b -> 
  custom:video-decoder-webm-vp8: 9c59270c3fd7afecdb556c50c9e8de78 -> 
  custom:SearchIndexIgnoredProperties: e643bd26f0fe6173181afceb89e7c659 -> 
  custom:AudioImporter_EditorPlatform: d09bf68614088b80899f8185d706f6e7 -> 
  custom:video-encoder-webm-vp8: eb34c28f22e8b96e1ab97ce403110664 -> 
  custom:audio-decoder-ogg-vorbis: bf7c407c2cedff20999df2af8eb42d56 -> 
  custom:audio-encoder-webm-vorbis: bf7c407c2cedff20999df2af8eb42d56 -> 
========================================================================
Received Import Request.
  Time since last request: 46.268379 seconds.
  path: Assets/ScriptableObjects/MachineGunSentry.asset
  artifactKey: Guid(973f1dfb1693b7f4db582fccbb073600) Importer(815301076,1909f56bfc062723c751e8b465ee728b)
Start importing Assets/ScriptableObjects/MachineGunSentry.asset using Guid(973f1dfb1693b7f4db582fccbb073600) Importer(815301076,1909f56bfc062723c751e8b465ee728b)  -> (artifact id: 'ec9e881dcef108eca6ce38f48821ab2e') in 0.076156 seconds
Number of updated asset objects reloaded before import = 0
Number of asset objects unloaded after import = 28
========================================================================
Received Import Request.
  Time since last request: 17.573476 seconds.
  path: Assets/Prefab/MachineGunSentry.prefab
  artifactKey: Guid(cbbb0fbff609e9141b3b5fa8dc63e666) Importer(815301076,1909f56bfc062723c751e8b465ee728b)
Start importing Assets/Prefab/MachineGunSentry.prefab using Guid(cbbb0fbff609e9141b3b5fa8dc63e666) Importer(815301076,1909f56bfc062723c751e8b465ee728b)  -> (artifact id: 'e090a73b875d91466b6b51854b567327') in 0.027321 seconds
Number of updated asset objects reloaded before import = 0
Number of asset objects unloaded after import = 29
========================================================================
Received Prepare
Begin MonoManager ReloadAssembly
- Loaded All Assemblies, in  0.629 seconds
Refreshing native plugins compatible for Editor in 5.26 ms, found 3 plugins.
Native extension for WindowsStandalone target not found
Native extension for Android target not found
Native extension for WebGL target not found
Mono: successfully reloaded assembly
- Finished resetting the current domain, in  1.648 seconds
Domain Reload Profiling: 2274ms
	BeginReloadAssembly (196ms)
		ExecutionOrderSort (0ms)
		DisableScriptedObjects (6ms)
		BackupInstance (0ms)
		ReleaseScriptingObjects (0ms)
		CreateAndSetChildDomain (49ms)
	RebuildCommonClasses (40ms)
	RebuildNativeTypeToScriptingClass (13ms)
	initialDomainReloadingComplete (39ms)
	LoadAllAssembliesAndSetupDomain (336ms)
		LoadAssemblies (400ms)
		RebuildTransferFunctionScriptingTraits (0ms)
		AnalyzeDomain (32ms)
			TypeCache.Refresh (9ms)
				TypeCache.ScanAssembly (0ms)
			ScanForSourceGeneratedMonoScriptInfo (0ms)
			ResolveRequiredComponents (16ms)
	FinalizeReload (1649ms)
		ReleaseScriptCaches (0ms)
		RebuildScriptCaches (0ms)
		SetupLoadedEditorAssemblies (759ms)
			LogAssemblyErrors (0ms)
			InitializePlatformSupportModulesInManaged (37ms)
			SetLoadedEditorAssemblies (4ms)
			RefreshPlugins (0ms)
			BeforeProcessingInitializeOnLoad (110ms)
			ProcessInitializeOnLoadAttributes (506ms)
			ProcessInitializeOnLoadMethodAttributes (95ms)
			AfterProcessingInitializeOnLoad (6ms)
			EditorAssembliesLoaded (0ms)
		ExecutionOrderSort2 (0ms)
		AwakeInstancesAfterBackupRestoration (35ms)
Refreshing native plugins compatible for Editor in 11.33 ms, found 3 plugins.
Preloading 0 native plugins for Editor in 0.00 ms.
Unloading 5916 Unused Serialized files (Serialized files now loaded: 0)
Unloading 46 unused Assets / (434.0 KB). Loaded Objects now: 8815.
Memory consumption went from 432.0 MB to 431.6 MB.
Total: 8.985600 ms (FindLiveObjects: 0.980300 ms CreateObjectMapping: 0.641800 ms MarkObjects: 6.941100 ms  DeleteObjects: 0.420600 ms)

Prepare: number of updated asset objects reloaded= 0
AssetImportParameters requested are different than current active one (requested -> active):
  custom:container-demuxer-ogg: 62fdf1f143b41e24485cea50d1cbac27 -> 
  custom:video-codec-MediaFoundation-h265: 746d11721c4dcdbdad8f713fa42b33f4 -> 
  custom:video-decoder-ogg-theora: a1e56fd34408186e4bbccfd4996cb3dc -> 
  custom:framework-win-MediaFoundation: 216162199b28c13a410421893ffa2e32 -> 
  custom:CustomObjectIndexerAttribute: 72b91833f83ae208fae7752999fa3104 -> 
  custom:container-demuxer-webm: 4f35f7cbe854078d1ac9338744f61a02 -> 
  custom:container-muxer-webm: aa71ff27fc2769a1b78a27578f13a17b -> 
  custom:video-decoder-webm-vp8: 9c59270c3fd7afecdb556c50c9e8de78 -> 
  custom:SearchIndexIgnoredProperties: e643bd26f0fe6173181afceb89e7c659 -> 
  custom:AudioImporter_EditorPlatform: d09bf68614088b80899f8185d706f6e7 -> 
  custom:video-encoder-webm-vp8: eb34c28f22e8b96e1ab97ce403110664 -> 
  custom:audio-decoder-ogg-vorbis: bf7c407c2cedff20999df2af8eb42d56 -> 
  custom:audio-encoder-webm-vorbis: bf7c407c2cedff20999df2af8eb42d56 -> 
========================================================================
Received Import Request.
  Time since last request: 59.008530 seconds.
  path: Assets/Prefab/MachineGunSentry.prefab
  artifactKey: Guid(cbbb0fbff609e9141b3b5fa8dc63e666) Importer(815301076,1909f56bfc062723c751e8b465ee728b)
Start importing Assets/Prefab/MachineGunSentry.prefab using Guid(cbbb0fbff609e9141b3b5fa8dc63e666) Importer(815301076,1909f56bfc062723c751e8b465ee728b)  -> (artifact id: 'c5792d5400d5427327a279ba7ee9b19d') in 0.099194 seconds
Number of updated asset objects reloaded before import = 0
Number of asset objects unloaded after import = 29
========================================================================
Received Prepare
Begin MonoManager ReloadAssembly
- Loaded All Assemblies, in  0.705 seconds
Refreshing native plugins compatible for Editor in 5.01 ms, found 3 plugins.
Native extension for WindowsStandalone target not found
Native extension for Android target not found
Native extension for WebGL target not found
Mono: successfully reloaded assembly
- Finished resetting the current domain, in  1.631 seconds
Domain Reload Profiling: 2332ms
	BeginReloadAssembly (194ms)
		ExecutionOrderSort (0ms)
		DisableScriptedObjects (6ms)
		BackupInstance (0ms)
		ReleaseScriptingObjects (0ms)
		CreateAndSetChildDomain (45ms)
	RebuildCommonClasses (39ms)
	RebuildNativeTypeToScriptingClass (14ms)
	initialDomainReloadingComplete (41ms)
	LoadAllAssembliesAndSetupDomain (412ms)
		LoadAssemblies (478ms)
		RebuildTransferFunctionScriptingTraits (0ms)
		AnalyzeDomain (30ms)
			TypeCache.Refresh (9ms)
				TypeCache.ScanAssembly (0ms)
			ScanForSourceGeneratedMonoScriptInfo (0ms)
			ResolveRequiredComponents (16ms)
	FinalizeReload (1631ms)
		ReleaseScriptCaches (0ms)
		RebuildScriptCaches (0ms)
		SetupLoadedEditorAssemblies (744ms)
			LogAssemblyErrors (0ms)
			InitializePlatformSupportModulesInManaged (34ms)
			SetLoadedEditorAssemblies (5ms)
			RefreshPlugins (0ms)
			BeforeProcessingInitializeOnLoad (110ms)
			ProcessInitializeOnLoadAttributes (496ms)
			ProcessInitializeOnLoadMethodAttributes (92ms)
			AfterProcessingInitializeOnLoad (7ms)
			EditorAssembliesLoaded (0ms)
		ExecutionOrderSort2 (0ms)
		AwakeInstancesAfterBackupRestoration (23ms)
Refreshing native plugins compatible for Editor in 7.10 ms, found 3 plugins.
Preloading 0 native plugins for Editor in 0.00 ms.
Unloading 5916 Unused Serialized files (Serialized files now loaded: 0)
Unloading 46 unused Assets / (458.2 KB). Loaded Objects now: 8831.
Memory consumption went from 434.0 MB to 433.6 MB.
Total: 7.395200 ms (FindLiveObjects: 0.937400 ms CreateObjectMapping: 0.632700 ms MarkObjects: 5.438800 ms  DeleteObjects: 0.384300 ms)

Prepare: number of updated asset objects reloaded= 0
AssetImportParameters requested are different than current active one (requested -> active):
  custom:container-demuxer-ogg: 62fdf1f143b41e24485cea50d1cbac27 -> 
  custom:video-codec-MediaFoundation-h265: 746d11721c4dcdbdad8f713fa42b33f4 -> 
  custom:video-decoder-ogg-theora: a1e56fd34408186e4bbccfd4996cb3dc -> 
  custom:framework-win-MediaFoundation: 216162199b28c13a410421893ffa2e32 -> 
  custom:CustomObjectIndexerAttribute: 72b91833f83ae208fae7752999fa3104 -> 
  custom:container-demuxer-webm: 4f35f7cbe854078d1ac9338744f61a02 -> 
  custom:container-muxer-webm: aa71ff27fc2769a1b78a27578f13a17b -> 
  custom:video-decoder-webm-vp8: 9c59270c3fd7afecdb556c50c9e8de78 -> 
  custom:SearchIndexIgnoredProperties: e643bd26f0fe6173181afceb89e7c659 -> 
  custom:AudioImporter_EditorPlatform: d09bf68614088b80899f8185d706f6e7 -> 
  custom:video-encoder-webm-vp8: eb34c28f22e8b96e1ab97ce403110664 -> 
  custom:audio-decoder-ogg-vorbis: bf7c407c2cedff20999df2af8eb42d56 -> 
  custom:audio-encoder-webm-vorbis: bf7c407c2cedff20999df2af8eb42d56 -> 
========================================================================
Received Import Request.
  Time since last request: 234.942639 seconds.
  path: Assets/Prefab/MachineGunSentry 1.prefab
  artifactKey: Guid(6e43e32399605c44ea3900c07d7c3bdd) Importer(815301076,1909f56bfc062723c751e8b465ee728b)
Start importing Assets/Prefab/MachineGunSentry 1.prefab using Guid(6e43e32399605c44ea3900c07d7c3bdd) Importer(815301076,1909f56bfc062723c751e8b465ee728b)  -> (artifact id: '4739bae3ed4656e4fcbe99ec87686bd2') in 0.130721 seconds
Number of updated asset objects reloaded before import = 0
Number of asset objects unloaded after import = 56
========================================================================
Received Import Request.
  Time since last request: 6.017792 seconds.
  path: Assets/Prefab/SniperSentry.prefab
  artifactKey: Guid(6e43e32399605c44ea3900c07d7c3bdd) Importer(815301076,1909f56bfc062723c751e8b465ee728b)
Start importing Assets/Prefab/SniperSentry.prefab using Guid(6e43e32399605c44ea3900c07d7c3bdd) Importer(815301076,1909f56bfc062723c751e8b465ee728b)  -> (artifact id: '842a00779da27139e9dddc7f2311f2be') in 0.008464 seconds
Number of updated asset objects reloaded before import = 0
Number of asset objects unloaded after import = 56
========================================================================
Received Import Request.
  Time since last request: 25.069673 seconds.
  path: Assets/Prefab/SniperSentry.prefab
  artifactKey: Guid(6e43e32399605c44ea3900c07d7c3bdd) Importer(815301076,1909f56bfc062723c751e8b465ee728b)
Start importing Assets/Prefab/SniperSentry.prefab using Guid(6e43e32399605c44ea3900c07d7c3bdd) Importer(815301076,1909f56bfc062723c751e8b465ee728b)  -> (artifact id: '3f3edbd898020e0b5def46d3bd29944b') in 0.005088 seconds
Number of updated asset objects reloaded before import = 0
Number of asset objects unloaded after import = 56
========================================================================
Received Import Request.
  Time since last request: 5.872894 seconds.
  path: Assets/Prefab/SniperSentry.prefab
  artifactKey: Guid(6e43e32399605c44ea3900c07d7c3bdd) Importer(815301076,1909f56bfc062723c751e8b465ee728b)
Start importing Assets/Prefab/SniperSentry.prefab using Guid(6e43e32399605c44ea3900c07d7c3bdd) Importer(815301076,1909f56bfc062723c751e8b465ee728b)  -> (artifact id: '7c73f40da74a6643aa8674e554003c53') in 0.006886 seconds
Number of updated asset objects reloaded before import = 0
Number of asset objects unloaded after import = 56
========================================================================
Received Import Request.
  Time since last request: 1.267649 seconds.
  path: Assets/Prefab/SniperSentry.prefab
  artifactKey: Guid(6e43e32399605c44ea3900c07d7c3bdd) Importer(815301076,1909f56bfc062723c751e8b465ee728b)
Start importing Assets/Prefab/SniperSentry.prefab using Guid(6e43e32399605c44ea3900c07d7c3bdd) Importer(815301076,1909f56bfc062723c751e8b465ee728b)  -> (artifact id: 'e2bfb4ea60bd3d73fe8bdada56089e53') in 0.008698 seconds
Number of updated asset objects reloaded before import = 0
Number of asset objects unloaded after import = 56
========================================================================
Received Import Request.
  Time since last request: 2.913820 seconds.
  path: Assets/Prefab/SniperSentry.prefab
  artifactKey: Guid(6e43e32399605c44ea3900c07d7c3bdd) Importer(815301076,1909f56bfc062723c751e8b465ee728b)
Start importing Assets/Prefab/SniperSentry.prefab using Guid(6e43e32399605c44ea3900c07d7c3bdd) Importer(815301076,1909f56bfc062723c751e8b465ee728b)  -> (artifact id: 'b2d4b84534c1a92412dae9b0807eec33') in 0.006226 seconds
Number of updated asset objects reloaded before import = 0
Number of asset objects unloaded after import = 56
========================================================================
Received Import Request.
  Time since last request: 7.543553 seconds.
  path: Assets/Prefab/SniperSentry.prefab
  artifactKey: Guid(6e43e32399605c44ea3900c07d7c3bdd) Importer(815301076,1909f56bfc062723c751e8b465ee728b)
Start importing Assets/Prefab/SniperSentry.prefab using Guid(6e43e32399605c44ea3900c07d7c3bdd) Importer(815301076,1909f56bfc062723c751e8b465ee728b)  -> (artifact id: '18efe24cf766ca2f1f99a522e79d2bc8') in 0.006614 seconds
Number of updated asset objects reloaded before import = 0
Number of asset objects unloaded after import = 56
========================================================================
Received Import Request.
  Time since last request: 12.647627 seconds.
  path: Assets/Prefab/SniperSentry.prefab
  artifactKey: Guid(6e43e32399605c44ea3900c07d7c3bdd) Importer(815301076,1909f56bfc062723c751e8b465ee728b)
Start importing Assets/Prefab/SniperSentry.prefab using Guid(6e43e32399605c44ea3900c07d7c3bdd) Importer(815301076,1909f56bfc062723c751e8b465ee728b)  -> (artifact id: 'ed9f9473a7aad53b3e59368b700dabee') in 0.006332 seconds
Number of updated asset objects reloaded before import = 0
Number of asset objects unloaded after import = 56
========================================================================
Received Import Request.
  Time since last request: 2.250615 seconds.
  path: Assets/Prefab/SniperSentry.prefab
  artifactKey: Guid(6e43e32399605c44ea3900c07d7c3bdd) Importer(815301076,1909f56bfc062723c751e8b465ee728b)
Start importing Assets/Prefab/SniperSentry.prefab using Guid(6e43e32399605c44ea3900c07d7c3bdd) Importer(815301076,1909f56bfc062723c751e8b465ee728b)  -> (artifact id: '98a900db840339216cfaab96292323d0') in 0.007496 seconds
Number of updated asset objects reloaded before import = 0
Number of asset objects unloaded after import = 56
========================================================================
Received Import Request.
  Time since last request: 0.581803 seconds.
  path: Assets/Prefab/SniperSentry.prefab
  artifactKey: Guid(6e43e32399605c44ea3900c07d7c3bdd) Importer(815301076,1909f56bfc062723c751e8b465ee728b)
Start importing Assets/Prefab/SniperSentry.prefab using Guid(6e43e32399605c44ea3900c07d7c3bdd) Importer(815301076,1909f56bfc062723c751e8b465ee728b)  -> (artifact id: 'e03e560b63922c27498008a350e9b39b') in 0.006781 seconds
Number of updated asset objects reloaded before import = 0
Number of asset objects unloaded after import = 56
========================================================================
Received Import Request.
  Time since last request: 637.541293 seconds.
  path: Assets/Prefab/SniperSentry.prefab
  artifactKey: Guid(6e43e32399605c44ea3900c07d7c3bdd) Importer(815301076,1909f56bfc062723c751e8b465ee728b)
Start importing Assets/Prefab/SniperSentry.prefab using Guid(6e43e32399605c44ea3900c07d7c3bdd) Importer(815301076,1909f56bfc062723c751e8b465ee728b)  -> (artifact id: 'ec4cf277a548791b3263567f3e4b4749') in 0.037763 seconds
Number of updated asset objects reloaded before import = 0
Number of asset objects unloaded after import = 56
========================================================================
Received Import Request.
  Time since last request: 9.407065 seconds.
  path: Assets/Prefab/SniperSentry.prefab
  artifactKey: Guid(6e43e32399605c44ea3900c07d7c3bdd) Importer(815301076,1909f56bfc062723c751e8b465ee728b)
Start importing Assets/Prefab/SniperSentry.prefab using Guid(6e43e32399605c44ea3900c07d7c3bdd) Importer(815301076,1909f56bfc062723c751e8b465ee728b)  -> (artifact id: '3b0c6d89e737721a2e2b6de1ebced07b') in 0.007787 seconds
Number of updated asset objects reloaded before import = 0
Number of asset objects unloaded after import = 56
========================================================================
Received Import Request.
  Time since last request: 0.566444 seconds.
  path: Assets/Prefab/SniperSentry.prefab
  artifactKey: Guid(6e43e32399605c44ea3900c07d7c3bdd) Importer(815301076,1909f56bfc062723c751e8b465ee728b)
Start importing Assets/Prefab/SniperSentry.prefab using Guid(6e43e32399605c44ea3900c07d7c3bdd) Importer(815301076,1909f56bfc062723c751e8b465ee728b)  -> (artifact id: '1d93ee58d0cdc38a176bd7db7e4da47f') in 0.007309 seconds
Number of updated asset objects reloaded before import = 0
Number of asset objects unloaded after import = 56
========================================================================
Received Import Request.
  Time since last request: 0.999474 seconds.
  path: Assets/Prefab/SniperSentry.prefab
  artifactKey: Guid(6e43e32399605c44ea3900c07d7c3bdd) Importer(815301076,1909f56bfc062723c751e8b465ee728b)
Start importing Assets/Prefab/SniperSentry.prefab using Guid(6e43e32399605c44ea3900c07d7c3bdd) Importer(815301076,1909f56bfc062723c751e8b465ee728b)  -> (artifact id: 'a53b06ae5868be0610c512b31e81ff48') in 0.006482 seconds
Number of updated asset objects reloaded before import = 0
Number of asset objects unloaded after import = 56
========================================================================
Received Import Request.
  Time since last request: 0.995866 seconds.
  path: Assets/Prefab/SniperSentry.prefab
  artifactKey: Guid(6e43e32399605c44ea3900c07d7c3bdd) Importer(815301076,1909f56bfc062723c751e8b465ee728b)
Start importing Assets/Prefab/SniperSentry.prefab using Guid(6e43e32399605c44ea3900c07d7c3bdd) Importer(815301076,1909f56bfc062723c751e8b465ee728b)  -> (artifact id: '6dda7efe1c094d9393a4857fa5f6bc8f') in 0.006718 seconds
Number of updated asset objects reloaded before import = 0
Number of asset objects unloaded after import = 56
========================================================================
Received Import Request.
  Time since last request: 1.831824 seconds.
  path: Assets/Prefab/SniperSentry.prefab
  artifactKey: Guid(6e43e32399605c44ea3900c07d7c3bdd) Importer(815301076,1909f56bfc062723c751e8b465ee728b)
Start importing Assets/Prefab/SniperSentry.prefab using Guid(6e43e32399605c44ea3900c07d7c3bdd) Importer(815301076,1909f56bfc062723c751e8b465ee728b)  -> (artifact id: '08387ac3a7a023b29eedba2145410347') in 0.006668 seconds
Number of updated asset objects reloaded before import = 0
Number of asset objects unloaded after import = 56
========================================================================
Received Import Request.
  Time since last request: 3.883711 seconds.
  path: Assets/Prefab/SniperSentry.prefab
  artifactKey: Guid(6e43e32399605c44ea3900c07d7c3bdd) Importer(815301076,1909f56bfc062723c751e8b465ee728b)
Start importing Assets/Prefab/SniperSentry.prefab using Guid(6e43e32399605c44ea3900c07d7c3bdd) Importer(815301076,1909f56bfc062723c751e8b465ee728b)  -> (artifact id: '6e804bd43ec47781025d7a909e40c913') in 0.007961 seconds
Number of updated asset objects reloaded before import = 0
Number of asset objects unloaded after import = 56
========================================================================
Received Import Request.
  Time since last request: 25.810222 seconds.
  path: Assets/Material/MGsentry.mat
  artifactKey: Guid(586caf72e9a6d2240b9074e6022b38af) Importer(815301076,1909f56bfc062723c751e8b465ee728b)
Start importing Assets/Material/MGsentry.mat using Guid(586caf72e9a6d2240b9074e6022b38af) Importer(815301076,1909f56bfc062723c751e8b465ee728b)  -> (artifact id: '455f129faea9d5d85964184c71a31593') in 0.664316 seconds
Number of updated asset objects reloaded before import = 0
Number of asset objects unloaded after import = 20
========================================================================
Received Import Request.
  Time since last request: 10.066762 seconds.
  path: Assets/Material/SPsentry.mat
  artifactKey: Guid(59efdbeea05771f4b93bcddbbb72eb57) Importer(815301076,1909f56bfc062723c751e8b465ee728b)
Start importing Assets/Material/SPsentry.mat using Guid(59efdbeea05771f4b93bcddbbb72eb57) Importer(815301076,1909f56bfc062723c751e8b465ee728b)  -> (artifact id: '3895aa920e4cdb2e31eae29acc1cb944') in 0.029180 seconds
Number of updated asset objects reloaded before import = 0
Number of asset objects unloaded after import = 2
========================================================================
Received Import Request.
  Time since last request: 37.075006 seconds.
  path: Assets/Material/SPsentry.mat
  artifactKey: Guid(59efdbeea05771f4b93bcddbbb72eb57) Importer(815301076,1909f56bfc062723c751e8b465ee728b)
Start importing Assets/Material/SPsentry.mat using Guid(59efdbeea05771f4b93bcddbbb72eb57) Importer(815301076,1909f56bfc062723c751e8b465ee728b)  -> (artifact id: '3e4f364bd14e7a6f13e9e60ce9e19ca2') in 0.030042 seconds
Number of updated asset objects reloaded before import = 0
Number of asset objects unloaded after import = 2
========================================================================
Received Import Request.
  Time since last request: 7.461781 seconds.
  path: Assets/Material/SPsentry 1.mat
  artifactKey: Guid(61fc0062769ddd14d96bf7886115ee7a) Importer(815301076,1909f56bfc062723c751e8b465ee728b)
Start importing Assets/Material/SPsentry 1.mat using Guid(61fc0062769ddd14d96bf7886115ee7a) Importer(815301076,1909f56bfc062723c751e8b465ee728b)  -> (artifact id: '1b9d0ec4761350af561df7aa4aad03d4') in 0.029562 seconds
Number of updated asset objects reloaded before import = 0
Number of asset objects unloaded after import = 2
========================================================================
Received Import Request.
  Time since last request: 4.790451 seconds.
  path: Assets/Material/MGsentry.mat
  artifactKey: Guid(61fc0062769ddd14d96bf7886115ee7a) Importer(815301076,1909f56bfc062723c751e8b465ee728b)
Start importing Assets/Material/MGsentry.mat using Guid(61fc0062769ddd14d96bf7886115ee7a) Importer(815301076,1909f56bfc062723c751e8b465ee728b)  -> (artifact id: '292aa1008d04a211aec7cab7d38e70f3') in 0.028987 seconds
Number of updated asset objects reloaded before import = 0
Number of asset objects unloaded after import = 2
========================================================================
Received Import Request.
  Time since last request: 4.070186 seconds.
  path: Assets/Prefab/SniperSentry.prefab
  artifactKey: Guid(6e43e32399605c44ea3900c07d7c3bdd) Importer(815301076,1909f56bfc062723c751e8b465ee728b)
Start importing Assets/Prefab/SniperSentry.prefab using Guid(6e43e32399605c44ea3900c07d7c3bdd) Importer(815301076,1909f56bfc062723c751e8b465ee728b)  -> (artifact id: '801f3a62c4ea159206b7f8dc0e4032c8') in 0.006404 seconds
Number of updated asset objects reloaded before import = 0
Number of asset objects unloaded after import = 56
========================================================================
Received Import Request.
  Time since last request: 21.714381 seconds.
  path: Assets/Material/MGsentry.mat
  artifactKey: Guid(61fc0062769ddd14d96bf7886115ee7a) Importer(815301076,1909f56bfc062723c751e8b465ee728b)
Start importing Assets/Material/MGsentry.mat using Guid(61fc0062769ddd14d96bf7886115ee7a) Importer(815301076,1909f56bfc062723c751e8b465ee728b)  -> (artifact id: '15988b76850d5782c1c823a0021118b8') in 0.030015 seconds
Number of updated asset objects reloaded before import = 0
Number of asset objects unloaded after import = 2
========================================================================
Received Import Request.
  Time since last request: 23.910422 seconds.
  path: Assets/ScriptableObjects/SniperSentry.asset
  artifactKey: Guid(5313b933f4a14104fad249a2a45638ec) Importer(815301076,1909f56bfc062723c751e8b465ee728b)
Start importing Assets/ScriptableObjects/SniperSentry.asset using Guid(5313b933f4a14104fad249a2a45638ec) Importer(815301076,1909f56bfc062723c751e8b465ee728b)  -> (artifact id: '44aca0ab45a3d81afc806a11acea90ea') in 0.003535 seconds
Number of updated asset objects reloaded before import = 0
Number of asset objects unloaded after import = 29
========================================================================
Received Import Request.
  Time since last request: 1.006036 seconds.
  path: Assets/Prefab/MachineGunSentry.prefab
  artifactKey: Guid(cbbb0fbff609e9141b3b5fa8dc63e666) Importer(815301076,1909f56bfc062723c751e8b465ee728b)
Start importing Assets/Prefab/MachineGunSentry.prefab using Guid(cbbb0fbff609e9141b3b5fa8dc63e666) Importer(815301076,1909f56bfc062723c751e8b465ee728b)  -> (artifact id: 'a1cc1bdd53c2f1e7eb71fa59ecfeafe1') in 0.004530 seconds
Number of updated asset objects reloaded before import = 0
Number of asset objects unloaded after import = 29
========================================================================
Received Import Request.
  Time since last request: 10.436049 seconds.
  path: Assets/Prefab/SniperSentry.prefab
  artifactKey: Guid(6e43e32399605c44ea3900c07d7c3bdd) Importer(815301076,1909f56bfc062723c751e8b465ee728b)
Start importing Assets/Prefab/SniperSentry.prefab using Guid(6e43e32399605c44ea3900c07d7c3bdd) Importer(815301076,1909f56bfc062723c751e8b465ee728b)  -> (artifact id: 'f2f6ae12eca807373a2aa99915c6c53c') in 0.006041 seconds
Number of updated asset objects reloaded before import = 0
Number of asset objects unloaded after import = 57
========================================================================
Received Import Request.
  Time since last request: 7.295087 seconds.
  path: Assets/Prefab/SniperSentry.prefab
  artifactKey: Guid(6e43e32399605c44ea3900c07d7c3bdd) Importer(815301076,1909f56bfc062723c751e8b465ee728b)
Start importing Assets/Prefab/SniperSentry.prefab using Guid(6e43e32399605c44ea3900c07d7c3bdd) Importer(815301076,1909f56bfc062723c751e8b465ee728b)  -> (artifact id: '52ed5632451ef542e74b78377f75e243') in 0.007739 seconds
Number of updated asset objects reloaded before import = 0
Number of asset objects unloaded after import = 57
========================================================================
Received Import Request.
  Time since last request: 0.172299 seconds.
  path: Assets/Prefab/SniperSentry.prefab
  artifactKey: Guid(6e43e32399605c44ea3900c07d7c3bdd) Importer(815301076,1909f56bfc062723c751e8b465ee728b)
Start importing Assets/Prefab/SniperSentry.prefab using Guid(6e43e32399605c44ea3900c07d7c3bdd) Importer(815301076,1909f56bfc062723c751e8b465ee728b)  -> (artifact id: '36cf09765ac0583edbd9c6e9a4b8bf88') in 0.006783 seconds
Number of updated asset objects reloaded before import = 0
Number of asset objects unloaded after import = 57
========================================================================
Received Import Request.
  Time since last request: 4.679582 seconds.
  path: Assets/Prefab/SniperSentry.prefab
  artifactKey: Guid(6e43e32399605c44ea3900c07d7c3bdd) Importer(815301076,1909f56bfc062723c751e8b465ee728b)
Start importing Assets/Prefab/SniperSentry.prefab using Guid(6e43e32399605c44ea3900c07d7c3bdd) Importer(815301076,1909f56bfc062723c751e8b465ee728b)  -> (artifact id: '2a8a49261eb402d8b3ab9a93b8ce11e0') in 0.005799 seconds
Number of updated asset objects reloaded before import = 0
Number of asset objects unloaded after import = 57
========================================================================
Received Import Request.
  Time since last request: 3.641400 seconds.
  path: Assets/Prefab/SniperSentry.prefab
  artifactKey: Guid(6e43e32399605c44ea3900c07d7c3bdd) Importer(815301076,1909f56bfc062723c751e8b465ee728b)
Start importing Assets/Prefab/SniperSentry.prefab using Guid(6e43e32399605c44ea3900c07d7c3bdd) Importer(815301076,1909f56bfc062723c751e8b465ee728b)  -> (artifact id: '79efb7da1ecd8b3f6e5b49af28bc6c39') in 0.006735 seconds
Number of updated asset objects reloaded before import = 0
Number of asset objects unloaded after import = 57
========================================================================
Received Import Request.
  Time since last request: 0.179575 seconds.
  path: Assets/Prefab/SniperSentry.prefab
  artifactKey: Guid(6e43e32399605c44ea3900c07d7c3bdd) Importer(815301076,1909f56bfc062723c751e8b465ee728b)
Start importing Assets/Prefab/SniperSentry.prefab using Guid(6e43e32399605c44ea3900c07d7c3bdd) Importer(815301076,1909f56bfc062723c751e8b465ee728b)  -> (artifact id: 'a2ca23721a4822ed7560b421108b1c8b') in 0.006230 seconds
Number of updated asset objects reloaded before import = 0
Number of asset objects unloaded after import = 57
========================================================================
Received Import Request.
  Time since last request: 3.869422 seconds.
  path: Assets/Prefab/SniperSentry.prefab
  artifactKey: Guid(6e43e32399605c44ea3900c07d7c3bdd) Importer(815301076,1909f56bfc062723c751e8b465ee728b)
Start importing Assets/Prefab/SniperSentry.prefab using Guid(6e43e32399605c44ea3900c07d7c3bdd) Importer(815301076,1909f56bfc062723c751e8b465ee728b)  -> (artifact id: '2d6916ed51fe823c4cc66086cd1c8a63') in 0.006902 seconds
Number of updated asset objects reloaded before import = 0
Number of asset objects unloaded after import = 57
========================================================================
Received Import Request.
  Time since last request: 6.279718 seconds.
  path: Assets/Prefab/SniperSentry.prefab
  artifactKey: Guid(6e43e32399605c44ea3900c07d7c3bdd) Importer(815301076,1909f56bfc062723c751e8b465ee728b)
Start importing Assets/Prefab/SniperSentry.prefab using Guid(6e43e32399605c44ea3900c07d7c3bdd) Importer(815301076,1909f56bfc062723c751e8b465ee728b)  -> (artifact id: '9cb94b32cd823a7e1a4db0c108cc6318') in 0.007609 seconds
Number of updated asset objects reloaded before import = 0
Number of asset objects unloaded after import = 57
========================================================================
Received Import Request.
  Time since last request: 0.796207 seconds.
  path: Assets/Prefab/SniperSentry.prefab
  artifactKey: Guid(6e43e32399605c44ea3900c07d7c3bdd) Importer(815301076,1909f56bfc062723c751e8b465ee728b)
Start importing Assets/Prefab/SniperSentry.prefab using Guid(6e43e32399605c44ea3900c07d7c3bdd) Importer(815301076,1909f56bfc062723c751e8b465ee728b)  -> (artifact id: '4ac295a483ca913380fa76a39feb7750') in 0.009583 seconds
Number of updated asset objects reloaded before import = 0
Number of asset objects unloaded after import = 57
========================================================================
Received Import Request.
  Time since last request: 2.613338 seconds.
  path: Assets/Prefab/SniperSentry.prefab
  artifactKey: Guid(6e43e32399605c44ea3900c07d7c3bdd) Importer(815301076,1909f56bfc062723c751e8b465ee728b)
Start importing Assets/Prefab/SniperSentry.prefab using Guid(6e43e32399605c44ea3900c07d7c3bdd) Importer(815301076,1909f56bfc062723c751e8b465ee728b)  -> (artifact id: 'a3c8756cd1de11b31d009b239d37da4e') in 0.008870 seconds
Number of updated asset objects reloaded before import = 0
Number of asset objects unloaded after import = 57
========================================================================
Received Prepare
Begin MonoManager ReloadAssembly
- Loaded All Assemblies, in  4.287 seconds
Refreshing native plugins compatible for Editor in 5.93 ms, found 3 plugins.
Native extension for WindowsStandalone target not found
Native extension for Android target not found
Native extension for WebGL target not found
Mono: successfully reloaded assembly
- Finished resetting the current domain, in 43.162 seconds
Domain Reload Profiling: 47443ms
	BeginReloadAssembly (348ms)
		ExecutionOrderSort (0ms)
		DisableScriptedObjects (24ms)
		BackupInstance (0ms)
		ReleaseScriptingObjects (0ms)
		CreateAndSetChildDomain (73ms)
	RebuildCommonClasses (64ms)
	RebuildNativeTypeToScriptingClass (24ms)
	initialDomainReloadingComplete (69ms)
	LoadAllAssembliesAndSetupDomain (3776ms)
		LoadAssemblies (3919ms)
		RebuildTransferFunctionScriptingTraits (0ms)
		AnalyzeDomain (38ms)
			TypeCache.Refresh (10ms)
				TypeCache.ScanAssembly (0ms)
			ScanForSourceGeneratedMonoScriptInfo (0ms)
			ResolveRequiredComponents (19ms)
	FinalizeReload (43163ms)
		ReleaseScriptCaches (0ms)
		RebuildScriptCaches (0ms)
		SetupLoadedEditorAssemblies (1324ms)
			LogAssemblyErrors (0ms)
			InitializePlatformSupportModulesInManaged (58ms)
			SetLoadedEditorAssemblies (10ms)
			RefreshPlugins (0ms)
			BeforeProcessingInitializeOnLoad (240ms)
			ProcessInitializeOnLoadAttributes (859ms)
			ProcessInitializeOnLoadMethodAttributes (142ms)
			AfterProcessingInitializeOnLoad (14ms)
			EditorAssembliesLoaded (0ms)
		ExecutionOrderSort2 (1ms)
		AwakeInstancesAfterBackupRestoration (37ms)
Refreshing native plugins compatible for Editor in 7.23 ms, found 3 plugins.
Preloading 0 native plugins for Editor in 0.00 ms.
Unloading 5916 Unused Serialized files (Serialized files now loaded: 0)
Unloading 46 unused Assets / (458.1 KB). Loaded Objects now: 8917.
Memory consumption went from 436.3 MB to 435.9 MB.
Total: 6.007200 ms (FindLiveObjects: 0.768100 ms CreateObjectMapping: 0.321000 ms MarkObjects: 4.684200 ms  DeleteObjects: 0.231800 ms)

Prepare: number of updated asset objects reloaded= 0
AssetImportParameters requested are different than current active one (requested -> active):
  custom:container-demuxer-ogg: 62fdf1f143b41e24485cea50d1cbac27 -> 
  custom:video-codec-MediaFoundation-h265: 746d11721c4dcdbdad8f713fa42b33f4 -> 
  custom:video-decoder-ogg-theora: a1e56fd34408186e4bbccfd4996cb3dc -> 
  custom:framework-win-MediaFoundation: 216162199b28c13a410421893ffa2e32 -> 
  custom:CustomObjectIndexerAttribute: 72b91833f83ae208fae7752999fa3104 -> 
  custom:container-demuxer-webm: 4f35f7cbe854078d1ac9338744f61a02 -> 
  custom:container-muxer-webm: aa71ff27fc2769a1b78a27578f13a17b -> 
  custom:video-decoder-webm-vp8: 9c59270c3fd7afecdb556c50c9e8de78 -> 
  custom:SearchIndexIgnoredProperties: e643bd26f0fe6173181afceb89e7c659 -> 
  custom:AudioImporter_EditorPlatform: d09bf68614088b80899f8185d706f6e7 -> 
  custom:video-encoder-webm-vp8: eb34c28f22e8b96e1ab97ce403110664 -> 
  custom:audio-decoder-ogg-vorbis: bf7c407c2cedff20999df2af8eb42d56 -> 
  custom:audio-encoder-webm-vorbis: bf7c407c2cedff20999df2af8eb42d56 -> 
========================================================================
Received Prepare
Begin MonoManager ReloadAssembly
- Loaded All Assemblies, in  0.616 seconds
Refreshing native plugins compatible for Editor in 5.14 ms, found 3 plugins.
Native extension for WindowsStandalone target not found
Native extension for Android target not found
Native extension for WebGL target not found
Mono: successfully reloaded assembly
- Finished resetting the current domain, in  1.586 seconds
Domain Reload Profiling: 2199ms
	BeginReloadAssembly (204ms)
		ExecutionOrderSort (0ms)
		DisableScriptedObjects (5ms)
		BackupInstance (0ms)
		ReleaseScriptingObjects (0ms)
		CreateAndSetChildDomain (45ms)
	RebuildCommonClasses (42ms)
	RebuildNativeTypeToScriptingClass (14ms)
	initialDomainReloadingComplete (39ms)
	LoadAllAssembliesAndSetupDomain (313ms)
		LoadAssemblies (387ms)
		RebuildTransferFunctionScriptingTraits (0ms)
		AnalyzeDomain (29ms)
			TypeCache.Refresh (9ms)
				TypeCache.ScanAssembly (0ms)
			ScanForSourceGeneratedMonoScriptInfo (0ms)
			ResolveRequiredComponents (16ms)
	FinalizeReload (1587ms)
		ReleaseScriptCaches (0ms)
		RebuildScriptCaches (0ms)
		SetupLoadedEditorAssemblies (745ms)
			LogAssemblyErrors (0ms)
			InitializePlatformSupportModulesInManaged (34ms)
			SetLoadedEditorAssemblies (5ms)
			RefreshPlugins (0ms)
			BeforeProcessingInitializeOnLoad (112ms)
			ProcessInitializeOnLoadAttributes (498ms)
			ProcessInitializeOnLoadMethodAttributes (89ms)
			AfterProcessingInitializeOnLoad (7ms)
			EditorAssembliesLoaded (0ms)
		ExecutionOrderSort2 (0ms)
		AwakeInstancesAfterBackupRestoration (23ms)
Refreshing native plugins compatible for Editor in 7.54 ms, found 3 plugins.
Preloading 0 native plugins for Editor in 0.00 ms.
Unloading 5916 Unused Serialized files (Serialized files now loaded: 0)
Unloading 46 unused Assets / (434.0 KB). Loaded Objects now: 8933.
Memory consumption went from 438.2 MB to 437.7 MB.
Total: 6.816200 ms (FindLiveObjects: 0.912100 ms CreateObjectMapping: 0.539400 ms MarkObjects: 5.028800 ms  DeleteObjects: 0.334300 ms)

Prepare: number of updated asset objects reloaded= 0
AssetImportParameters requested are different than current active one (requested -> active):
  custom:container-demuxer-ogg: 62fdf1f143b41e24485cea50d1cbac27 -> 
  custom:video-codec-MediaFoundation-h265: 746d11721c4dcdbdad8f713fa42b33f4 -> 
  custom:video-decoder-ogg-theora: a1e56fd34408186e4bbccfd4996cb3dc -> 
  custom:framework-win-MediaFoundation: 216162199b28c13a410421893ffa2e32 -> 
  custom:CustomObjectIndexerAttribute: 72b91833f83ae208fae7752999fa3104 -> 
  custom:container-demuxer-webm: 4f35f7cbe854078d1ac9338744f61a02 -> 
  custom:container-muxer-webm: aa71ff27fc2769a1b78a27578f13a17b -> 
  custom:video-decoder-webm-vp8: 9c59270c3fd7afecdb556c50c9e8de78 -> 
  custom:SearchIndexIgnoredProperties: e643bd26f0fe6173181afceb89e7c659 -> 
  custom:AudioImporter_EditorPlatform: d09bf68614088b80899f8185d706f6e7 -> 
  custom:video-encoder-webm-vp8: eb34c28f22e8b96e1ab97ce403110664 -> 
  custom:audio-decoder-ogg-vorbis: bf7c407c2cedff20999df2af8eb42d56 -> 
  custom:audio-encoder-webm-vorbis: bf7c407c2cedff20999df2af8eb42d56 -> 
========================================================================
Received Prepare
Begin MonoManager ReloadAssembly
- Loaded All Assemblies, in  0.603 seconds
Refreshing native plugins compatible for Editor in 5.50 ms, found 3 plugins.
Native extension for WindowsStandalone target not found
Native extension for Android target not found
Native extension for WebGL target not found
Mono: successfully reloaded assembly
- Finished resetting the current domain, in  1.611 seconds
Domain Reload Profiling: 2211ms
	BeginReloadAssembly (196ms)
		ExecutionOrderSort (0ms)
		DisableScriptedObjects (7ms)
		BackupInstance (0ms)
		ReleaseScriptingObjects (0ms)
		CreateAndSetChildDomain (42ms)
	RebuildCommonClasses (42ms)
	RebuildNativeTypeToScriptingClass (14ms)
	initialDomainReloadingComplete (40ms)
	LoadAllAssembliesAndSetupDomain (307ms)
		LoadAssemblies (376ms)
		RebuildTransferFunctionScriptingTraits (0ms)
		AnalyzeDomain (30ms)
			TypeCache.Refresh (9ms)
				TypeCache.ScanAssembly (0ms)
			ScanForSourceGeneratedMonoScriptInfo (0ms)
			ResolveRequiredComponents (17ms)
	FinalizeReload (1612ms)
		ReleaseScriptCaches (0ms)
		RebuildScriptCaches (0ms)
		SetupLoadedEditorAssemblies (764ms)
			LogAssemblyErrors (0ms)
			InitializePlatformSupportModulesInManaged (35ms)
			SetLoadedEditorAssemblies (5ms)
			RefreshPlugins (0ms)
			BeforeProcessingInitializeOnLoad (109ms)
			ProcessInitializeOnLoadAttributes (510ms)
			ProcessInitializeOnLoadMethodAttributes (97ms)
			AfterProcessingInitializeOnLoad (9ms)
			EditorAssembliesLoaded (0ms)
		ExecutionOrderSort2 (0ms)
		AwakeInstancesAfterBackupRestoration (23ms)
Refreshing native plugins compatible for Editor in 9.16 ms, found 3 plugins.
Preloading 0 native plugins for Editor in 0.00 ms.
Unloading 5916 Unused Serialized files (Serialized files now loaded: 0)
Unloading 46 unused Assets / (450.1 KB). Loaded Objects now: 8949.
Memory consumption went from 440.1 MB to 439.7 MB.
Total: 7.926700 ms (FindLiveObjects: 1.212400 ms CreateObjectMapping: 0.637100 ms MarkObjects: 5.666900 ms  DeleteObjects: 0.408400 ms)

Prepare: number of updated asset objects reloaded= 0
AssetImportParameters requested are different than current active one (requested -> active):
  custom:container-demuxer-ogg: 62fdf1f143b41e24485cea50d1cbac27 -> 
  custom:video-codec-MediaFoundation-h265: 746d11721c4dcdbdad8f713fa42b33f4 -> 
  custom:video-decoder-ogg-theora: a1e56fd34408186e4bbccfd4996cb3dc -> 
  custom:framework-win-MediaFoundation: 216162199b28c13a410421893ffa2e32 -> 
  custom:CustomObjectIndexerAttribute: 72b91833f83ae208fae7752999fa3104 -> 
  custom:container-demuxer-webm: 4f35f7cbe854078d1ac9338744f61a02 -> 
  custom:container-muxer-webm: aa71ff27fc2769a1b78a27578f13a17b -> 
  custom:video-decoder-webm-vp8: 9c59270c3fd7afecdb556c50c9e8de78 -> 
  custom:SearchIndexIgnoredProperties: e643bd26f0fe6173181afceb89e7c659 -> 
  custom:AudioImporter_EditorPlatform: d09bf68614088b80899f8185d706f6e7 -> 
  custom:video-encoder-webm-vp8: eb34c28f22e8b96e1ab97ce403110664 -> 
  custom:audio-decoder-ogg-vorbis: bf7c407c2cedff20999df2af8eb42d56 -> 
  custom:audio-encoder-webm-vorbis: bf7c407c2cedff20999df2af8eb42d56 -> 
========================================================================
Received Import Request.
  Time since last request: 530.920915 seconds.
  path: Assets/Prefab/Player.prefab
  artifactKey: Guid(e93980672e8e2e24e9f0631a8fc5a9d3) Importer(815301076,1909f56bfc062723c751e8b465ee728b)
Start importing Assets/Prefab/Player.prefab using Guid(e93980672e8e2e24e9f0631a8fc5a9d3) Importer(815301076,1909f56bfc062723c751e8b465ee728b)  -> (artifact id: 'dd19ef895ec74c4579afa05a2718c459') in 0.636597 seconds
Number of updated asset objects reloaded before import = 0
Number of asset objects unloaded after import = 49
========================================================================
Received Prepare
Begin MonoManager ReloadAssembly
- Loaded All Assemblies, in  1.093 seconds
Refreshing native plugins compatible for Editor in 10.08 ms, found 3 plugins.
Native extension for WindowsStandalone target not found
Native extension for Android target not found
Native extension for WebGL target not found
Mono: successfully reloaded assembly
- Finished resetting the current domain, in  2.914 seconds
Domain Reload Profiling: 3999ms
	BeginReloadAssembly (342ms)
		ExecutionOrderSort (0ms)
		DisableScriptedObjects (22ms)
		BackupInstance (0ms)
		ReleaseScriptingObjects (0ms)
		CreateAndSetChildDomain (83ms)
	RebuildCommonClasses (68ms)
	RebuildNativeTypeToScriptingClass (22ms)
	initialDomainReloadingComplete (72ms)
	LoadAllAssembliesAndSetupDomain (579ms)
		LoadAssemblies (635ms)
		RebuildTransferFunctionScriptingTraits (0ms)
		AnalyzeDomain (105ms)
			TypeCache.Refresh (22ms)
				TypeCache.ScanAssembly (1ms)
			ScanForSourceGeneratedMonoScriptInfo (51ms)
			ResolveRequiredComponents (28ms)
	FinalizeReload (2915ms)
		ReleaseScriptCaches (0ms)
		RebuildScriptCaches (0ms)
		SetupLoadedEditorAssemblies (1209ms)
			LogAssemblyErrors (0ms)
			InitializePlatformSupportModulesInManaged (51ms)
			SetLoadedEditorAssemblies (7ms)
			RefreshPlugins (0ms)
			BeforeProcessingInitializeOnLoad (174ms)
			ProcessInitializeOnLoadAttributes (817ms)
			ProcessInitializeOnLoadMethodAttributes (148ms)
			AfterProcessingInitializeOnLoad (13ms)
			EditorAssembliesLoaded (1ms)
		ExecutionOrderSort2 (2ms)
		AwakeInstancesAfterBackupRestoration (37ms)
Refreshing native plugins compatible for Editor in 10.05 ms, found 3 plugins.
Preloading 0 native plugins for Editor in 0.00 ms.
Unloading 5916 Unused Serialized files (Serialized files now loaded: 0)
Unloading 46 unused Assets / (458.1 KB). Loaded Objects now: 9002.
Memory consumption went from 442.1 MB to 441.7 MB.
Total: 8.081500 ms (FindLiveObjects: 1.097100 ms CreateObjectMapping: 0.616100 ms MarkObjects: 5.851500 ms  DeleteObjects: 0.514900 ms)

Prepare: number of updated asset objects reloaded= 0
AssetImportParameters requested are different than current active one (requested -> active):
  custom:container-demuxer-ogg: 62fdf1f143b41e24485cea50d1cbac27 -> 
  custom:video-codec-MediaFoundation-h265: 746d11721c4dcdbdad8f713fa42b33f4 -> 
  custom:video-decoder-ogg-theora: a1e56fd34408186e4bbccfd4996cb3dc -> 
  custom:framework-win-MediaFoundation: 216162199b28c13a410421893ffa2e32 -> 
  custom:CustomObjectIndexerAttribute: 72b91833f83ae208fae7752999fa3104 -> 
  custom:container-demuxer-webm: 4f35f7cbe854078d1ac9338744f61a02 -> 
  custom:container-muxer-webm: aa71ff27fc2769a1b78a27578f13a17b -> 
  custom:video-decoder-webm-vp8: 9c59270c3fd7afecdb556c50c9e8de78 -> 
  custom:SearchIndexIgnoredProperties: e643bd26f0fe6173181afceb89e7c659 -> 
  custom:AudioImporter_EditorPlatform: d09bf68614088b80899f8185d706f6e7 -> 
  custom:video-encoder-webm-vp8: eb34c28f22e8b96e1ab97ce403110664 -> 
  custom:audio-decoder-ogg-vorbis: bf7c407c2cedff20999df2af8eb42d56 -> 
  custom:audio-encoder-webm-vorbis: bf7c407c2cedff20999df2af8eb42d56 -> 
========================================================================
Received Import Request.
  Time since last request: 60.201225 seconds.
  path: Assets/Prefab/Player.prefab
  artifactKey: Guid(e93980672e8e2e24e9f0631a8fc5a9d3) Importer(815301076,1909f56bfc062723c751e8b465ee728b)
Start importing Assets/Prefab/Player.prefab using Guid(e93980672e8e2e24e9f0631a8fc5a9d3) Importer(815301076,1909f56bfc062723c751e8b465ee728b)  -> (artifact id: '464551c1add974a16294da6f91b16147') in 0.692487 seconds
Number of updated asset objects reloaded before import = 0
Number of asset objects unloaded after import = 49
========================================================================
Received Prepare
Begin MonoManager ReloadAssembly
- Loaded All Assemblies, in  1.268 seconds
Refreshing native plugins compatible for Editor in 15.33 ms, found 3 plugins.
Native extension for WindowsStandalone target not found
Native extension for Android target not found
Native extension for WebGL target not found
Mono: successfully reloaded assembly
- Finished resetting the current domain, in  3.148 seconds
Domain Reload Profiling: 4409ms
	BeginReloadAssembly (353ms)
		ExecutionOrderSort (0ms)
		DisableScriptedObjects (20ms)
		BackupInstance (0ms)
		ReleaseScriptingObjects (0ms)
		CreateAndSetChildDomain (76ms)
	RebuildCommonClasses (88ms)
	RebuildNativeTypeToScriptingClass (26ms)
	initialDomainReloadingComplete (91ms)
	LoadAllAssembliesAndSetupDomain (702ms)
		LoadAssemblies (747ms)
		RebuildTransferFunctionScriptingTraits (0ms)
		AnalyzeDomain (139ms)
			TypeCache.Refresh (21ms)
				TypeCache.ScanAssembly (1ms)
			ScanForSourceGeneratedMonoScriptInfo (82ms)
			ResolveRequiredComponents (26ms)
	FinalizeReload (3149ms)
		ReleaseScriptCaches (0ms)
		RebuildScriptCaches (0ms)
		SetupLoadedEditorAssemblies (1254ms)
			LogAssemblyErrors (0ms)
			InitializePlatformSupportModulesInManaged (55ms)
			SetLoadedEditorAssemblies (7ms)
			RefreshPlugins (0ms)
			BeforeProcessingInitializeOnLoad (178ms)
			ProcessInitializeOnLoadAttributes (842ms)
			ProcessInitializeOnLoadMethodAttributes (159ms)
			AfterProcessingInitializeOnLoad (13ms)
			EditorAssembliesLoaded (1ms)
		ExecutionOrderSort2 (1ms)
		AwakeInstancesAfterBackupRestoration (42ms)
Refreshing native plugins compatible for Editor in 10.83 ms, found 3 plugins.
Preloading 0 native plugins for Editor in 0.00 ms.
Unloading 5916 Unused Serialized files (Serialized files now loaded: 0)
Unloading 46 unused Assets / (450.0 KB). Loaded Objects now: 9055.
Memory consumption went from 444.2 MB to 443.8 MB.
Total: 8.125200 ms (FindLiveObjects: 1.408500 ms CreateObjectMapping: 0.556200 ms MarkObjects: 5.810500 ms  DeleteObjects: 0.348100 ms)

Prepare: number of updated asset objects reloaded= 0
AssetImportParameters requested are different than current active one (requested -> active):
  custom:container-demuxer-ogg: 62fdf1f143b41e24485cea50d1cbac27 -> 
  custom:video-codec-MediaFoundation-h265: 746d11721c4dcdbdad8f713fa42b33f4 -> 
  custom:video-decoder-ogg-theora: a1e56fd34408186e4bbccfd4996cb3dc -> 
  custom:framework-win-MediaFoundation: 216162199b28c13a410421893ffa2e32 -> 
  custom:CustomObjectIndexerAttribute: 72b91833f83ae208fae7752999fa3104 -> 
  custom:container-demuxer-webm: 4f35f7cbe854078d1ac9338744f61a02 -> 
  custom:container-muxer-webm: aa71ff27fc2769a1b78a27578f13a17b -> 
  custom:video-decoder-webm-vp8: 9c59270c3fd7afecdb556c50c9e8de78 -> 
  custom:SearchIndexIgnoredProperties: e643bd26f0fe6173181afceb89e7c659 -> 
  custom:AudioImporter_EditorPlatform: d09bf68614088b80899f8185d706f6e7 -> 
  custom:video-encoder-webm-vp8: eb34c28f22e8b96e1ab97ce403110664 -> 
  custom:audio-decoder-ogg-vorbis: bf7c407c2cedff20999df2af8eb42d56 -> 
  custom:audio-encoder-webm-vorbis: bf7c407c2cedff20999df2af8eb42d56 -> 
========================================================================
Received Import Request.
  Time since last request: 30.564285 seconds.
  path: Assets/Prefab/Player.prefab
  artifactKey: Guid(e93980672e8e2e24e9f0631a8fc5a9d3) Importer(815301076,1909f56bfc062723c751e8b465ee728b)
Start importing Assets/Prefab/Player.prefab using Guid(e93980672e8e2e24e9f0631a8fc5a9d3) Importer(815301076,1909f56bfc062723c751e8b465ee728b)  -> (artifact id: '929c2c69b1d5f7dc47523ca56d70645e') in 0.705110 seconds
Number of updated asset objects reloaded before import = 0
Number of asset objects unloaded after import = 49
========================================================================
Received Prepare
Begin MonoManager ReloadAssembly
- Loaded All Assemblies, in  1.330 seconds
Refreshing native plugins compatible for Editor in 10.52 ms, found 3 plugins.
Native extension for WindowsStandalone target not found
Native extension for Android target not found
Native extension for WebGL target not found
Mono: successfully reloaded assembly
- Finished resetting the current domain, in  3.881 seconds
Domain Reload Profiling: 5204ms
	BeginReloadAssembly (419ms)
		ExecutionOrderSort (0ms)
		DisableScriptedObjects (23ms)
		BackupInstance (0ms)
		ReleaseScriptingObjects (0ms)
		CreateAndSetChildDomain (103ms)
	RebuildCommonClasses (86ms)
	RebuildNativeTypeToScriptingClass (28ms)
	initialDomainReloadingComplete (75ms)
	LoadAllAssembliesAndSetupDomain (714ms)
		LoadAssemblies (771ms)
		RebuildTransferFunctionScriptingTraits (0ms)
		AnalyzeDomain (140ms)
			TypeCache.Refresh (31ms)
				TypeCache.ScanAssembly (1ms)
			ScanForSourceGeneratedMonoScriptInfo (75ms)
			ResolveRequiredComponents (27ms)
	FinalizeReload (3882ms)
		ReleaseScriptCaches (0ms)
		RebuildScriptCaches (0ms)
		SetupLoadedEditorAssemblies (1669ms)
			LogAssemblyErrors (0ms)
			InitializePlatformSupportModulesInManaged (62ms)
			SetLoadedEditorAssemblies (17ms)
			RefreshPlugins (0ms)
			BeforeProcessingInitializeOnLoad (240ms)
			ProcessInitializeOnLoadAttributes (1128ms)
			ProcessInitializeOnLoadMethodAttributes (206ms)
			AfterProcessingInitializeOnLoad (15ms)
			EditorAssembliesLoaded (1ms)
		ExecutionOrderSort2 (1ms)
		AwakeInstancesAfterBackupRestoration (47ms)
Script is not up to date after domain reload: guid(d2d27be93f54b5440aa2e80c8a88f8b2) path("Assets/Player/Scripts/PlayerLoadout.cs") state(2)
Refreshing native plugins compatible for Editor in 10.93 ms, found 3 plugins.
Preloading 0 native plugins for Editor in 0.00 ms.
Unloading 5915 Unused Serialized files (Serialized files now loaded: 0)
Unloading 46 unused Assets / (458.2 KB). Loaded Objects now: 9107.
Memory consumption went from 446.2 MB to 445.7 MB.
Total: 8.128400 ms (FindLiveObjects: 1.390500 ms CreateObjectMapping: 0.720700 ms MarkObjects: 5.618500 ms  DeleteObjects: 0.396600 ms)

Prepare: number of updated asset objects reloaded= 0
AssetImportParameters requested are different than current active one (requested -> active):
  custom:container-demuxer-ogg: 62fdf1f143b41e24485cea50d1cbac27 -> 
  custom:video-codec-MediaFoundation-h265: 746d11721c4dcdbdad8f713fa42b33f4 -> 
  custom:video-decoder-ogg-theora: a1e56fd34408186e4bbccfd4996cb3dc -> 
  custom:framework-win-MediaFoundation: 216162199b28c13a410421893ffa2e32 -> 
  custom:CustomObjectIndexerAttribute: 72b91833f83ae208fae7752999fa3104 -> 
  custom:container-demuxer-webm: 4f35f7cbe854078d1ac9338744f61a02 -> 
  custom:container-muxer-webm: aa71ff27fc2769a1b78a27578f13a17b -> 
  custom:video-decoder-webm-vp8: 9c59270c3fd7afecdb556c50c9e8de78 -> 
  custom:SearchIndexIgnoredProperties: e643bd26f0fe6173181afceb89e7c659 -> 
  custom:AudioImporter_EditorPlatform: d09bf68614088b80899f8185d706f6e7 -> 
  custom:video-encoder-webm-vp8: eb34c28f22e8b96e1ab97ce403110664 -> 
  custom:audio-decoder-ogg-vorbis: bf7c407c2cedff20999df2af8eb42d56 -> 
  custom:audio-encoder-webm-vorbis: bf7c407c2cedff20999df2af8eb42d56 -> 
========================================================================
Received Prepare
Begin MonoManager ReloadAssembly
- Loaded All Assemblies, in  1.252 seconds
Refreshing native plugins compatible for Editor in 11.93 ms, found 3 plugins.
Native extension for WindowsStandalone target not found
Native extension for Android target not found
Native extension for WebGL target not found
Mono: successfully reloaded assembly
- Finished resetting the current domain, in  3.519 seconds
Domain Reload Profiling: 4760ms
	BeginReloadAssembly (410ms)
		ExecutionOrderSort (0ms)
		DisableScriptedObjects (13ms)
		BackupInstance (0ms)
		ReleaseScriptingObjects (0ms)
		CreateAndSetChildDomain (94ms)
	RebuildCommonClasses (87ms)
	RebuildNativeTypeToScriptingClass (29ms)
	initialDomainReloadingComplete (77ms)
	LoadAllAssembliesAndSetupDomain (636ms)
		LoadAssemblies (726ms)
		RebuildTransferFunctionScriptingTraits (0ms)
		AnalyzeDomain (110ms)
			TypeCache.Refresh (23ms)
				TypeCache.ScanAssembly (1ms)
			ScanForSourceGeneratedMonoScriptInfo (56ms)
			ResolveRequiredComponents (26ms)
	FinalizeReload (3520ms)
		ReleaseScriptCaches (0ms)
		RebuildScriptCaches (0ms)
		SetupLoadedEditorAssemblies (1395ms)
			LogAssemblyErrors (0ms)
			InitializePlatformSupportModulesInManaged (73ms)
			SetLoadedEditorAssemblies (11ms)
			RefreshPlugins (0ms)
			BeforeProcessingInitializeOnLoad (182ms)
			ProcessInitializeOnLoadAttributes (904ms)
			ProcessInitializeOnLoadMethodAttributes (207ms)
			AfterProcessingInitializeOnLoad (18ms)
			EditorAssembliesLoaded (0ms)
		ExecutionOrderSort2 (1ms)
		AwakeInstancesAfterBackupRestoration (61ms)
Refreshing native plugins compatible for Editor in 12.42 ms, found 3 plugins.
Preloading 0 native plugins for Editor in 0.00 ms.
Unloading 5916 Unused Serialized files (Serialized files now loaded: 0)
Unloading 46 unused Assets / (434.0 KB). Loaded Objects now: 9124.
Memory consumption went from 448.0 MB to 447.6 MB.
Total: 7.874000 ms (FindLiveObjects: 1.192800 ms CreateObjectMapping: 0.732300 ms MarkObjects: 5.528500 ms  DeleteObjects: 0.417600 ms)

Prepare: number of updated asset objects reloaded= 0
AssetImportParameters requested are different than current active one (requested -> active):
  custom:container-demuxer-ogg: 62fdf1f143b41e24485cea50d1cbac27 -> 
  custom:video-codec-MediaFoundation-h265: 746d11721c4dcdbdad8f713fa42b33f4 -> 
  custom:video-decoder-ogg-theora: a1e56fd34408186e4bbccfd4996cb3dc -> 
  custom:framework-win-MediaFoundation: 216162199b28c13a410421893ffa2e32 -> 
  custom:CustomObjectIndexerAttribute: 72b91833f83ae208fae7752999fa3104 -> 
  custom:container-demuxer-webm: 4f35f7cbe854078d1ac9338744f61a02 -> 
  custom:container-muxer-webm: aa71ff27fc2769a1b78a27578f13a17b -> 
  custom:video-decoder-webm-vp8: 9c59270c3fd7afecdb556c50c9e8de78 -> 
  custom:SearchIndexIgnoredProperties: e643bd26f0fe6173181afceb89e7c659 -> 
  custom:AudioImporter_EditorPlatform: d09bf68614088b80899f8185d706f6e7 -> 
  custom:video-encoder-webm-vp8: eb34c28f22e8b96e1ab97ce403110664 -> 
  custom:audio-decoder-ogg-vorbis: bf7c407c2cedff20999df2af8eb42d56 -> 
  custom:audio-encoder-webm-vorbis: bf7c407c2cedff20999df2af8eb42d56 -> 
========================================================================
Received Import Request.
  Time since last request: 28.325216 seconds.
  path: Assets/Prefab/Player.prefab
  artifactKey: Guid(e93980672e8e2e24e9f0631a8fc5a9d3) Importer(815301076,1909f56bfc062723c751e8b465ee728b)
Start importing Assets/Prefab/Player.prefab using Guid(e93980672e8e2e24e9f0631a8fc5a9d3) Importer(815301076,1909f56bfc062723c751e8b465ee728b)  -> (artifact id: '2d0758350a794a2f00caee1828cac289') in 0.613993 seconds
Number of updated asset objects reloaded before import = 0
Number of asset objects unloaded after import = 49
========================================================================
Received Import Request.
  Time since last request: 3.928139 seconds.
  path: Assets/Prefab/Player.prefab
  artifactKey: Guid(e93980672e8e2e24e9f0631a8fc5a9d3) Importer(815301076,1909f56bfc062723c751e8b465ee728b)
Start importing Assets/Prefab/Player.prefab using Guid(e93980672e8e2e24e9f0631a8fc5a9d3) Importer(815301076,1909f56bfc062723c751e8b465ee728b)  -> (artifact id: '1602b780a23cdf323830335bee50a1e8') in 0.034447 seconds
Number of updated asset objects reloaded before import = 0
Number of asset objects unloaded after import = 31
========================================================================
Received Prepare
Begin MonoManager ReloadAssembly
- Loaded All Assemblies, in  1.266 seconds
Refreshing native plugins compatible for Editor in 10.28 ms, found 3 plugins.
Native extension for WindowsStandalone target not found
Native extension for Android target not found
Native extension for WebGL target not found
Mono: successfully reloaded assembly
- Finished resetting the current domain, in  3.499 seconds
Domain Reload Profiling: 4758ms
	BeginReloadAssembly (413ms)
		ExecutionOrderSort (1ms)
		DisableScriptedObjects (30ms)
		BackupInstance (0ms)
		ReleaseScriptingObjects (0ms)
		CreateAndSetChildDomain (93ms)
	RebuildCommonClasses (86ms)
	RebuildNativeTypeToScriptingClass (33ms)
	initialDomainReloadingComplete (85ms)
	LoadAllAssembliesAndSetupDomain (641ms)
		LoadAssemblies (676ms)
		RebuildTransferFunctionScriptingTraits (0ms)
		AnalyzeDomain (156ms)
			TypeCache.Refresh (29ms)
				TypeCache.ScanAssembly (1ms)
			ScanForSourceGeneratedMonoScriptInfo (82ms)
			ResolveRequiredComponents (37ms)
	FinalizeReload (3500ms)
		ReleaseScriptCaches (0ms)
		RebuildScriptCaches (0ms)
		SetupLoadedEditorAssemblies (1427ms)
			LogAssemblyErrors (0ms)
			InitializePlatformSupportModulesInManaged (58ms)
			SetLoadedEditorAssemblies (7ms)
			RefreshPlugins (0ms)
			BeforeProcessingInitializeOnLoad (200ms)
			ProcessInitializeOnLoadAttributes (971ms)
			ProcessInitializeOnLoadMethodAttributes (173ms)
			AfterProcessingInitializeOnLoad (17ms)
			EditorAssembliesLoaded (1ms)
		ExecutionOrderSort2 (1ms)
		AwakeInstancesAfterBackupRestoration (57ms)
Refreshing native plugins compatible for Editor in 10.63 ms, found 3 plugins.
Preloading 0 native plugins for Editor in 0.00 ms.
Unloading 5916 Unused Serialized files (Serialized files now loaded: 0)
Unloading 46 unused Assets / (458.1 KB). Loaded Objects now: 9177.
Memory consumption went from 450.1 MB to 449.7 MB.
Total: 7.607900 ms (FindLiveObjects: 1.222500 ms CreateObjectMapping: 0.512700 ms MarkObjects: 5.519100 ms  DeleteObjects: 0.351600 ms)

Prepare: number of updated asset objects reloaded= 0
AssetImportParameters requested are different than current active one (requested -> active):
  custom:container-demuxer-ogg: 62fdf1f143b41e24485cea50d1cbac27 -> 
  custom:video-codec-MediaFoundation-h265: 746d11721c4dcdbdad8f713fa42b33f4 -> 
  custom:video-decoder-ogg-theora: a1e56fd34408186e4bbccfd4996cb3dc -> 
  custom:framework-win-MediaFoundation: 216162199b28c13a410421893ffa2e32 -> 
  custom:CustomObjectIndexerAttribute: 72b91833f83ae208fae7752999fa3104 -> 
  custom:container-demuxer-webm: 4f35f7cbe854078d1ac9338744f61a02 -> 
  custom:container-muxer-webm: aa71ff27fc2769a1b78a27578f13a17b -> 
  custom:video-decoder-webm-vp8: 9c59270c3fd7afecdb556c50c9e8de78 -> 
  custom:SearchIndexIgnoredProperties: e643bd26f0fe6173181afceb89e7c659 -> 
  custom:AudioImporter_EditorPlatform: d09bf68614088b80899f8185d706f6e7 -> 
  custom:video-encoder-webm-vp8: eb34c28f22e8b96e1ab97ce403110664 -> 
  custom:audio-decoder-ogg-vorbis: bf7c407c2cedff20999df2af8eb42d56 -> 
  custom:audio-encoder-webm-vorbis: bf7c407c2cedff20999df2af8eb42d56 -> 
========================================================================
Received Import Request.
  Time since last request: 16.666896 seconds.
  path: Assets/Prefab/Player.prefab
  artifactKey: Guid(e93980672e8e2e24e9f0631a8fc5a9d3) Importer(815301076,1909f56bfc062723c751e8b465ee728b)
Start importing Assets/Prefab/Player.prefab using Guid(e93980672e8e2e24e9f0631a8fc5a9d3) Importer(815301076,1909f56bfc062723c751e8b465ee728b)  -> (artifact id: 'a4041f2c337733397d31b1553661636d') in 0.678956 seconds
Number of updated asset objects reloaded before import = 0
Number of asset objects unloaded after import = 49
========================================================================
Received Prepare
Begin MonoManager ReloadAssembly
- Loaded All Assemblies, in  1.194 seconds
Callback registration failed. Increase kMaxCallback.
Fatal Error! Callback registration failed. Increase kMaxCallback.
Crash!!!
SymInit: Symbol-SearchPath: 'C:/Program Files/Unity/Hub/Editor/2022.3.24f1/Editor/Data/Mono;.;C:\NYP\Work File\SpecProj\SpecProj;C:\NYP\Work File\SpecProj\SpecProj\Library\BurstCache\JIT;C:\Program Files\Unity\Hub\Editor\2022.3.24f1\Editor;C:\WINDOWS;C:\WINDOWS\system32;', symOptions: 534, UserName: 'Wynn'
OS-Version: 10.0.0
C:\Program Files\Unity\Hub\Editor\2022.3.24f1\Editor\Unity.exe:Unity.exe (00007FF72D680000), size: 82464768 (result: 0), SymType: '-deferred-', PDB: '', fileVersion: 2022.3.24.20146
C:\WINDOWS\SYSTEM32\ntdll.dll:ntdll.dll (00007FFB73480000), size: 2514944 (result: 0), SymType: '-deferred-', PDB: '', fileVersion: 10.0.26100.4061
C:\WINDOWS\System32\KERNEL32.DLL:KERNEL32.DLL (00007FFB72E60000), size: 823296 (result: 0), SymType: '-deferred-', PDB: '', fileVersion: 10.0.26100.3912
C:\WINDOWS\System32\KERNELBASE.dll:KERNELBASE.dll (00007FFB708D0000), size: 3981312 (result: 0), SymType: '-deferred-', PDB: '', fileVersion: 10.0.26100.4061
C:\WINDOWS\System32\CRYPT32.dll:CRYPT32.dll (00007FFB70750000), size: 1536000 (result: 0), SymType: '-deferred-', PDB: '', fileVersion: 10.0.26100.3775
C:\WINDOWS\System32\ucrtbase.dll:ucrtbase.dll (00007FFB70F70000), size: 1355776 (result: 0), SymType: '-deferred-', PDB: '', fileVersion: 10.0.26100.4061
C:\WINDOWS\System32\USER32.dll:USER32.dll (00007FFB71500000), size: 1875968 (result: 0), SymType: '-deferred-', PDB: '', fileVersion: 10.0.26100.3912
C:\WINDOWS\System32\win32u.dll:win32u.dll (00007FFB70DE0000), size: 159744 (result: 0), SymType: '-deferred-', PDB: '', fileVersion: 10.0.26100.4061
C:\WINDOWS\System32\GDI32.dll:GDI32.dll (00007FFB72D30000), size: 176128 (result: 0), SymType: '-deferred-', PDB: '', fileVersion: 10.0.26100.3912
C:\WINDOWS\System32\gdi32full.dll:gdi32full.dll (00007FFB70CA0000), size: 1253376 (result: 0), SymType: '-deferred-', PDB: '', fileVersion: 10.0.26100.3912
C:\WINDOWS\System32\msvcp_win.dll:msvcp_win.dll (00007FFB706A0000), size: 667648 (result: 0), SymType: '-deferred-', PDB: '', fileVersion: 10.0.26100.4061
C:\WINDOWS\System32\ADVAPI32.dll:ADVAPI32.dll (00007FFB73190000), size: 729088 (result: 0), SymType: '-deferred-', PDB: '', fileVersion: 10.0.26100.3775
C:\WINDOWS\System32\msvcrt.dll:msvcrt.dll (00007FFB73080000), size: 692224 (result: 0), SymType: '-deferred-', PDB: '', fileVersion: 7.0.26100.4061
C:\WINDOWS\System32\sechost.dll:sechost.dll (00007FFB72AF0000), size: 679936 (result: 0), SymType: '-deferred-', PDB: '', fileVersion: 10.0.26100.4061
C:\Program Files\Unity\Hub\Editor\2022.3.24f1\Editor\libfbxsdk.dll:libfbxsdk.dll (00007FFB0D910000), size: 10063872 (result: 0), SymType: '-deferred-', PDB: '', fileVersion: 2020.3.4.0
C:\WINDOWS\System32\RPCRT4.dll:RPCRT4.dll (00007FFB72210000), size: 1138688 (result: 0), SymType: '-deferred-', PDB: '', fileVersion: 10.0.26100.4061
C:\WINDOWS\System32\SHELL32.dll:SHELL32.dll (00007FFB71A60000), size: 7524352 (result: 0), SymType: '-deferred-', PDB: '', fileVersion: 10.0.26100.4061
C:\WINDOWS\System32\wintypes.dll:wintypes.dll (00007FFB710C0000), size: 1523712 (result: 0), SymType: '-deferred-', PDB: '', fileVersion: 10.0.26100.3912
C:\WINDOWS\System32\combase.dll:combase.dll (00007FFB716D0000), size: 3686400 (result: 0), SymType: '-deferred-', PDB: '', fileVersion: 10.0.26100.3912
C:\WINDOWS\System32\SHLWAPI.dll:SHLWAPI.dll (00007FFB72FF0000), size: 430080 (result: 0), SymType: '-deferred-', PDB: '', fileVersion: 10.0.26100.3912
C:\Program Files\Unity\Hub\Editor\2022.3.24f1\Editor\s3tcompress.dll:s3tcompress.dll (00007FFB67540000), size: 180224 (result: 0), SymType: '-deferred-', PDB: ''
C:\WINDOWS\System32\ole32.dll:ole32.dll (00007FFB72430000), size: 1699840 (result: 0), SymType: '-deferred-', PDB: '', fileVersion: 10.0.26100.3912
C:\Program Files\Unity\Hub\Editor\2022.3.24f1\Editor\etccompress.dll:etccompress.dll (00007FFB0D430000), size: 5066752 (result: 0), SymType: '-deferred-', PDB: ''
C:\WINDOWS\System32\IMM32.dll:IMM32.dll (00007FFB712F0000), size: 196608 (result: 0), SymType: '-deferred-', PDB: '', fileVersion: 10.0.26100.3912
C:\WINDOWS\System32\SETUPAPI.dll:SETUPAPI.dll (00007FFB725E0000), size: 4743168 (result: 0), SymType: '-deferred-', PDB: '', fileVersion: 10.0.26100.3912
C:\Program Files\Unity\Hub\Editor\2022.3.24f1\Editor\ispc_texcomp.dll:ispc_texcomp.dll (00007FFB28E30000), size: 1826816 (result: 0), SymType: '-deferred-', PDB: ''
C:\Program Files\Unity\Hub\Editor\2022.3.24f1\Editor\compress_bc7e.dll:compress_bc7e.dll (00007FFB41890000), size: 1433600 (result: 0), SymType: '-deferred-', PDB: ''
C:\WINDOWS\System32\WS2_32.dll:WS2_32.dll (00007FFB72190000), size: 475136 (result: 0), SymType: '-deferred-', PDB: '', fileVersion: 10.0.26100.4061
C:\Program Files\Unity\Hub\Editor\2022.3.24f1\Editor\FreeImage.dll:FreeImage.dll (0000000180000000), size: 6582272 (result: 0), SymType: '-deferred-', PDB: '', fileVersion: 3.18.0.0
C:\WINDOWS\System32\OLEAUT32.dll:OLEAUT32.dll (00007FFB713B0000), size: 917504 (result: 0), SymType: '-deferred-', PDB: '', fileVersion: 10.0.26100.3912
C:\WINDOWS\System32\WINTRUST.dll:WINTRUST.dll (00007FFB70610000), size: 524288 (result: 0), SymType: '-deferred-', PDB: '', fileVersion: 10.0.26100.3912
C:\Program Files\Unity\Hub\Editor\2022.3.24f1\Editor\WinPixEventRuntime.dll:WinPixEventRuntime.dll (00007FFB68B00000), size: 45056 (result: 0), SymType: '-deferred-', PDB: '', fileVersion: 1.0.1812.6001
C:\Program Files\Unity\Hub\Editor\2022.3.24f1\Editor\umbraoptimizer64.dll:umbraoptimizer64.dll (00007FFB119E0000), size: 1187840 (result: 0), SymType: '-deferred-', PDB: ''
C:\WINDOWS\SYSTEM32\GLU32.dll:GLU32.dll (00007FFB5BA30000), size: 184320 (result: 0), SymType: '-deferred-', PDB: '', fileVersion: 10.0.26100.1150
C:\WINDOWS\SYSTEM32\IPHLPAPI.DLL:IPHLPAPI.DLL (00007FFB6EE50000), size: 208896 (result: 0), SymType: '-deferred-', PDB: '', fileVersion: 10.0.26100.3912
C:\WINDOWS\SYSTEM32\OPENGL32.dll:OPENGL32.dll (00007FFB118D0000), size: 1097728 (result: 0), SymType: '-deferred-', PDB: '', fileVersion: 10.0.26100.3624
C:\WINDOWS\SYSTEM32\WINMM.dll:WINMM.dll (00007FFB68090000), size: 221184 (result: 0), SymType: '-deferred-', PDB: '', fileVersion: 10.0.26100.3624
C:\WINDOWS\SYSTEM32\WINHTTP.dll:WINHTTP.dll (00007FFB65F70000), size: 1171456 (result: 0), SymType: '-deferred-', PDB: '', fileVersion: 10.0.26100.3912
C:\WINDOWS\SYSTEM32\bcrypt.dll:bcrypt.dll (00007FFB704F0000), size: 155648 (result: 0), SymType: '-deferred-', PDB: '', fileVersion: 10.0.26100.4061
C:\WINDOWS\SYSTEM32\HID.DLL:HID.DLL (00007FFB6EAF0000), size: 61440 (result: 0), SymType: '-deferred-', PDB: '', fileVersion: 10.0.26100.1150
C:\WINDOWS\SYSTEM32\dwmapi.dll:dwmapi.dll (00007FFB6D7C0000), size: 221184 (result: 0), SymType: '-deferred-', PDB: '', fileVersion: 10.0.26100.3912
C:\Program Files\Unity\Hub\Editor\2022.3.24f1\Editor\SketchUpAPI.dll:SketchUpAPI.dll (00007FFB0CB90000), size: 8990720 (result: 0), SymType: '-deferred-', PDB: '', fileVersion: 23.0.0.0
C:\Program Files\Unity\Hub\Editor\2022.3.24f1\Editor\NativeProxyHelper.dll:NativeProxyHelper.dll (00007FFB115A0000), size: 1789952 (result: 0), SymType: '-deferred-', PDB: ''
C:\WINDOWS\SYSTEM32\VERSION.dll:VERSION.dll (00007FFB5F6E0000), size: 45056 (result: 0), SymType: '-deferred-', PDB: '', fileVersion: 10.0.26100.1150
C:\WINDOWS\SYSTEM32\WSOCK32.dll:WSOCK32.dll (00007FFB6A8A0000), size: 40960 (result: 0), SymType: '-deferred-', PDB: '', fileVersion: 10.0.26100.1
C:\WINDOWS\SYSTEM32\MSVCP140.dll:MSVCP140.dll (00007FFB49850000), size: 577536 (result: 0), SymType: '-deferred-', PDB: '', fileVersion: 14.42.34433.0
C:\WINDOWS\SYSTEM32\VCRUNTIME140.dll:VCRUNTIME140.dll (00007FFB49C00000), size: 122880 (result: 0), SymType: '-deferred-', PDB: '', fileVersion: 14.42.34433.0
C:\Program Files\Unity\Hub\Editor\2022.3.24f1\Editor\SketchUpCommonPreferences.dll:SketchUpCommonPreferences.dll (00007FFB41710000), size: 499712 (result: 0), SymType: '-deferred-', PDB: '', fileVersion: 23.0.0.0
C:\WINDOWS\SYSTEM32\Secur32.dll:Secur32.dll (00007FFB6A960000), size: 53248 (result: 0), SymType: '-deferred-', PDB: '', fileVersion: 10.0.26100.1
C:\WINDOWS\SYSTEM32\VCRUNTIME140_1.dll:VCRUNTIME140_1.dll (00007FFB49840000), size: 49152 (result: 0), SymType: '-deferred-', PDB: '', fileVersion: 14.42.34433.0
C:\WINDOWS\SYSTEM32\dxcore.dll:dxcore.dll (00007FFB6D3F0000), size: 290816 (result: 0), SymType: '-deferred-', PDB: '', fileVersion: 10.0.26100.3624
C:\WINDOWS\SYSTEM32\SSPICLI.DLL:SSPICLI.DLL (00007FFB6F790000), size: 294912 (result: 0), SymType: '-deferred-', PDB: '', fileVersion: 10.0.26100.3775
C:\Program Files\Unity\Hub\Editor\2022.3.24f1\Editor\OpenRL.dll:OpenRL.dll (000002110B540000), size: 12779520 (result: 0), SymType: '-deferred-', PDB: '', fileVersion: 1.5.0.2907
C:\WINDOWS\SYSTEM32\MSVCP100.dll:MSVCP100.dll (0000000061A30000), size: 622592 (result: 0), SymType: '-deferred-', PDB: '', fileVersion: 10.0.40219.325
C:\Program Files\Unity\Hub\Editor\2022.3.24f1\Editor\embree.dll:embree.dll (00007FFB0AFA0000), size: 16711680 (result: 0), SymType: '-deferred-', PDB: '', fileVersion: 2.14.0.0
C:\WINDOWS\SYSTEM32\cfgmgr32.DLL:cfgmgr32.DLL (00007FFB70280000), size: 356352 (result: 0), SymType: '-deferred-', PDB: '', fileVersion: 10.0.26100.3912
C:\WINDOWS\SYSTEM32\MSVCR100.dll:MSVCR100.dll (0000000061950000), size: 860160 (result: 0), SymType: '-deferred-', PDB: '', fileVersion: 10.0.40219.325
C:\Program Files\Unity\Hub\Editor\2022.3.24f1\Editor\tbb.dll:tbb.dll (00007FFB30880000), size: 413696 (result: 0), SymType: '-deferred-', PDB: '', fileVersion: 2017.0.2016.1004
C:\WINDOWS\SYSTEM32\MSWSOCK.DLL:MSWSOCK.DLL (00007FFB6FA60000), size: 434176 (result: 0), SymType: '-deferred-', PDB: '', fileVersion: 10.0.26100.4061
C:\WINDOWS\SYSTEM32\MSVCP120.dll:MSVCP120.dll (00007FFB300B0000), size: 679936 (result: 0), SymType: '-deferred-', PDB: '', fileVersion: 12.0.40664.0
C:\WINDOWS\SYSTEM32\MSVCR120.dll:MSVCR120.dll (00007FFB10970000), size: 978944 (result: 0), SymType: '-deferred-', PDB: '', fileVersion: 12.0.40664.0
C:\Program Files\Unity\Hub\Editor\2022.3.24f1\Editor\OpenRL_pthread.dll:OpenRL_pthread.dll (000002110C190000), size: 61440 (result: 0), SymType: '-deferred-', PDB: '', fileVersion: 2.9.0.0
C:\WINDOWS\SYSTEM32\MSASN1.dll:MSASN1.dll (00007FFB6FD70000), size: 77824 (result: 0), SymType: '-deferred-', PDB: '', fileVersion: 10.0.26100.4061
C:\WINDOWS\System32\bcryptprimitives.dll:bcryptprimitives.dll (00007FFB70E10000), size: 626688 (result: 0), SymType: '-deferred-', PDB: '', fileVersion: 10.0.26100.4061
C:\WINDOWS\SYSTEM32\kernel.appcore.dll:kernel.appcore.dll (00007FFB6F4F0000), size: 106496 (result: 0), SymType: '-deferred-', PDB: '', fileVersion: 10.0.26100.3912
C:\WINDOWS\system32\uxtheme.dll:uxtheme.dll (00007FFB6AC70000), size: 716800 (result: 0), SymType: '-deferred-', PDB: '', fileVersion: 10.0.26100.3912
C:\WINDOWS\SYSTEM32\windows.storage.dll:windows.storage.dll (00007FFB6E290000), size: 8740864 (result: 0), SymType: '-deferred-', PDB: '', fileVersion: 10.0.26100.4061
C:\WINDOWS\System32\SHCORE.dll:SHCORE.dll (00007FFB72D60000), size: 978944 (result: 0), SymType: '-deferred-', PDB: '', fileVersion: 10.0.26100.4061
C:\WINDOWS\SYSTEM32\profapi.dll:profapi.dll (00007FFB70520000), size: 192512 (result: 0), SymType: '-deferred-', PDB: '', fileVersion: 10.0.26100.3912
C:\WINDOWS\system32\IconCodecService.dll:IconCodecService.dll (00007FFB676D0000), size: 45056 (result: 0), SymType: '-deferred-', PDB: '', fileVersion: 10.0.26100.1
C:\WINDOWS\SYSTEM32\WindowsCodecs.dll:WindowsCodecs.dll (00007FFB69080000), size: 2334720 (result: 0), SymType: '-deferred-', PDB: '', fileVersion: 10.0.26100.3912
C:\WINDOWS\System32\clbcatq.dll:clbcatq.dll (00007FFB71240000), size: 688128 (result: 0), SymType: '-deferred-', PDB: '', fileVersion: 2001.12.10941.16384
C:\WINDOWS\System32\netprofm.dll:netprofm.dll (00007FFB68290000), size: 413696 (result: 0), SymType: '-deferred-', PDB: '', fileVersion: 10.0.26100.2454
C:\WINDOWS\System32\NSI.dll:NSI.dll (00007FFB72BA0000), size: 40960 (result: 0), SymType: '-deferred-', PDB: '', fileVersion: 10.0.26100.4061
C:\WINDOWS\System32\npmproxy.dll:npmproxy.dll (00007FFB5F6F0000), size: 102400 (result: 0), SymType: '-deferred-', PDB: '', fileVersion: 10.0.26100.1150
C:\WINDOWS\SYSTEM32\dhcpcsvc6.DLL:dhcpcsvc6.DLL (00007FFB656D0000), size: 126976 (result: 0), SymType: '-deferred-', PDB: '', fileVersion: 10.0.26100.4061
C:\WINDOWS\SYSTEM32\dhcpcsvc.DLL:dhcpcsvc.DLL (00007FFB656A0000), size: 151552 (result: 0), SymType: '-deferred-', PDB: '', fileVersion: 10.0.26100.4061
C:\WINDOWS\SYSTEM32\DNSAPI.dll:DNSAPI.dll (00007FFB6EEE0000), size: 1208320 (result: 0), SymType: '-deferred-', PDB: '', fileVersion: 10.0.26100.3912
C:\WINDOWS\system32\napinsp.dll:napinsp.dll (00007FFB55E00000), size: 98304 (result: 0), SymType: '-deferred-', PDB: '', fileVersion: 10.0.26100.1150
C:\WINDOWS\System32\winrnr.dll:winrnr.dll (00007FFB55DE0000), size: 73728 (result: 0), SymType: '-deferred-', PDB: '', fileVersion: 10.0.26100.1882
C:\WINDOWS\system32\nlansp_c.dll:nlansp_c.dll (00007FFB55DA0000), size: 196608 (result: 0), SymType: '-deferred-', PDB: '', fileVersion: 10.0.26100.4061
C:\WINDOWS\system32\wshbth.dll:wshbth.dll (00007FFB389A0000), size: 131072 (result: 0), SymType: '-deferred-', PDB: '', fileVersion: 10.0.26100.4061
C:\WINDOWS\System32\fwpuclnt.dll:fwpuclnt.dll (00007FFB5F770000), size: 548864 (result: 0), SymType: '-deferred-', PDB: '', fileVersion: 10.0.26100.3912
C:\Windows\System32\rasadhlp.dll:rasadhlp.dll (00007FFB5ED30000), size: 45056 (result: 0), SymType: '-deferred-', PDB: '', fileVersion: 10.0.26100.1150
C:\Program Files\Unity\Hub\Editor\2022.3.24f1\Editor\NVUnityPlugin.DLL:NVUnityPlugin.DLL (00007FFB103F0000), size: 1519616 (result: 0), SymType: '-deferred-', PDB: ''
C:\Program Files\Unity\Hub\Editor\2022.3.24f1\Editor\Data\Tools\astcenc-avx2.dll:astcenc-avx2.dll (00007FFB307F0000), size: 540672 (result: 0), SymType: '-deferred-', PDB: ''
C:\WINDOWS\System32\MMDevApi.dll:MMDevApi.dll (00007FFB5E350000), size: 630784 (result: 0), SymType: '-deferred-', PDB: '', fileVersion: 10.0.26100.3912
C:\WINDOWS\System32\DEVOBJ.dll:DEVOBJ.dll (00007FFB70250000), size: 184320 (result: 0), SymType: '-deferred-', PDB: '', fileVersion: 10.0.26100.1150
C:\WINDOWS\SYSTEM32\d3d11.dll:d3d11.dll (00007FFB69BD0000), size: 2514944 (result: 0), SymType: '-deferred-', PDB: '', fileVersion: 10.0.26100.3912
C:\WINDOWS\SYSTEM32\dxgi.dll:dxgi.dll (00007FFB6D570000), size: 1257472 (result: 0), SymType: '-deferred-', PDB: '', fileVersion: 10.0.26100.4061
C:\WINDOWS\SYSTEM32\directxdatabasehelper.dll:directxdatabasehelper.dll (00007FFB6D360000), size: 393216 (result: 0), SymType: '-deferred-', PDB: '', fileVersion: 10.0.26100.3912
C:\WINDOWS\System32\DriverStore\FileRepository\nvcvi.inf_amd64_c20417feb6eae324\nvldumdx.dll:nvldumdx.dll (00007FFB11BA0000), size: 794624 (result: 0), SymType: '-deferred-', PDB: '', fileVersion: 32.0.15.7602
C:\WINDOWS\SYSTEM32\cryptnet.dll:cryptnet.dll (00007FFB5F6A0000), size: 241664 (result: 0), SymType: '-deferred-', PDB: '', fileVersion: 10.0.26100.3624
C:\WINDOWS\SYSTEM32\cryptbase.dll:cryptbase.dll (00007FFB6FD20000), size: 49152 (result: 0), SymType: '-deferred-', PDB: '', fileVersion: 10.0.26100.4061
C:\WINDOWS\SYSTEM32\wldp.dll:wldp.dll (00007FFB6FDE0000), size: 380928 (result: 0), SymType: '-deferred-', PDB: '', fileVersion: 10.0.26100.3912
C:\WINDOWS\SYSTEM32\drvstore.dll:drvstore.dll (00007FFB5F520000), size: 1556480 (result: 0), SymType: '-deferred-', PDB: '', fileVersion: 10.0.26100.3912
C:\WINDOWS\System32\imagehlp.dll:imagehlp.dll (00007FFB72FC0000), size: 131072 (result: 0), SymType: '-deferred-', PDB: '', fileVersion: 10.0.26100.1150
C:\WINDOWS\SYSTEM32\CRYPTSP.dll:CRYPTSP.dll (00007FFB6FD00000), size: 114688 (result: 0), SymType: '-deferred-', PDB: '', fileVersion: 10.0.26100.4061
C:\WINDOWS\system32\rsaenh.dll:rsaenh.dll (00007FFB6F450000), size: 237568 (result: 0), SymType: '-deferred-', PDB: '', fileVersion: 10.0.26100.3912
C:\WINDOWS\System32\DriverStore\FileRepository\nvcvi.inf_amd64_c20417feb6eae324\nvgpucomp64.dll:nvgpucomp64.dll (00007FFAF1D90000), size: 61538304 (result: 0), SymType: '-deferred-', PDB: '', fileVersion: 32.0.15.7602
C:\WINDOWS\System32\DriverStore\FileRepository\nvcvi.inf_amd64_c20417feb6eae324\Display.NvContainer\NvMessageBus.dll:NvMessageBus.dll (00007FFB58780000), size: 3551232 (result: 0), SymType: '-deferred-', PDB: '', fileVersion: 3.15.3538.9611
C:\WINDOWS\System32\DriverStore\FileRepository\nvcvi.inf_amd64_c20417feb6eae324\NvMemMapStoragex.dll:NvMemMapStoragex.dll (00007FFB10310000), size: 888832 (result: 0), SymType: '-deferred-', PDB: ''
C:\WINDOWS\SYSTEM32\POWRPROF.dll:POWRPROF.dll (00007FFB6F240000), size: 385024 (result: 0), SymType: '-deferred-', PDB: '', fileVersion: 10.0.26100.3912
C:\WINDOWS\SYSTEM32\UMPDC.dll:UMPDC.dll (00007FFB6F220000), size: 81920 (result: 0), SymType: '-deferred-', PDB: '', fileVersion: 10.0.26100.1301
C:\WINDOWS\System32\DriverStore\FileRepository\nvcvi.inf_amd64_c20417feb6eae324\nvwgf2umx.dll:nvwgf2umx.dll (00007FFAB6A40000), size: 88805376 (result: 0), SymType: '-deferred-', PDB: '', fileVersion: 32.0.15.7602
C:\WINDOWS\system32\nvspcap64.dll:nvspcap64.dll (00007FFB12290000), size: 3170304 (result: 0), SymType: '-deferred-', PDB: '', fileVersion: 11.0.3.232
C:\WINDOWS\SYSTEM32\ntmarta.dll:ntmarta.dll (00007FFB6F610000), size: 217088 (result: 0), SymType: '-deferred-', PDB: '', fileVersion: 10.0.26100.1150
C:\WINDOWS\System32\DriverStore\FileRepository\nvcvi.inf_amd64_c20417feb6eae324\nvppex.dll:nvppex.dll (00007FFB120D0000), size: 1785856 (result: 0), SymType: '-deferred-', PDB: '', fileVersion: 32.0.15.7602
C:\WINDOWS\system32\wbem\wbemprox.dll:wbemprox.dll (00007FFB57150000), size: 73728 (result: 0), SymType: '-deferred-', PDB: '', fileVersion: 10.0.26100.1000
C:\WINDOWS\SYSTEM32\wbemcomn.dll:wbemcomn.dll (00007FFB570D0000), size: 499712 (result: 0), SymType: '-deferred-', PDB: '', fileVersion: 10.0.26100.1150
C:\WINDOWS\system32\wbem\wbemsvc.dll:wbemsvc.dll (00007FFB56040000), size: 86016 (result: 0), SymType: '-deferred-', PDB: '', fileVersion: 10.0.26100.1000
C:\WINDOWS\system32\wbem\fastprox.dll:fastprox.dll (00007FFB56120000), size: 983040 (result: 0), SymType: '-deferred-', PDB: '', fileVersion: 10.0.26100.3624
C:\WINDOWS\SYSTEM32\amsi.dll:amsi.dll (00007FFB4AE60000), size: 118784 (result: 0), SymType: '-deferred-', PDB: '', fileVersion: 10.0.26100.1150
C:\WINDOWS\SYSTEM32\USERENV.dll:USERENV.dll (00007FFB6FB00000), size: 176128 (result: 0), SymType: '-deferred-', PDB: '', fileVersion: 10.0.26100.2454
C:\ProgramData\Microsoft\Windows Defender\Platform\4.18.25040.2-0\MpOav.dll:MpOav.dll (00007FFB46920000), size: 634880 (result: 0), SymType: '-deferred-', PDB: '', fileVersion: 4.18.25040.2
C:\Program Files\Unity\Hub\Editor\2022.3.24f1\Editor\cudart64_90.dll:cudart64_90.dll (00007FFB306F0000), size: 397312 (result: 0), SymType: '-deferred-', PDB: '', fileVersion: 6.14.11.9000
C:\WINDOWS\SYSTEM32\opencl.dll:opencl.dll (00007FFB2C980000), size: 483328 (result: 0), SymType: '-deferred-', PDB: '', fileVersion: 3.0.6.0
C:\Program Files\Unity\Hub\Editor\2022.3.24f1\Editor\radeonrays.dll:radeonrays.dll (00007FFB29010000), size: 557056 (result: 0), SymType: '-deferred-', PDB: ''
C:\Program Files\Unity\Hub\Editor\2022.3.24f1\Editor\Data\MonoBleedingEdge\EmbedRuntime\mono-2.0-bdwgc.dll:mono-2.0-bdwgc.dll (00007FFB0A540000), size: 10825728 (result: 0), SymType: '-deferred-', PDB: ''
C:\WINDOWS\SYSTEM32\PROPSYS.dll:PROPSYS.dll (00007FFB68520000), size: 1032192 (result: 0), SymType: '-deferred-', PDB: '', fileVersion: 7.0.26100.3912
C:\Windows\System32\Windows.FileExplorer.Common.dll:Windows.FileExplorer.Common.dll (00007FFB42210000), size: 782336 (result: 0), SymType: '-deferred-', PDB: '', fileVersion: 10.0.26100.4061
C:\WINDOWS\SYSTEM32\edputil.dll:edputil.dll (00007FFB40F00000), size: 167936 (result: 0), SymType: '-deferred-', PDB: '', fileVersion: 10.0.26100.3037
C:\Windows\System32\Windows.StateRepositoryPS.dll:Windows.StateRepositoryPS.dll (00007FFB42B20000), size: 802816 (result: 0), SymType: '-deferred-', PDB: '', fileVersion: 10.0.26100.1882
C:\WINDOWS\SYSTEM32\urlmon.dll:urlmon.dll (00007FFB53620000), size: 1949696 (result: 0), SymType: '-deferred-', PDB: '', fileVersion: 11.0.26100.4061
C:\WINDOWS\SYSTEM32\iertutil.dll:iertutil.dll (00007FFB51C10000), size: 2924544 (result: 0), SymType: '-deferred-', PDB: '', fileVersion: 11.0.26100.4061
C:\WINDOWS\SYSTEM32\srvcli.dll:srvcli.dll (00007FFB51B80000), size: 167936 (result: 0), SymType: '-deferred-', PDB: '', fileVersion: 10.0.26100.1150
C:\WINDOWS\SYSTEM32\netutils.dll:netutils.dll (00007FFB6EE10000), size: 53248 (result: 0), SymType: '-deferred-', PDB: '', fileVersion: 10.0.26100.1882
C:\Windows\System32\cldapi.dll:cldapi.dll (00007FFB40F30000), size: 188416 (result: 0), SymType: '-deferred-', PDB: '', fileVersion: 10.0.26100.1882
C:\WINDOWS\SYSTEM32\virtdisk.dll:virtdisk.dll (00007FFB38360000), size: 94208 (result: 0), SymType: '-deferred-', PDB: '', fileVersion: 10.0.26100.1591
C:\WINDOWS\SYSTEM32\dbghelp.dll:dbghelp.dll (00007FFB6DDB0000), size: 2363392 (result: 0), SymType: '-deferred-', PDB: '', fileVersion: 10.0.26100.3037

========== OUTPUTTING STACK TRACE ==================

0x00007FFB70999F0A (KERNELBASE) RaiseException
0x00007FF72F24B640 (Unity) EditorMonoConsole::LogToConsoleImplementation
0x00007FF72F24C0BD (Unity) EditorMonoConsole::LogToConsoleImplementation
0x00007FF72FF04AAF (Unity) DebugStringToFilePostprocessedStacktrace
0x00007FF72FF0420A (Unity) DebugStringToFile
0x00007FF72F6EEFAF (Unity) LoadDomainAndUserAssemblies
0x00007FF72F6EF4B4 (Unity) LoadUserAssemblies
0x00007FF72FBF0D25 (Unity) <lambda_b37b41f03089e3cb3f55061bbc93253d>::operator()
0x00007FF72FC2B0B2 (Unity) asio::detail::completion_handler<core::mutable_function<void __cdecl(void)>,asio::io_context::basic_executor_type<std::allocator<void>,0> >::do_complete
0x00007FF72FC1705E (Unity) asio::detail::win_iocp_io_context::do_one
0x00007FF72FC18CC4 (Unity) asio::detail::win_iocp_io_context::run
0x00007FF72FC2945C (Unity) IOService::Run
0x00007FF72FBFCFBF (Unity) AssetImportWorkerClient::Run
0x00007FF72FBC7EA7 (Unity) RunAssetImportWorkerClientV2
0x00007FF72FBC7F2B (Unity) RunAssetImporterV2
0x00007FF72F3C82B1 (Unity) Application::InitializeProject
0x00007FF72F854525 (Unity) WinMain
0x00007FF730C3737E (Unity) __scrt_common_main_seh
0x00007FFB72E8E8D7 (KERNEL32) BaseThreadInitThunk
0x00007FFB7351C5DC (ntdll) RtlUserThreadStart

========== END OF STACKTRACE ===========

A crash has been intercepted by the crash handler. For call stack and other details, see the latest crash report generated in:
 * C:/Users/Wynn/AppData/Local/Temp/Unity/Editor/Crashes
