{"cameraMode":{"drawMode":0,"name":"Shaded","section":"Shading Mode"},"sceneLighting":true,"audioPlay":false,"sceneViewState":{"m_AlwaysRefresh":false,"showFog":true,"showSkybox":true,"showFlares":true,"showImageEffects":true,"showParticleSystems":true,"showVisualEffectGraphs":true,"m_FxEnabled":true},"in2DMode":false,"pivot":{"x":0.3379879295825958,"y":-7.552649974822998,"z":21.113311767578126},"rotation":{"x":-0.18964742124080659,"y":-0.00824879202991724,"z":0.0015934576513245702,"w":-0.9818207025527954},"size":12.12435531616211,"orthographic":false}